po_id,creation_time,item_id,quantity,vendor_id,supplier_code,co_ords
PO1,2018-06-10,item1,100,VO1,SC1,C1
PO2,2018-06-10,item2,100,VO2,SC2,C2
PO3,2018-06-10,item3,100,VO3,SC3,C3
PO4,2018-06-10,item4,100,VO4,SC4,C4
PO5,2018-06-10,item5,100,VO5,SC5,C5
PO6,2018-06-10,item6,100,VO6,SC6,C6
PO7,2018-06-10,item7,100,VO7,SC7,C7
PO8,2018-06-10,item8,100,VO8,SC8,C8
PO9,2018-06-10,item9,100,VO9,SC9,C9
PO10,2018-06-10,item10,100,VO10,SC10,C10
PO11,2018-06-10,item11,100,VO11,SC11,C11
PO12,2018-06-10,item12,100,VO12,SC12,C12
PO13,2018-06-10,item13,100,VO13,SC13,C13
PO14,2018-06-10,item14,100,VO14,SC14,C14
PO15,2018-06-10,item15,100,VO15,SC15,C15
PO16,2018-06-10,item16,100,VO16,SC16,C16
PO17,2018-06-10,item17,100,VO17,SC17,C17
PO18,2018-06-10,item18,100,VO18,SC18,C18
PO19,2018-06-10,item19,100,VO19,SC19,C19
PO20,2018-06-10,item20,100,VO20,SC20,C20
PO21,2018-06-10,item21,100,VO21,SC21,C21
PO22,2018-06-10,item22,100,VO22,SC22,C22
PO23,2018-06-10,item23,100,VO23,SC23,C23
PO24,2018-06-10,item24,100,VO24,SC24,C24
PO25,2018-06-10,item25,100,VO25,SC25,C25
PO26,2018-06-10,item26,100,VO26,SC26,C26
PO27,2018-06-10,item27,100,VO27,SC27,C27
PO28,2018-06-10,item28,100,VO28,SC28,C28
PO29,2018-06-10,item29,100,VO29,SC29,C29
PO30,2018-06-10,item30,100,VO30,SC30,C30
PO31,2018-06-10,item31,100,VO31,SC31,C31
PO32,2018-06-10,item32,100,VO32,SC32,C32
PO33,2018-06-10,item33,100,VO33,SC33,C33
PO34,2018-06-10,item34,100,VO34,SC34,C34
PO35,2018-06-10,item35,100,VO35,SC35,C35
PO36,2018-06-10,item36,100,VO36,SC36,C36
PO37,2018-06-10,item37,100,VO37,SC37,C37
PO38,2018-06-10,item38,100,VO38,SC38,C38
PO39,2018-06-10,item39,100,VO39,SC39,C39
PO40,2018-06-10,item40,100,VO40,SC40,C40
PO41,2018-06-10,item41,100,VO41,SC41,C41
PO42,2018-06-10,item42,100,VO42,SC42,C42
PO43,2018-06-10,item43,100,VO43,SC43,C43
PO44,2018-06-10,item44,100,VO44,SC44,C44
PO45,2018-06-10,item45,100,VO45,SC45,C45
PO46,2018-06-10,item46,100,VO46,SC46,C46
PO47,2018-06-10,item47,100,VO47,SC47,C47
PO48,2018-06-10,item48,100,VO48,SC48,C48
PO49,2018-06-10,item49,100,VO49,SC49,C49
PO50,2018-06-10,item50,100,VO50,SC50,C50
PO51,2018-06-10,item51,100,VO51,SC51,C51
PO52,2018-06-10,item52,100,VO52,SC52,C52
PO53,2018-06-10,item53,100,VO53,SC53,C53
PO54,2018-06-10,item54,100,VO54,SC54,C54
PO55,2018-06-10,item55,100,VO55,SC55,C55
PO56,2018-06-10,item56,100,VO56,SC56,C56
PO57,2018-06-10,item57,100,VO57,SC57,C57
PO58,2018-06-10,item58,100,VO58,SC58,C58
PO59,2018-06-10,item59,100,VO59,SC59,C59
PO60,2018-06-10,item60,100,VO60,SC60,C60
PO61,2018-06-10,item61,100,VO61,SC61,C61
PO62,2018-06-10,item62,100,VO62,SC62,C62
PO63,2018-06-10,item63,100,VO63,SC63,C63
PO64,2018-06-10,item64,100,VO64,SC64,C64
PO65,2018-06-10,item65,100,VO65,SC65,C65
PO66,2018-06-10,item66,100,VO66,SC66,C66
PO67,2018-06-10,item67,100,VO67,SC67,C67
PO68,2018-06-10,item68,100,VO68,SC68,C68
PO69,2018-06-10,item69,100,VO69,SC69,C69
PO70,2018-06-10,item70,100,VO70,SC70,C70
PO71,2018-06-10,item71,100,VO71,SC71,C71
PO72,2018-06-10,item72,100,VO72,SC72,C72
PO73,2018-06-10,item73,100,VO73,SC73,C73
PO74,2018-06-10,item74,100,VO74,SC74,C74
PO75,2018-06-10,item75,100,VO75,SC75,C75
PO76,2018-06-10,item76,100,VO76,SC76,C76
PO77,2018-06-10,item77,100,VO77,SC77,C77
PO78,2018-06-10,item78,100,VO78,SC78,C78
PO79,2018-06-10,item79,100,VO79,SC79,C79
PO80,2018-06-10,item80,100,VO80,SC80,C80
PO81,2018-06-10,item81,100,VO81,SC81,C81
PO82,2018-06-10,item82,100,VO82,SC82,C82
PO83,2018-06-10,item83,100,VO83,SC83,C83
PO84,2018-06-10,item84,100,VO84,SC84,C84
PO85,2018-06-10,item85,100,VO85,SC85,C85
PO86,2018-06-10,item86,100,VO86,SC86,C86
PO87,2018-06-10,item87,100,VO87,SC87,C87
PO88,2018-06-10,item88,100,VO88,SC88,C88
PO89,2018-06-10,item89,100,VO89,SC89,C89
PO90,2018-06-10,item90,100,VO90,SC90,C90
PO91,2018-06-10,item91,100,VO91,SC91,C91
PO92,2018-06-10,item92,100,VO92,SC92,C92
PO93,2018-06-10,item93,100,VO93,SC93,C93
PO94,2018-06-10,item94,100,VO94,SC94,C94
PO95,2018-06-10,item95,100,VO95,SC95,C95
PO96,2018-06-10,item96,100,VO96,SC96,C96
PO97,2018-06-10,item97,100,VO97,SC97,C97
PO98,2018-06-10,item98,100,VO98,SC98,C98
PO99,2018-06-10,item99,100,VO99,SC99,C99
PO100,2018-06-10,item100,100,VO100,SC100,C100
PO101,2018-06-10,item101,100,VO101,SC101,C101
PO102,2018-06-10,item102,100,VO102,SC102,C102
PO103,2018-06-10,item103,100,VO103,SC103,C103
PO104,2018-06-10,item104,100,VO104,SC104,C104
PO105,2018-06-10,item105,100,VO105,SC105,C105
PO106,2018-06-10,item106,100,VO106,SC106,C106
PO107,2018-06-10,item107,100,VO107,SC107,C107
PO108,2018-06-10,item108,100,VO108,SC108,C108
PO109,2018-06-10,item109,100,VO109,SC109,C109
PO110,2018-06-10,item110,100,VO110,SC110,C110
PO111,2018-06-10,item111,100,VO111,SC111,C111
PO112,2018-06-10,item112,100,VO112,SC112,C112
PO113,2018-06-10,item113,100,VO113,SC113,C113
PO114,2018-06-10,item114,100,VO114,SC114,C114
PO115,2018-06-10,item115,100,VO115,SC115,C115
PO116,2018-06-10,item116,100,VO116,SC116,C116
PO117,2018-06-10,item117,100,VO117,SC117,C117
PO118,2018-06-10,item118,100,VO118,SC118,C118
PO119,2018-06-10,item119,100,VO119,SC119,C119
PO120,2018-06-10,item120,100,VO120,SC120,C120
PO121,2018-06-10,item121,100,VO121,SC121,C121
PO122,2018-06-10,item122,100,VO122,SC122,C122
PO123,2018-06-10,item123,100,VO123,SC123,C123
PO124,2018-06-10,item124,100,VO124,SC124,C124
PO125,2018-06-10,item125,100,VO125,SC125,C125
PO126,2018-06-10,item126,100,VO126,SC126,C126
PO127,2018-06-10,item127,100,VO127,SC127,C127
PO128,2018-06-10,item128,100,VO128,SC128,C128
PO129,2018-06-10,item129,100,VO129,SC129,C129
PO130,2018-06-10,item130,100,VO130,SC130,C130
PO131,2018-06-10,item131,100,VO131,SC131,C131
PO132,2018-06-10,item132,100,VO132,SC132,C132
PO133,2018-06-10,item133,100,VO133,SC133,C133
PO134,2018-06-10,item134,100,VO134,SC134,C134
PO135,2018-06-10,item135,100,VO135,SC135,C135
PO136,2018-06-10,item136,100,VO136,SC136,C136
PO137,2018-06-10,item137,100,VO137,SC137,C137
PO138,2018-06-10,item138,100,VO138,SC138,C138
PO139,2018-06-10,item139,100,VO139,SC139,C139
PO140,2018-06-10,item140,100,VO140,SC140,C140
PO141,2018-06-10,item141,100,VO141,SC141,C141
PO142,2018-06-10,item142,100,VO142,SC142,C142
PO143,2018-06-10,item143,100,VO143,SC143,C143
PO144,2018-06-10,item144,100,VO144,SC144,C144
PO145,2018-06-10,item145,100,VO145,SC145,C145
PO146,2018-06-10,item146,100,VO146,SC146,C146
PO147,2018-06-10,item147,100,VO147,SC147,C147
PO148,2018-06-10,item148,100,VO148,SC148,C148
PO149,2018-06-10,item149,100,VO149,SC149,C149
PO150,2018-06-10,item150,100,VO150,SC150,C150
PO151,2018-06-10,item151,100,VO151,SC151,C151
PO152,2018-06-10,item152,100,VO152,SC152,C152
PO153,2018-06-10,item153,100,VO153,SC153,C153
PO154,2018-06-10,item154,100,VO154,SC154,C154
PO155,2018-06-10,item155,100,VO155,SC155,C155
PO156,2018-06-10,item156,100,VO156,SC156,C156
PO157,2018-06-10,item157,100,VO157,SC157,C157
PO158,2018-06-10,item158,100,VO158,SC158,C158
PO159,2018-06-10,item159,100,VO159,SC159,C159
PO160,2018-06-10,item160,100,VO160,SC160,C160
PO161,2018-06-10,item161,100,VO161,SC161,C161
PO162,2018-06-10,item162,100,VO162,SC162,C162
PO163,2018-06-10,item163,100,VO163,SC163,C163
PO164,2018-06-10,item164,100,VO164,SC164,C164
PO165,2018-06-10,item165,100,VO165,SC165,C165
PO166,2018-06-10,item166,100,VO166,SC166,C166
PO167,2018-06-10,item167,100,VO167,SC167,C167
PO168,2018-06-10,item168,100,VO168,SC168,C168
PO169,2018-06-10,item169,100,VO169,SC169,C169
PO170,2018-06-10,item170,100,VO170,SC170,C170
PO171,2018-06-10,item171,100,VO171,SC171,C171
PO172,2018-06-10,item172,100,VO172,SC172,C172
PO173,2018-06-10,item173,100,VO173,SC173,C173
PO174,2018-06-10,item174,100,VO174,SC174,C174
PO175,2018-06-10,item175,100,VO175,SC175,C175
PO176,2018-06-10,item176,100,VO176,SC176,C176
PO177,2018-06-10,item177,100,VO177,SC177,C177
PO178,2018-06-10,item178,100,VO178,SC178,C178
PO179,2018-06-10,item179,100,VO179,SC179,C179
PO180,2018-06-10,item180,100,VO180,SC180,C180
PO181,2018-06-10,item181,100,VO181,SC181,C181
PO182,2018-06-10,item182,100,VO182,SC182,C182
PO183,2018-06-10,item183,100,VO183,SC183,C183
PO184,2018-06-10,item184,100,VO184,SC184,C184
PO185,2018-06-10,item185,100,VO185,SC185,C185
PO186,2018-06-10,item186,100,VO186,SC186,C186
PO187,2018-06-10,item187,100,VO187,SC187,C187
PO188,2018-06-10,item188,100,VO188,SC188,C188
PO189,2018-06-10,item189,100,VO189,SC189,C189
PO190,2018-06-10,item190,100,VO190,SC190,C190
PO191,2018-06-10,item191,100,VO191,SC191,C191
PO192,2018-06-10,item192,100,VO192,SC192,C192
PO193,2018-06-10,item193,100,VO193,SC193,C193
PO194,2018-06-10,item194,100,VO194,SC194,C194
PO195,2018-06-10,item195,100,VO195,SC195,C195
PO196,2018-06-10,item196,100,VO196,SC196,C196
PO197,2018-06-10,item197,100,VO197,SC197,C197
PO198,2018-06-10,item198,100,VO198,SC198,C198
PO199,2018-06-10,item199,100,VO199,SC199,C199
PO200,2018-06-10,item200,100,VO200,SC200,C200
PO201,2018-06-10,item201,100,VO201,SC201,C201
PO202,2018-06-10,item202,100,VO202,SC202,C202
PO203,2018-06-10,item203,100,VO203,SC203,C203
PO204,2018-06-10,item204,100,VO204,SC204,C204
PO205,2018-06-10,item205,100,VO205,SC205,C205
PO206,2018-06-10,item206,100,VO206,SC206,C206
PO207,2018-06-10,item207,100,VO207,SC207,C207
PO208,2018-06-10,item208,100,VO208,SC208,C208
PO209,2018-06-10,item209,100,VO209,SC209,C209
PO210,2018-06-10,item210,100,VO210,SC210,C210
PO211,2018-06-10,item211,100,VO211,SC211,C211
PO212,2018-06-10,item212,100,VO212,SC212,C212
PO213,2018-06-10,item213,100,VO213,SC213,C213
PO214,2018-06-10,item214,100,VO214,SC214,C214
PO215,2018-06-10,item215,100,VO215,SC215,C215
PO216,2018-06-10,item216,100,VO216,SC216,C216
PO217,2018-06-10,item217,100,VO217,SC217,C217
PO218,2018-06-10,item218,100,VO218,SC218,C218
PO219,2018-06-10,item219,100,VO219,SC219,C219
PO220,2018-06-10,item220,100,VO220,SC220,C220
PO221,2018-06-10,item221,100,VO221,SC221,C221
PO222,2018-06-10,item222,100,VO222,SC222,C222
PO223,2018-06-10,item223,100,VO223,SC223,C223
PO224,2018-06-10,item224,100,VO224,SC224,C224
PO225,2018-06-10,item225,100,VO225,SC225,C225
PO226,2018-06-10,item226,100,VO226,SC226,C226
PO227,2018-06-10,item227,100,VO227,SC227,C227
PO228,2018-06-10,item228,100,VO228,SC228,C228
PO229,2018-06-10,item229,100,VO229,SC229,C229
PO230,2018-06-10,item230,100,VO230,SC230,C230
PO231,2018-06-10,item231,100,VO231,SC231,C231
PO232,2018-06-10,item232,100,VO232,SC232,C232
PO233,2018-06-10,item233,100,VO233,SC233,C233
PO234,2018-06-10,item234,100,VO234,SC234,C234
PO235,2018-06-10,item235,100,VO235,SC235,C235
PO236,2018-06-10,item236,100,VO236,SC236,C236
PO237,2018-06-10,item237,100,VO237,SC237,C237
PO238,2018-06-10,item238,100,VO238,SC238,C238
PO239,2018-06-10,item239,100,VO239,SC239,C239
PO240,2018-06-10,item240,100,VO240,SC240,C240
PO241,2018-06-10,item241,100,VO241,SC241,C241
PO242,2018-06-10,item242,100,VO242,SC242,C242
PO243,2018-06-10,item243,100,VO243,SC243,C243
PO244,2018-06-10,item244,100,VO244,SC244,C244
PO245,2018-06-10,item245,100,VO245,SC245,C245
PO246,2018-06-10,item246,100,VO246,SC246,C246
PO247,2018-06-10,item247,100,VO247,SC247,C247
PO248,2018-06-10,item248,100,VO248,SC248,C248
PO249,2018-06-10,item249,100,VO249,SC249,C249
PO250,2018-06-10,item250,100,VO250,SC250,C250
PO251,2018-06-10,item251,100,VO251,SC251,C251
PO252,2018-06-10,item252,100,VO252,SC252,C252
PO253,2018-06-10,item253,100,VO253,SC253,C253
PO254,2018-06-10,item254,100,VO254,SC254,C254
PO255,2018-06-10,item255,100,VO255,SC255,C255
PO256,2018-06-10,item256,100,VO256,SC256,C256
PO257,2018-06-10,item257,100,VO257,SC257,C257
PO258,2018-06-10,item258,100,VO258,SC258,C258
PO259,2018-06-10,item259,100,VO259,SC259,C259
PO260,2018-06-10,item260,100,VO260,SC260,C260
PO261,2018-06-10,item261,100,VO261,SC261,C261
PO262,2018-06-10,item262,100,VO262,SC262,C262
PO263,2018-06-10,item263,100,VO263,SC263,C263
PO264,2018-06-10,item264,100,VO264,SC264,C264
PO265,2018-06-10,item265,100,VO265,SC265,C265
PO266,2018-06-10,item266,100,VO266,SC266,C266
PO267,2018-06-10,item267,100,VO267,SC267,C267
PO268,2018-06-10,item268,100,VO268,SC268,C268
PO269,2018-06-10,item269,100,VO269,SC269,C269
PO270,2018-06-10,item270,100,VO270,SC270,C270
PO271,2018-06-10,item271,100,VO271,SC271,C271
PO272,2018-06-10,item272,100,VO272,SC272,C272
PO273,2018-06-10,item273,100,VO273,SC273,C273
PO274,2018-06-10,item274,100,VO274,SC274,C274
PO275,2018-06-10,item275,100,VO275,SC275,C275
PO276,2018-06-10,item276,100,VO276,SC276,C276
PO277,2018-06-10,item277,100,VO277,SC277,C277
PO278,2018-06-10,item278,100,VO278,SC278,C278
PO279,2018-06-10,item279,100,VO279,SC279,C279
PO280,2018-06-10,item280,100,VO280,SC280,C280
PO281,2018-06-10,item281,100,VO281,SC281,C281
PO282,2018-06-10,item282,100,VO282,SC282,C282
PO283,2018-06-10,item283,100,VO283,SC283,C283
PO284,2018-06-10,item284,100,VO284,SC284,C284
PO285,2018-06-10,item285,100,VO285,SC285,C285
PO286,2018-06-10,item286,100,VO286,SC286,C286
PO287,2018-06-10,item287,100,VO287,SC287,C287
PO288,2018-06-10,item288,100,VO288,SC288,C288
PO289,2018-06-10,item289,100,VO289,SC289,C289
PO290,2018-06-10,item290,100,VO290,SC290,C290
PO291,2018-06-10,item291,100,VO291,SC291,C291
PO292,2018-06-10,item292,100,VO292,SC292,C292
PO293,2018-06-10,item293,100,VO293,SC293,C293
PO294,2018-06-10,item294,100,VO294,SC294,C294
PO295,2018-06-10,item295,100,VO295,SC295,C295
PO296,2018-06-10,item296,100,VO296,SC296,C296
PO297,2018-06-10,item297,100,VO297,SC297,C297
PO298,2018-06-10,item298,100,VO298,SC298,C298
PO299,2018-06-10,item299,100,VO299,SC299,C299
PO300,2018-06-10,item300,100,VO300,SC300,C300
PO301,2018-06-10,item301,100,VO301,SC301,C301
PO302,2018-06-10,item302,100,VO302,SC302,C302
PO303,2018-06-10,item303,100,VO303,SC303,C303
PO304,2018-06-10,item304,100,VO304,SC304,C304
PO305,2018-06-10,item305,100,VO305,SC305,C305
PO306,2018-06-10,item306,100,VO306,SC306,C306
PO307,2018-06-10,item307,100,VO307,SC307,C307
PO308,2018-06-10,item308,100,VO308,SC308,C308
PO309,2018-06-10,item309,100,VO309,SC309,C309
PO310,2018-06-10,item310,100,VO310,SC310,C310
PO311,2018-06-10,item311,100,VO311,SC311,C311
PO312,2018-06-10,item312,100,VO312,SC312,C312
PO313,2018-06-10,item313,100,VO313,SC313,C313
PO314,2018-06-10,item314,100,VO314,SC314,C314
PO315,2018-06-10,item315,100,VO315,SC315,C315
PO316,2018-06-10,item316,100,VO316,SC316,C316
PO317,2018-06-10,item317,100,VO317,SC317,C317
PO318,2018-06-10,item318,100,VO318,SC318,C318
PO319,2018-06-10,item319,100,VO319,SC319,C319
PO320,2018-06-10,item320,100,VO320,SC320,C320
PO321,2018-06-10,item321,100,VO321,SC321,C321
PO322,2018-06-10,item322,100,VO322,SC322,C322
PO323,2018-06-10,item323,100,VO323,SC323,C323
PO324,2018-06-10,item324,100,VO324,SC324,C324
PO325,2018-06-10,item325,100,VO325,SC325,C325
PO326,2018-06-10,item326,100,VO326,SC326,C326
PO327,2018-06-10,item327,100,VO327,SC327,C327
PO328,2018-06-10,item328,100,VO328,SC328,C328
PO329,2018-06-10,item329,100,VO329,SC329,C329
PO330,2018-06-10,item330,100,VO330,SC330,C330
PO331,2018-06-10,item331,100,VO331,SC331,C331
PO332,2018-06-10,item332,100,VO332,SC332,C332
PO333,2018-06-10,item333,100,VO333,SC333,C333
PO334,2018-06-10,item334,100,VO334,SC334,C334
PO335,2018-06-10,item335,100,VO335,SC335,C335
PO336,2018-06-10,item336,100,VO336,SC336,C336
PO337,2018-06-10,item337,100,VO337,SC337,C337
PO338,2018-06-10,item338,100,VO338,SC338,C338
PO339,2018-06-10,item339,100,VO339,SC339,C339
PO340,2018-06-10,item340,100,VO340,SC340,C340
PO341,2018-06-10,item341,100,VO341,SC341,C341
PO342,2018-06-10,item342,100,VO342,SC342,C342
PO343,2018-06-10,item343,100,VO343,SC343,C343
PO344,2018-06-10,item344,100,VO344,SC344,C344
PO345,2018-06-10,item345,100,VO345,SC345,C345
PO346,2018-06-10,item346,100,VO346,SC346,C346
PO347,2018-06-10,item347,100,VO347,SC347,C347
PO348,2018-06-10,item348,100,VO348,SC348,C348
PO349,2018-06-10,item349,100,VO349,SC349,C349
PO350,2018-06-10,item350,100,VO350,SC350,C350
PO351,2018-06-10,item351,100,VO351,SC351,C351
PO352,2018-06-10,item352,100,VO352,SC352,C352
PO353,2018-06-10,item353,100,VO353,SC353,C353
PO354,2018-06-10,item354,100,VO354,SC354,C354
PO355,2018-06-10,item355,100,VO355,SC355,C355
PO356,2018-06-10,item356,100,VO356,SC356,C356
PO357,2018-06-10,item357,100,VO357,SC357,C357
PO358,2018-06-10,item358,100,VO358,SC358,C358
PO359,2018-06-10,item359,100,VO359,SC359,C359
PO360,2018-06-10,item360,100,VO360,SC360,C360
PO361,2018-06-10,item361,100,VO361,SC361,C361
PO362,2018-06-10,item362,100,VO362,SC362,C362
PO363,2018-06-10,item363,100,VO363,SC363,C363
PO364,2018-06-10,item364,100,VO364,SC364,C364
PO365,2018-06-10,item365,100,VO365,SC365,C365
PO366,2018-06-10,item366,100,VO366,SC366,C366
PO367,2018-06-10,item367,100,VO367,SC367,C367
PO368,2018-06-10,item368,100,VO368,SC368,C368
PO369,2018-06-10,item369,100,VO369,SC369,C369
PO370,2018-06-10,item370,100,VO370,SC370,C370
PO371,2018-06-10,item371,100,VO371,SC371,C371
PO372,2018-06-10,item372,100,VO372,SC372,C372
PO373,2018-06-10,item373,100,VO373,SC373,C373
PO374,2018-06-10,item374,100,VO374,SC374,C374
PO375,2018-06-10,item375,100,VO375,SC375,C375
PO376,2018-06-10,item376,100,VO376,SC376,C376
PO377,2018-06-10,item377,100,VO377,SC377,C377
PO378,2018-06-10,item378,100,VO378,SC378,C378
PO379,2018-06-10,item379,100,VO379,SC379,C379
PO380,2018-06-10,item380,100,VO380,SC380,C380
PO381,2018-06-10,item381,100,VO381,SC381,C381
PO382,2018-06-10,item382,100,VO382,SC382,C382
PO383,2018-06-10,item383,100,VO383,SC383,C383
PO384,2018-06-10,item384,100,VO384,SC384,C384
PO385,2018-06-10,item385,100,VO385,SC385,C385
PO386,2018-06-10,item386,100,VO386,SC386,C386
PO387,2018-06-10,item387,100,VO387,SC387,C387
PO388,2018-06-10,item388,100,VO388,SC388,C388
PO389,2018-06-10,item389,100,VO389,SC389,C389
PO390,2018-06-10,item390,100,VO390,SC390,C390
PO391,2018-06-10,item391,100,VO391,SC391,C391
PO392,2018-06-10,item392,100,VO392,SC392,C392
PO393,2018-06-10,item393,100,VO393,SC393,C393
PO394,2018-06-10,item394,100,VO394,SC394,C394
PO395,2018-06-10,item395,100,VO395,SC395,C395
PO396,2018-06-10,item396,100,VO396,SC396,C396
PO397,2018-06-10,item397,100,VO397,SC397,C397
PO398,2018-06-10,item398,100,VO398,SC398,C398
PO399,2018-06-10,item399,100,VO399,SC399,C399
PO400,2018-06-10,item400,100,VO400,SC400,C400
PO401,2018-06-10,item401,100,VO401,SC401,C401
PO402,2018-06-10,item402,100,VO402,SC402,C402
PO403,2018-06-10,item403,100,VO403,SC403,C403
PO404,2018-06-10,item404,100,VO404,SC404,C404
PO405,2018-06-10,item405,100,VO405,SC405,C405
PO406,2018-06-10,item406,100,VO406,SC406,C406
PO407,2018-06-10,item407,100,VO407,SC407,C407
PO408,2018-06-10,item408,100,VO408,SC408,C408
PO409,2018-06-10,item409,100,VO409,SC409,C409
PO410,2018-06-10,item410,100,VO410,SC410,C410
PO411,2018-06-10,item411,100,VO411,SC411,C411
PO412,2018-06-10,item412,100,VO412,SC412,C412
PO413,2018-06-10,item413,100,VO413,SC413,C413
PO414,2018-06-10,item414,100,VO414,SC414,C414
PO415,2018-06-10,item415,100,VO415,SC415,C415
PO416,2018-06-10,item416,100,VO416,SC416,C416
PO417,2018-06-10,item417,100,VO417,SC417,C417
PO418,2018-06-10,item418,100,VO418,SC418,C418
PO419,2018-06-10,item419,100,VO419,SC419,C419
PO420,2018-06-10,item420,100,VO420,SC420,C420
PO421,2018-06-10,item421,100,VO421,SC421,C421
PO422,2018-06-10,item422,100,VO422,SC422,C422
PO423,2018-06-10,item423,100,VO423,SC423,C423
PO424,2018-06-10,item424,100,VO424,SC424,C424
PO425,2018-06-10,item425,100,VO425,SC425,C425
PO426,2018-06-10,item426,100,VO426,SC426,C426
PO427,2018-06-10,item427,100,VO427,SC427,C427
PO428,2018-06-10,item428,100,VO428,SC428,C428
PO429,2018-06-10,item429,100,VO429,SC429,C429
PO430,2018-06-10,item430,100,VO430,SC430,C430
PO431,2018-06-10,item431,100,VO431,SC431,C431
PO432,2018-06-10,item432,100,VO432,SC432,C432
PO433,2018-06-10,item433,100,VO433,SC433,C433
PO434,2018-06-10,item434,100,VO434,SC434,C434
PO435,2018-06-10,item435,100,VO435,SC435,C435
PO436,2018-06-10,item436,100,VO436,SC436,C436
PO437,2018-06-10,item437,100,VO437,SC437,C437
PO438,2018-06-10,item438,100,VO438,SC438,C438
PO439,2018-06-10,item439,100,VO439,SC439,C439
PO440,2018-06-10,item440,100,VO440,SC440,C440
PO441,2018-06-10,item441,100,VO441,SC441,C441
PO442,2018-06-10,item442,100,VO442,SC442,C442
PO443,2018-06-10,item443,100,VO443,SC443,C443
PO444,2018-06-10,item444,100,VO444,SC444,C444
PO445,2018-06-10,item445,100,VO445,SC445,C445
PO446,2018-06-10,item446,100,VO446,SC446,C446
PO447,2018-06-10,item447,100,VO447,SC447,C447
PO448,2018-06-10,item448,100,VO448,SC448,C448
PO449,2018-06-10,item449,100,VO449,SC449,C449
PO450,2018-06-10,item450,100,VO450,SC450,C450
PO451,2018-06-10,item451,100,VO451,SC451,C451
PO452,2018-06-10,item452,100,VO452,SC452,C452
PO453,2018-06-10,item453,100,VO453,SC453,C453
PO454,2018-06-10,item454,100,VO454,SC454,C454
PO455,2018-06-10,item455,100,VO455,SC455,C455
PO456,2018-06-10,item456,100,VO456,SC456,C456
PO457,2018-06-10,item457,100,VO457,SC457,C457
PO458,2018-06-10,item458,100,VO458,SC458,C458
PO459,2018-06-10,item459,100,VO459,SC459,C459
PO460,2018-06-10,item460,100,VO460,SC460,C460
PO461,2018-06-10,item461,100,VO461,SC461,C461
PO462,2018-06-10,item462,100,VO462,SC462,C462
PO463,2018-06-10,item463,100,VO463,SC463,C463
PO464,2018-06-10,item464,100,VO464,SC464,C464
PO465,2018-06-10,item465,100,VO465,SC465,C465
PO466,2018-06-10,item466,100,VO466,SC466,C466
PO467,2018-06-10,item467,100,VO467,SC467,C467
PO468,2018-06-10,item468,100,VO468,SC468,C468
PO469,2018-06-10,item469,100,VO469,SC469,C469
PO470,2018-06-10,item470,100,VO470,SC470,C470
PO471,2018-06-10,item471,100,VO471,SC471,C471
PO472,2018-06-10,item472,100,VO472,SC472,C472
PO473,2018-06-10,item473,100,VO473,SC473,C473
PO474,2018-06-10,item474,100,VO474,SC474,C474
PO475,2018-06-10,item475,100,VO475,SC475,C475
PO476,2018-06-10,item476,100,VO476,SC476,C476
PO477,2018-06-10,item477,100,VO477,SC477,C477
PO478,2018-06-10,item478,100,VO478,SC478,C478
PO479,2018-06-10,item479,100,VO479,SC479,C479
PO480,2018-06-10,item480,100,VO480,SC480,C480
PO481,2018-06-10,item481,100,VO481,SC481,C481
PO482,2018-06-10,item482,100,VO482,SC482,C482
PO483,2018-06-10,item483,100,VO483,SC483,C483
PO484,2018-06-10,item484,100,VO484,SC484,C484
PO485,2018-06-10,item485,100,VO485,SC485,C485
PO486,2018-06-10,item486,100,VO486,SC486,C486
PO487,2018-06-10,item487,100,VO487,SC487,C487
PO488,2018-06-10,item488,100,VO488,SC488,C488
PO489,2018-06-10,item489,100,VO489,SC489,C489
PO490,2018-06-10,item490,100,VO490,SC490,C490
PO491,2018-06-10,item491,100,VO491,SC491,C491
PO492,2018-06-10,item492,100,VO492,SC492,C492
PO493,2018-06-10,item493,100,VO493,SC493,C493
PO494,2018-06-10,item494,100,VO494,SC494,C494
PO495,2018-06-10,item495,100,VO495,SC495,C495
PO496,2018-06-10,item496,100,VO496,SC496,C496
PO497,2018-06-10,item497,100,VO497,SC497,C497
PO498,2018-06-10,item498,100,VO498,SC498,C498
PO499,2018-06-10,item499,100,VO499,SC499,C499
PO500,2018-06-10,item500,100,VO500,SC500,C500
PO501,2018-06-10,item501,100,VO501,SC501,C501
PO502,2018-06-10,item502,100,VO502,SC502,C502
PO503,2018-06-10,item503,100,VO503,SC503,C503
PO504,2018-06-10,item504,100,VO504,SC504,C504
PO505,2018-06-10,item505,100,VO505,SC505,C505
PO506,2018-06-10,item506,100,VO506,SC506,C506
PO507,2018-06-10,item507,100,VO507,SC507,C507
PO508,2018-06-10,item508,100,VO508,SC508,C508
PO509,2018-06-10,item509,100,VO509,SC509,C509
PO510,2018-06-10,item510,100,VO510,SC510,C510
PO511,2018-06-10,item511,100,VO511,SC511,C511
PO512,2018-06-10,item512,100,VO512,SC512,C512
PO513,2018-06-10,item513,100,VO513,SC513,C513
PO514,2018-06-10,item514,100,VO514,SC514,C514
PO515,2018-06-10,item515,100,VO515,SC515,C515
PO516,2018-06-10,item516,100,VO516,SC516,C516
PO517,2018-06-10,item517,100,VO517,SC517,C517
PO518,2018-06-10,item518,100,VO518,SC518,C518
PO519,2018-06-10,item519,100,VO519,SC519,C519
PO520,2018-06-10,item520,100,VO520,SC520,C520
PO521,2018-06-10,item521,100,VO521,SC521,C521
PO522,2018-06-10,item522,100,VO522,SC522,C522
PO523,2018-06-10,item523,100,VO523,SC523,C523
PO524,2018-06-10,item524,100,VO524,SC524,C524
PO525,2018-06-10,item525,100,VO525,SC525,C525
PO526,2018-06-10,item526,100,VO526,SC526,C526
PO527,2018-06-10,item527,100,VO527,SC527,C527
PO528,2018-06-10,item528,100,VO528,SC528,C528
PO529,2018-06-10,item529,100,VO529,SC529,C529
PO530,2018-06-10,item530,100,VO530,SC530,C530
PO531,2018-06-10,item531,100,VO531,SC531,C531
PO532,2018-06-10,item532,100,VO532,SC532,C532
PO533,2018-06-10,item533,100,VO533,SC533,C533
PO534,2018-06-10,item534,100,VO534,SC534,C534
PO535,2018-06-10,item535,100,VO535,SC535,C535
PO536,2018-06-10,item536,100,VO536,SC536,C536
PO537,2018-06-10,item537,100,VO537,SC537,C537
PO538,2018-06-10,item538,100,VO538,SC538,C538
PO539,2018-06-10,item539,100,VO539,SC539,C539
PO540,2018-06-10,item540,100,VO540,SC540,C540
PO541,2018-06-10,item541,100,VO541,SC541,C541
PO542,2018-06-10,item542,100,VO542,SC542,C542
PO543,2018-06-10,item543,100,VO543,SC543,C543
PO544,2018-06-10,item544,100,VO544,SC544,C544
PO545,2018-06-10,item545,100,VO545,SC545,C545
PO546,2018-06-10,item546,100,VO546,SC546,C546
PO547,2018-06-10,item547,100,VO547,SC547,C547
PO548,2018-06-10,item548,100,VO548,SC548,C548
PO549,2018-06-10,item549,100,VO549,SC549,C549
PO550,2018-06-10,item550,100,VO550,SC550,C550
PO551,2018-06-10,item551,100,VO551,SC551,C551
PO552,2018-06-10,item552,100,VO552,SC552,C552
PO553,2018-06-10,item553,100,VO553,SC553,C553
PO554,2018-06-10,item554,100,VO554,SC554,C554
PO555,2018-06-10,item555,100,VO555,SC555,C555
PO556,2018-06-10,item556,100,VO556,SC556,C556
PO557,2018-06-10,item557,100,VO557,SC557,C557
PO558,2018-06-10,item558,100,VO558,SC558,C558
PO559,2018-06-10,item559,100,VO559,SC559,C559
PO560,2018-06-10,item560,100,VO560,SC560,C560
PO561,2018-06-10,item561,100,VO561,SC561,C561
PO562,2018-06-10,item562,100,VO562,SC562,C562
PO563,2018-06-10,item563,100,VO563,SC563,C563
PO564,2018-06-10,item564,100,VO564,SC564,C564
PO565,2018-06-10,item565,100,VO565,SC565,C565
PO566,2018-06-10,item566,100,VO566,SC566,C566
PO567,2018-06-10,item567,100,VO567,SC567,C567
PO568,2018-06-10,item568,100,VO568,SC568,C568
PO569,2018-06-10,item569,100,VO569,SC569,C569
PO570,2018-06-10,item570,100,VO570,SC570,C570
PO571,2018-06-10,item571,100,VO571,SC571,C571
PO572,2018-06-10,item572,100,VO572,SC572,C572
PO573,2018-06-10,item573,100,VO573,SC573,C573
PO574,2018-06-10,item574,100,VO574,SC574,C574
PO575,2018-06-10,item575,100,VO575,SC575,C575
PO576,2018-06-10,item576,100,VO576,SC576,C576
PO577,2018-06-10,item577,100,VO577,SC577,C577
PO578,2018-06-10,item578,100,VO578,SC578,C578
PO579,2018-06-10,item579,100,VO579,SC579,C579
PO580,2018-06-10,item580,100,VO580,SC580,C580
PO581,2018-06-10,item581,100,VO581,SC581,C581
PO582,2018-06-10,item582,100,VO582,SC582,C582
PO583,2018-06-10,item583,100,VO583,SC583,C583
PO584,2018-06-10,item584,100,VO584,SC584,C584
PO585,2018-06-10,item585,100,VO585,SC585,C585
PO586,2018-06-10,item586,100,VO586,SC586,C586
PO587,2018-06-10,item587,100,VO587,SC587,C587
PO588,2018-06-10,item588,100,VO588,SC588,C588
PO589,2018-06-10,item589,100,VO589,SC589,C589
PO590,2018-06-10,item590,100,VO590,SC590,C590
PO591,2018-06-10,item591,100,VO591,SC591,C591
PO592,2018-06-10,item592,100,VO592,SC592,C592
PO593,2018-06-10,item593,100,VO593,SC593,C593
PO594,2018-06-10,item594,100,VO594,SC594,C594
PO595,2018-06-10,item595,100,VO595,SC595,C595
PO596,2018-06-10,item596,100,VO596,SC596,C596
PO597,2018-06-10,item597,100,VO597,SC597,C597
PO598,2018-06-10,item598,100,VO598,SC598,C598
PO599,2018-06-10,item599,100,VO599,SC599,C599
PO600,2018-06-10,item600,100,VO600,SC600,C600
PO601,2018-06-10,item601,100,VO601,SC601,C601
PO602,2018-06-10,item602,100,VO602,SC602,C602
PO603,2018-06-10,item603,100,VO603,SC603,C603
PO604,2018-06-10,item604,100,VO604,SC604,C604
PO605,2018-06-10,item605,100,VO605,SC605,C605
PO606,2018-06-10,item606,100,VO606,SC606,C606
PO607,2018-06-10,item607,100,VO607,SC607,C607
PO608,2018-06-10,item608,100,VO608,SC608,C608
PO609,2018-06-10,item609,100,VO609,SC609,C609
PO610,2018-06-10,item610,100,VO610,SC610,C610
PO611,2018-06-10,item611,100,VO611,SC611,C611
PO612,2018-06-10,item612,100,VO612,SC612,C612
PO613,2018-06-10,item613,100,VO613,SC613,C613
PO614,2018-06-10,item614,100,VO614,SC614,C614
PO615,2018-06-10,item615,100,VO615,SC615,C615
PO616,2018-06-10,item616,100,VO616,SC616,C616
PO617,2018-06-10,item617,100,VO617,SC617,C617
PO618,2018-06-10,item618,100,VO618,SC618,C618
PO619,2018-06-10,item619,100,VO619,SC619,C619
PO620,2018-06-10,item620,100,VO620,SC620,C620
PO621,2018-06-10,item621,100,VO621,SC621,C621
PO622,2018-06-10,item622,100,VO622,SC622,C622
PO623,2018-06-10,item623,100,VO623,SC623,C623
PO624,2018-06-10,item624,100,VO624,SC624,C624
PO625,2018-06-10,item625,100,VO625,SC625,C625
PO626,2018-06-10,item626,100,VO626,SC626,C626
PO627,2018-06-10,item627,100,VO627,SC627,C627
PO628,2018-06-10,item628,100,VO628,SC628,C628
PO629,2018-06-10,item629,100,VO629,SC629,C629
PO630,2018-06-10,item630,100,VO630,SC630,C630
PO631,2018-06-10,item631,100,VO631,SC631,C631
PO632,2018-06-10,item632,100,VO632,SC632,C632
PO633,2018-06-10,item633,100,VO633,SC633,C633
PO634,2018-06-10,item634,100,VO634,SC634,C634
PO635,2018-06-10,item635,100,VO635,SC635,C635
PO636,2018-06-10,item636,100,VO636,SC636,C636
PO637,2018-06-10,item637,100,VO637,SC637,C637
PO638,2018-06-10,item638,100,VO638,SC638,C638
PO639,2018-06-10,item639,100,VO639,SC639,C639
PO640,2018-06-10,item640,100,VO640,SC640,C640
PO641,2018-06-10,item641,100,VO641,SC641,C641
PO642,2018-06-10,item642,100,VO642,SC642,C642
PO643,2018-06-10,item643,100,VO643,SC643,C643
PO644,2018-06-10,item644,100,VO644,SC644,C644
PO645,2018-06-10,item645,100,VO645,SC645,C645
PO646,2018-06-10,item646,100,VO646,SC646,C646
PO647,2018-06-10,item647,100,VO647,SC647,C647
PO648,2018-06-10,item648,100,VO648,SC648,C648
PO649,2018-06-10,item649,100,VO649,SC649,C649
PO650,2018-06-10,item650,100,VO650,SC650,C650
PO651,2018-06-10,item651,100,VO651,SC651,C651
PO652,2018-06-10,item652,100,VO652,SC652,C652
PO653,2018-06-10,item653,100,VO653,SC653,C653
PO654,2018-06-10,item654,100,VO654,SC654,C654
PO655,2018-06-10,item655,100,VO655,SC655,C655
PO656,2018-06-10,item656,100,VO656,SC656,C656
PO657,2018-06-10,item657,100,VO657,SC657,C657
PO658,2018-06-10,item658,100,VO658,SC658,C658
PO659,2018-06-10,item659,100,VO659,SC659,C659
PO660,2018-06-10,item660,100,VO660,SC660,C660
PO661,2018-06-10,item661,100,VO661,SC661,C661
PO662,2018-06-10,item662,100,VO662,SC662,C662
PO663,2018-06-10,item663,100,VO663,SC663,C663
PO664,2018-06-10,item664,100,VO664,SC664,C664
PO665,2018-06-10,item665,100,VO665,SC665,C665
PO666,2018-06-10,item666,100,VO666,SC666,C666
PO667,2018-06-10,item667,100,VO667,SC667,C667
PO668,2018-06-10,item668,100,VO668,SC668,C668
PO669,2018-06-10,item669,100,VO669,SC669,C669
PO670,2018-06-10,item670,100,VO670,SC670,C670
PO671,2018-06-10,item671,100,VO671,SC671,C671
PO672,2018-06-10,item672,100,VO672,SC672,C672
PO673,2018-06-10,item673,100,VO673,SC673,C673
PO674,2018-06-10,item674,100,VO674,SC674,C674
PO675,2018-06-10,item675,100,VO675,SC675,C675
PO676,2018-06-10,item676,100,VO676,SC676,C676
PO677,2018-06-10,item677,100,VO677,SC677,C677
PO678,2018-06-10,item678,100,VO678,SC678,C678
PO679,2018-06-10,item679,100,VO679,SC679,C679
PO680,2018-06-10,item680,100,VO680,SC680,C680
PO681,2018-06-10,item681,100,VO681,SC681,C681
PO682,2018-06-10,item682,100,VO682,SC682,C682
PO683,2018-06-10,item683,100,VO683,SC683,C683
PO684,2018-06-10,item684,100,VO684,SC684,C684
PO685,2018-06-10,item685,100,VO685,SC685,C685
PO686,2018-06-10,item686,100,VO686,SC686,C686
PO687,2018-06-10,item687,100,VO687,SC687,C687
PO688,2018-06-10,item688,100,VO688,SC688,C688
PO689,2018-06-10,item689,100,VO689,SC689,C689
PO690,2018-06-10,item690,100,VO690,SC690,C690
PO691,2018-06-10,item691,100,VO691,SC691,C691
PO692,2018-06-10,item692,100,VO692,SC692,C692
PO693,2018-06-10,item693,100,VO693,SC693,C693
PO694,2018-06-10,item694,100,VO694,SC694,C694
PO695,2018-06-10,item695,100,VO695,SC695,C695
PO696,2018-06-10,item696,100,VO696,SC696,C696
PO697,2018-06-10,item697,100,VO697,SC697,C697
PO698,2018-06-10,item698,100,VO698,SC698,C698
PO699,2018-06-10,item699,100,VO699,SC699,C699
PO700,2018-06-10,item700,100,VO700,SC700,C700
PO701,2018-06-10,item701,100,VO701,SC701,C701
PO702,2018-06-10,item702,100,VO702,SC702,C702
PO703,2018-06-10,item703,100,VO703,SC703,C703
PO704,2018-06-10,item704,100,VO704,SC704,C704
PO705,2018-06-10,item705,100,VO705,SC705,C705
PO706,2018-06-10,item706,100,VO706,SC706,C706
PO707,2018-06-10,item707,100,VO707,SC707,C707
PO708,2018-06-10,item708,100,VO708,SC708,C708
PO709,2018-06-10,item709,100,VO709,SC709,C709
PO710,2018-06-10,item710,100,VO710,SC710,C710
PO711,2018-06-10,item711,100,VO711,SC711,C711
PO712,2018-06-10,item712,100,VO712,SC712,C712
PO713,2018-06-10,item713,100,VO713,SC713,C713
PO714,2018-06-10,item714,100,VO714,SC714,C714
PO715,2018-06-10,item715,100,VO715,SC715,C715
PO716,2018-06-10,item716,100,VO716,SC716,C716
PO717,2018-06-10,item717,100,VO717,SC717,C717
PO718,2018-06-10,item718,100,VO718,SC718,C718
PO719,2018-06-10,item719,100,VO719,SC719,C719
PO720,2018-06-10,item720,100,VO720,SC720,C720
PO721,2018-06-10,item721,100,VO721,SC721,C721
PO722,2018-06-10,item722,100,VO722,SC722,C722
PO723,2018-06-10,item723,100,VO723,SC723,C723
PO724,2018-06-10,item724,100,VO724,SC724,C724
PO725,2018-06-10,item725,100,VO725,SC725,C725
PO726,2018-06-10,item726,100,VO726,SC726,C726
PO727,2018-06-10,item727,100,VO727,SC727,C727
PO728,2018-06-10,item728,100,VO728,SC728,C728
PO729,2018-06-10,item729,100,VO729,SC729,C729
PO730,2018-06-10,item730,100,VO730,SC730,C730
PO731,2018-06-10,item731,100,VO731,SC731,C731
PO732,2018-06-10,item732,100,VO732,SC732,C732
PO733,2018-06-10,item733,100,VO733,SC733,C733
PO734,2018-06-10,item734,100,VO734,SC734,C734
PO735,2018-06-10,item735,100,VO735,SC735,C735
PO736,2018-06-10,item736,100,VO736,SC736,C736
PO737,2018-06-10,item737,100,VO737,SC737,C737
PO738,2018-06-10,item738,100,VO738,SC738,C738
PO739,2018-06-10,item739,100,VO739,SC739,C739
PO740,2018-06-10,item740,100,VO740,SC740,C740
PO741,2018-06-10,item741,100,VO741,SC741,C741
PO742,2018-06-10,item742,100,VO742,SC742,C742
PO743,2018-06-10,item743,100,VO743,SC743,C743
PO744,2018-06-10,item744,100,VO744,SC744,C744
PO745,2018-06-10,item745,100,VO745,SC745,C745
PO746,2018-06-10,item746,100,VO746,SC746,C746
PO747,2018-06-10,item747,100,VO747,SC747,C747
PO748,2018-06-10,item748,100,VO748,SC748,C748
PO749,2018-06-10,item749,100,VO749,SC749,C749
PO750,2018-06-10,item750,100,VO750,SC750,C750
PO751,2018-06-10,item751,100,VO751,SC751,C751
PO752,2018-06-10,item752,100,VO752,SC752,C752
PO753,2018-06-10,item753,100,VO753,SC753,C753
PO754,2018-06-10,item754,100,VO754,SC754,C754
PO755,2018-06-10,item755,100,VO755,SC755,C755
PO756,2018-06-10,item756,100,VO756,SC756,C756
PO757,2018-06-10,item757,100,VO757,SC757,C757
PO758,2018-06-10,item758,100,VO758,SC758,C758
PO759,2018-06-10,item759,100,VO759,SC759,C759
PO760,2018-06-10,item760,100,VO760,SC760,C760
PO761,2018-06-10,item761,100,VO761,SC761,C761
PO762,2018-06-10,item762,100,VO762,SC762,C762
PO763,2018-06-10,item763,100,VO763,SC763,C763
PO764,2018-06-10,item764,100,VO764,SC764,C764
PO765,2018-06-10,item765,100,VO765,SC765,C765
PO766,2018-06-10,item766,100,VO766,SC766,C766
PO767,2018-06-10,item767,100,VO767,SC767,C767
PO768,2018-06-10,item768,100,VO768,SC768,C768
PO769,2018-06-10,item769,100,VO769,SC769,C769
PO770,2018-06-10,item770,100,VO770,SC770,C770
PO771,2018-06-10,item771,100,VO771,SC771,C771
PO772,2018-06-10,item772,100,VO772,SC772,C772
PO773,2018-06-10,item773,100,VO773,SC773,C773
PO774,2018-06-10,item774,100,VO774,SC774,C774
PO775,2018-06-10,item775,100,VO775,SC775,C775
PO776,2018-06-10,item776,100,VO776,SC776,C776
PO777,2018-06-10,item777,100,VO777,SC777,C777
PO778,2018-06-10,item778,100,VO778,SC778,C778
PO779,2018-06-10,item779,100,VO779,SC779,C779
PO780,2018-06-10,item780,100,VO780,SC780,C780
PO781,2018-06-10,item781,100,VO781,SC781,C781
PO782,2018-06-10,item782,100,VO782,SC782,C782
PO783,2018-06-10,item783,100,VO783,SC783,C783
PO784,2018-06-10,item784,100,VO784,SC784,C784
PO785,2018-06-10,item785,100,VO785,SC785,C785
PO786,2018-06-10,item786,100,VO786,SC786,C786
PO787,2018-06-10,item787,100,VO787,SC787,C787
PO788,2018-06-10,item788,100,VO788,SC788,C788
PO789,2018-06-10,item789,100,VO789,SC789,C789
PO790,2018-06-10,item790,100,VO790,SC790,C790
PO791,2018-06-10,item791,100,VO791,SC791,C791
PO792,2018-06-10,item792,100,VO792,SC792,C792
PO793,2018-06-10,item793,100,VO793,SC793,C793
PO794,2018-06-10,item794,100,VO794,SC794,C794
PO795,2018-06-10,item795,100,VO795,SC795,C795
PO796,2018-06-10,item796,100,VO796,SC796,C796
PO797,2018-06-10,item797,100,VO797,SC797,C797
PO798,2018-06-10,item798,100,VO798,SC798,C798
PO799,2018-06-10,item799,100,VO799,SC799,C799
PO800,2018-06-10,item800,100,VO800,SC800,C800
PO801,2018-06-10,item801,100,VO801,SC801,C801
PO802,2018-06-10,item802,100,VO802,SC802,C802
PO803,2018-06-10,item803,100,VO803,SC803,C803
PO804,2018-06-10,item804,100,VO804,SC804,C804
PO805,2018-06-10,item805,100,VO805,SC805,C805
PO806,2018-06-10,item806,100,VO806,SC806,C806
PO807,2018-06-10,item807,100,VO807,SC807,C807
PO808,2018-06-10,item808,100,VO808,SC808,C808
PO809,2018-06-10,item809,100,VO809,SC809,C809
PO810,2018-06-10,item810,100,VO810,SC810,C810
PO811,2018-06-10,item811,100,VO811,SC811,C811
PO812,2018-06-10,item812,100,VO812,SC812,C812
PO813,2018-06-10,item813,100,VO813,SC813,C813
PO814,2018-06-10,item814,100,VO814,SC814,C814
PO815,2018-06-10,item815,100,VO815,SC815,C815
PO816,2018-06-10,item816,100,VO816,SC816,C816
PO817,2018-06-10,item817,100,VO817,SC817,C817
PO818,2018-06-10,item818,100,VO818,SC818,C818
PO819,2018-06-10,item819,100,VO819,SC819,C819
PO820,2018-06-10,item820,100,VO820,SC820,C820
PO821,2018-06-10,item821,100,VO821,SC821,C821
PO822,2018-06-10,item822,100,VO822,SC822,C822
PO823,2018-06-10,item823,100,VO823,SC823,C823
PO824,2018-06-10,item824,100,VO824,SC824,C824
PO825,2018-06-10,item825,100,VO825,SC825,C825
PO826,2018-06-10,item826,100,VO826,SC826,C826
PO827,2018-06-10,item827,100,VO827,SC827,C827
PO828,2018-06-10,item828,100,VO828,SC828,C828
PO829,2018-06-10,item829,100,VO829,SC829,C829
PO830,2018-06-10,item830,100,VO830,SC830,C830
PO831,2018-06-10,item831,100,VO831,SC831,C831
PO832,2018-06-10,item832,100,VO832,SC832,C832
PO833,2018-06-10,item833,100,VO833,SC833,C833
PO834,2018-06-10,item834,100,VO834,SC834,C834
PO835,2018-06-10,item835,100,VO835,SC835,C835
PO836,2018-06-10,item836,100,VO836,SC836,C836
PO837,2018-06-10,item837,100,VO837,SC837,C837
PO838,2018-06-10,item838,100,VO838,SC838,C838
PO839,2018-06-10,item839,100,VO839,SC839,C839
PO840,2018-06-10,item840,100,VO840,SC840,C840
PO841,2018-06-10,item841,100,VO841,SC841,C841
PO842,2018-06-10,item842,100,VO842,SC842,C842
PO843,2018-06-10,item843,100,VO843,SC843,C843
PO844,2018-06-10,item844,100,VO844,SC844,C844
PO845,2018-06-10,item845,100,VO845,SC845,C845
PO846,2018-06-10,item846,100,VO846,SC846,C846
PO847,2018-06-10,item847,100,VO847,SC847,C847
PO848,2018-06-10,item848,100,VO848,SC848,C848
PO849,2018-06-10,item849,100,VO849,SC849,C849
PO850,2018-06-10,item850,100,VO850,SC850,C850
PO851,2018-06-10,item851,100,VO851,SC851,C851
PO852,2018-06-10,item852,100,VO852,SC852,C852
PO853,2018-06-10,item853,100,VO853,SC853,C853
PO854,2018-06-10,item854,100,VO854,SC854,C854
PO855,2018-06-10,item855,100,VO855,SC855,C855
PO856,2018-06-10,item856,100,VO856,SC856,C856
PO857,2018-06-10,item857,100,VO857,SC857,C857
PO858,2018-06-10,item858,100,VO858,SC858,C858
PO859,2018-06-10,item859,100,VO859,SC859,C859
PO860,2018-06-10,item860,100,VO860,SC860,C860
PO861,2018-06-10,item861,100,VO861,SC861,C861
PO862,2018-06-10,item862,100,VO862,SC862,C862
PO863,2018-06-10,item863,100,VO863,SC863,C863
PO864,2018-06-10,item864,100,VO864,SC864,C864
PO865,2018-06-10,item865,100,VO865,SC865,C865
PO866,2018-06-10,item866,100,VO866,SC866,C866
PO867,2018-06-10,item867,100,VO867,SC867,C867
PO868,2018-06-10,item868,100,VO868,SC868,C868
PO869,2018-06-10,item869,100,VO869,SC869,C869
PO870,2018-06-10,item870,100,VO870,SC870,C870
PO871,2018-06-10,item871,100,VO871,SC871,C871
PO872,2018-06-10,item872,100,VO872,SC872,C872
PO873,2018-06-10,item873,100,VO873,SC873,C873
PO874,2018-06-10,item874,100,VO874,SC874,C874
PO875,2018-06-10,item875,100,VO875,SC875,C875
PO876,2018-06-10,item876,100,VO876,SC876,C876
PO877,2018-06-10,item877,100,VO877,SC877,C877
PO878,2018-06-10,item878,100,VO878,SC878,C878
PO879,2018-06-10,item879,100,VO879,SC879,C879
PO880,2018-06-10,item880,100,VO880,SC880,C880
PO881,2018-06-10,item881,100,VO881,SC881,C881
PO882,2018-06-10,item882,100,VO882,SC882,C882
PO883,2018-06-10,item883,100,VO883,SC883,C883
PO884,2018-06-10,item884,100,VO884,SC884,C884
PO885,2018-06-10,item885,100,VO885,SC885,C885
PO886,2018-06-10,item886,100,VO886,SC886,C886
PO887,2018-06-10,item887,100,VO887,SC887,C887
PO888,2018-06-10,item888,100,VO888,SC888,C888
PO889,2018-06-10,item889,100,VO889,SC889,C889
PO890,2018-06-10,item890,100,VO890,SC890,C890
PO891,2018-06-10,item891,100,VO891,SC891,C891
PO892,2018-06-10,item892,100,VO892,SC892,C892
PO893,2018-06-10,item893,100,VO893,SC893,C893
PO894,2018-06-10,item894,100,VO894,SC894,C894
PO895,2018-06-10,item895,100,VO895,SC895,C895
PO896,2018-06-10,item896,100,VO896,SC896,C896
PO897,2018-06-10,item897,100,VO897,SC897,C897
PO898,2018-06-10,item898,100,VO898,SC898,C898
PO899,2018-06-10,item899,100,VO899,SC899,C899
PO900,2018-06-10,item900,100,VO900,SC900,C900
PO901,2018-06-10,item901,100,VO901,SC901,C901
PO902,2018-06-10,item902,100,VO902,SC902,C902
PO903,2018-06-10,item903,100,VO903,SC903,C903
PO904,2018-06-10,item904,100,VO904,SC904,C904
PO905,2018-06-10,item905,100,VO905,SC905,C905
PO906,2018-06-10,item906,100,VO906,SC906,C906
PO907,2018-06-10,item907,100,VO907,SC907,C907
PO908,2018-06-10,item908,100,VO908,SC908,C908
PO909,2018-06-10,item909,100,VO909,SC909,C909
PO910,2018-06-10,item910,100,VO910,SC910,C910
PO911,2018-06-10,item911,100,VO911,SC911,C911
PO912,2018-06-10,item912,100,VO912,SC912,C912
PO913,2018-06-10,item913,100,VO913,SC913,C913
PO914,2018-06-10,item914,100,VO914,SC914,C914
PO915,2018-06-10,item915,100,VO915,SC915,C915
PO916,2018-06-10,item916,100,VO916,SC916,C916
PO917,2018-06-10,item917,100,VO917,SC917,C917
PO918,2018-06-10,item918,100,VO918,SC918,C918
PO919,2018-06-10,item919,100,VO919,SC919,C919
PO920,2018-06-10,item920,100,VO920,SC920,C920
PO921,2018-06-10,item921,100,VO921,SC921,C921
PO922,2018-06-10,item922,100,VO922,SC922,C922
PO923,2018-06-10,item923,100,VO923,SC923,C923
PO924,2018-06-10,item924,100,VO924,SC924,C924
PO925,2018-06-10,item925,100,VO925,SC925,C925
PO926,2018-06-10,item926,100,VO926,SC926,C926
PO927,2018-06-10,item927,100,VO927,SC927,C927
PO928,2018-06-10,item928,100,VO928,SC928,C928
PO929,2018-06-10,item929,100,VO929,SC929,C929
PO930,2018-06-10,item930,100,VO930,SC930,C930
PO931,2018-06-10,item931,100,VO931,SC931,C931
PO932,2018-06-10,item932,100,VO932,SC932,C932
PO933,2018-06-10,item933,100,VO933,SC933,C933
PO934,2018-06-10,item934,100,VO934,SC934,C934
PO935,2018-06-10,item935,100,VO935,SC935,C935
PO936,2018-06-10,item936,100,VO936,SC936,C936
PO937,2018-06-10,item937,100,VO937,SC937,C937
PO938,2018-06-10,item938,100,VO938,SC938,C938
PO939,2018-06-10,item939,100,VO939,SC939,C939
PO940,2018-06-10,item940,100,VO940,SC940,C940
PO941,2018-06-10,item941,100,VO941,SC941,C941
PO942,2018-06-10,item942,100,VO942,SC942,C942
PO943,2018-06-10,item943,100,VO943,SC943,C943
PO944,2018-06-10,item944,100,VO944,SC944,C944
PO945,2018-06-10,item945,100,VO945,SC945,C945
PO946,2018-06-10,item946,100,VO946,SC946,C946
PO947,2018-06-10,item947,100,VO947,SC947,C947
PO948,2018-06-10,item948,100,VO948,SC948,C948
PO949,2018-06-10,item949,100,VO949,SC949,C949
PO950,2018-06-10,item950,100,VO950,SC950,C950
PO951,2018-06-10,item951,100,VO951,SC951,C951
PO952,2018-06-10,item952,100,VO952,SC952,C952
PO953,2018-06-10,item953,100,VO953,SC953,C953
PO954,2018-06-10,item954,100,VO954,SC954,C954
PO955,2018-06-10,item955,100,VO955,SC955,C955
PO956,2018-06-10,item956,100,VO956,SC956,C956
PO957,2018-06-10,item957,100,VO957,SC957,C957
PO958,2018-06-10,item958,100,VO958,SC958,C958
PO959,2018-06-10,item959,100,VO959,SC959,C959
PO960,2018-06-10,item960,100,VO960,SC960,C960
PO961,2018-06-10,item961,100,VO961,SC961,C961
PO962,2018-06-10,item962,100,VO962,SC962,C962
PO963,2018-06-10,item963,100,VO963,SC963,C963
PO964,2018-06-10,item964,100,VO964,SC964,C964
PO965,2018-06-10,item965,100,VO965,SC965,C965
PO966,2018-06-10,item966,100,VO966,SC966,C966
PO967,2018-06-10,item967,100,VO967,SC967,C967
PO968,2018-06-10,item968,100,VO968,SC968,C968
PO969,2018-06-10,item969,100,VO969,SC969,C969
PO970,2018-06-10,item970,100,VO970,SC970,C970
PO971,2018-06-10,item971,100,VO971,SC971,C971
PO972,2018-06-10,item972,100,VO972,SC972,C972
PO973,2018-06-10,item973,100,VO973,SC973,C973
PO974,2018-06-10,item974,100,VO974,SC974,C974
PO975,2018-06-10,item975,100,VO975,SC975,C975
PO976,2018-06-10,item976,100,VO976,SC976,C976
PO977,2018-06-10,item977,100,VO977,SC977,C977
PO978,2018-06-10,item978,100,VO978,SC978,C978
PO979,2018-06-10,item979,100,VO979,SC979,C979
PO980,2018-06-10,item980,100,VO980,SC980,C980
PO981,2018-06-10,item981,100,VO981,SC981,C981
PO982,2018-06-10,item982,100,VO982,SC982,C982
PO983,2018-06-10,item983,100,VO983,SC983,C983
PO984,2018-06-10,item984,100,VO984,SC984,C984
PO985,2018-06-10,item985,100,VO985,SC985,C985
PO986,2018-06-10,item986,100,VO986,SC986,C986
PO987,2018-06-10,item987,100,VO987,SC987,C987
PO988,2018-06-10,item988,100,VO988,SC988,C988
PO989,2018-06-10,item989,100,VO989,SC989,C989
PO990,2018-06-10,item990,100,VO990,SC990,C990
PO991,2018-06-10,item991,100,VO991,SC991,C991
PO992,2018-06-10,item992,100,VO992,SC992,C992
PO993,2018-06-10,item993,100,VO993,SC993,C993
PO994,2018-06-10,item994,100,VO994,SC994,C994
PO995,2018-06-10,item995,100,VO995,SC995,C995
PO996,2018-06-10,item996,100,VO996,SC996,C996
PO997,2018-06-10,item997,100,VO997,SC997,C997
PO998,2018-06-10,item998,100,VO998,SC998,C998
PO999,2018-06-10,item999,100,VO999,SC999,C999
PO1000,2018-06-10,item1000,100,VO1000,SC1000,C1000