so_no,customer_code,co_ords,dispatched_id,created_date,status
SO1,CC1,C1,DI1,2018-01-19 ,R
SO2,CC2,C2,DI2,2018-01-19 ,R
SO3,CC3,C3,DI3,2018-01-19 ,R
SO4,CC4,C4,DI4,2018-01-19 ,R
SO5,CC5,C5,DI5,2018-01-19 ,R
SO6,CC6,C6,DI6,2018-01-19 ,R
SO7,CC7,C7,DI7,2018-01-19 ,R
SO8,CC8,C8,DI8,2018-01-19 ,R
SO9,CC9,C9,DI9,2018-01-19 ,R
SO10,CC10,C10,DI10,2018-01-19 ,R
SO11,CC11,C11,DI11,2018-01-19 ,R
SO12,CC12,C12,DI12,2018-01-19 ,R
SO13,CC13,C13,DI13,2018-01-19 ,R
SO14,CC14,C14,DI14,2018-01-19 ,R
SO15,CC15,C15,DI15,2018-01-19 ,R
SO16,CC16,C16,DI16,2018-01-19 ,R
SO17,CC17,C17,DI17,2018-01-19 ,R
SO18,CC18,C18,DI18,2018-01-19 ,R
SO19,CC19,C19,DI19,2018-01-19 ,R
SO20,CC20,C20,DI20,2018-01-19 ,R
SO21,CC21,C21,DI21,2018-01-19 ,R
SO22,CC22,C22,DI22,2018-01-19 ,R
SO23,CC23,C23,DI23,2018-01-19 ,R
SO24,CC24,C24,DI24,2018-01-19 ,R
SO25,CC25,C25,DI25,2018-01-19 ,R
SO26,CC26,C26,DI26,2018-01-19 ,R
SO27,CC27,C27,DI27,2018-01-19 ,R
SO28,CC28,C28,DI28,2018-01-19 ,R
SO29,CC29,C29,DI29,2018-01-19 ,R
SO30,CC30,C30,DI30,2018-01-19 ,R
SO31,CC31,C31,DI31,2018-01-19 ,R
SO32,CC32,C32,DI32,2018-01-19 ,R
SO33,CC33,C33,DI33,2018-01-19 ,R
SO34,CC34,C34,DI34,2018-01-19 ,R
SO35,CC35,C35,DI35,2018-01-19 ,R
SO36,CC36,C36,DI36,2018-01-19 ,R
SO37,CC37,C37,DI37,2018-01-19 ,R
SO38,CC38,C38,DI38,2018-01-19 ,R
SO39,CC39,C39,DI39,2018-01-19 ,R
SO40,CC40,C40,DI40,2018-01-19 ,R
SO41,CC41,C41,DI41,2018-01-19 ,R
SO42,CC42,C42,DI42,2018-01-19 ,R
SO43,CC43,C43,DI43,2018-01-19 ,R
SO44,CC44,C44,DI44,2018-01-19 ,R
SO45,CC45,C45,DI45,2018-01-19 ,R
SO46,CC46,C46,DI46,2018-01-19 ,R
SO47,CC47,C47,DI47,2018-01-19 ,R
SO48,CC48,C48,DI48,2018-01-19 ,R
SO49,CC49,C49,DI49,2018-01-19 ,R
SO50,CC50,C50,DI50,2018-01-19 ,R
SO51,CC51,C51,DI51,2018-01-19 ,R
SO52,CC52,C52,DI52,2018-01-19 ,R
SO53,CC53,C53,DI53,2018-01-19 ,R
SO54,CC54,C54,DI54,2018-01-19 ,R
SO55,CC55,C55,DI55,2018-01-19 ,R
SO56,CC56,C56,DI56,2018-01-19 ,R
SO57,CC57,C57,DI57,2018-01-19 ,R
SO58,CC58,C58,DI58,2018-01-19 ,R
SO59,CC59,C59,DI59,2018-01-19 ,R
SO60,CC60,C60,DI60,2018-01-19 ,R
SO61,CC61,C61,DI61,2018-01-19 ,R
SO62,CC62,C62,DI62,2018-01-19 ,R
SO63,CC63,C63,DI63,2018-01-19 ,R
SO64,CC64,C64,DI64,2018-01-19 ,R
SO65,CC65,C65,DI65,2018-01-19 ,R
SO66,CC66,C66,DI66,2018-01-19 ,R
SO67,CC67,C67,DI67,2018-01-19 ,R
SO68,CC68,C68,DI68,2018-01-19 ,R
SO69,CC69,C69,DI69,2018-01-19 ,R
SO70,CC70,C70,DI70,2018-01-19 ,R
SO71,CC71,C71,DI71,2018-01-19 ,R
SO72,CC72,C72,DI72,2018-01-19 ,R
SO73,CC73,C73,DI73,2018-01-19 ,R
SO74,CC74,C74,DI74,2018-01-19 ,R
SO75,CC75,C75,DI75,2018-01-19 ,R
SO76,CC76,C76,DI76,2018-01-19 ,R
SO77,CC77,C77,DI77,2018-01-19 ,R
SO78,CC78,C78,DI78,2018-01-19 ,R
SO79,CC79,C79,DI79,2018-01-19 ,R
SO80,CC80,C80,DI80,2018-01-19 ,R
SO81,CC81,C81,DI81,2018-01-19 ,R
SO82,CC82,C82,DI82,2018-01-19 ,R
SO83,CC83,C83,DI83,2018-01-19 ,R
SO84,CC84,C84,DI84,2018-01-19 ,R
SO85,CC85,C85,DI85,2018-01-19 ,R
SO86,CC86,C86,DI86,2018-01-19 ,R
SO87,CC87,C87,DI87,2018-01-19 ,R
SO88,CC88,C88,DI88,2018-01-19 ,R
SO89,CC89,C89,DI89,2018-01-19 ,R
SO90,CC90,C90,DI90,2018-01-19 ,R
SO91,CC91,C91,DI91,2018-01-19 ,R
SO92,CC92,C92,DI92,2018-01-19 ,R
SO93,CC93,C93,DI93,2018-01-19 ,R
SO94,CC94,C94,DI94,2018-01-19 ,R
SO95,CC95,C95,DI95,2018-01-19 ,R
SO96,CC96,C96,DI96,2018-01-19 ,R
SO97,CC97,C97,DI97,2018-01-19 ,R
SO98,CC98,C98,DI98,2018-01-19 ,R
SO99,CC99,C99,DI99,2018-01-19 ,R
SO100,CC100,C100,DI100,2018-01-19 ,R
SO101,CC101,C101,DI101,2018-01-19 ,R
SO102,CC102,C102,DI102,2018-01-19 ,R
SO103,CC103,C103,DI103,2018-01-19 ,R
SO104,CC104,C104,DI104,2018-01-19 ,R
SO105,CC105,C105,DI105,2018-01-19 ,R
SO106,CC106,C106,DI106,2018-01-19 ,R
SO107,CC107,C107,DI107,2018-01-19 ,R
SO108,CC108,C108,DI108,2018-01-19 ,R
SO109,CC109,C109,DI109,2018-01-19 ,R
SO110,CC110,C110,DI110,2018-01-19 ,R
SO111,CC111,C111,DI111,2018-01-19 ,R
SO112,CC112,C112,DI112,2018-01-19 ,R
SO113,CC113,C113,DI113,2018-01-19 ,R
SO114,CC114,C114,DI114,2018-01-19 ,R
SO115,CC115,C115,DI115,2018-01-19 ,R
SO116,CC116,C116,DI116,2018-01-19 ,R
SO117,CC117,C117,DI117,2018-01-19 ,R
SO118,CC118,C118,DI118,2018-01-19 ,R
SO119,CC119,C119,DI119,2018-01-19 ,R
SO120,CC120,C120,DI120,2018-01-19 ,R
SO121,CC121,C121,DI121,2018-01-19 ,R
SO122,CC122,C122,DI122,2018-01-19 ,R
SO123,CC123,C123,DI123,2018-01-19 ,R
SO124,CC124,C124,DI124,2018-01-19 ,R
SO125,CC125,C125,DI125,2018-01-19 ,R
SO126,CC126,C126,DI126,2018-01-19 ,R
SO127,CC127,C127,DI127,2018-01-19 ,R
SO128,CC128,C128,DI128,2018-01-19 ,R
SO129,CC129,C129,DI129,2018-01-19 ,R
SO130,CC130,C130,DI130,2018-01-19 ,R
SO131,CC131,C131,DI131,2018-01-19 ,R
SO132,CC132,C132,DI132,2018-01-19 ,R
SO133,CC133,C133,DI133,2018-01-19 ,R
SO134,CC134,C134,DI134,2018-01-19 ,R
SO135,CC135,C135,DI135,2018-01-19 ,R
SO136,CC136,C136,DI136,2018-01-19 ,R
SO137,CC137,C137,DI137,2018-01-19 ,R
SO138,CC138,C138,DI138,2018-01-19 ,R
SO139,CC139,C139,DI139,2018-01-19 ,R
SO140,CC140,C140,DI140,2018-01-19 ,R
SO141,CC141,C141,DI141,2018-01-19 ,R
SO142,CC142,C142,DI142,2018-01-19 ,R
SO143,CC143,C143,DI143,2018-01-19 ,R
SO144,CC144,C144,DI144,2018-01-19 ,R
SO145,CC145,C145,DI145,2018-01-19 ,R
SO146,CC146,C146,DI146,2018-01-19 ,R
SO147,CC147,C147,DI147,2018-01-19 ,R
SO148,CC148,C148,DI148,2018-01-19 ,R
SO149,CC149,C149,DI149,2018-01-19 ,R
SO150,CC150,C150,DI150,2018-01-19 ,R
SO151,CC151,C151,DI151,2018-01-19 ,R
SO152,CC152,C152,DI152,2018-01-19 ,R
SO153,CC153,C153,DI153,2018-01-19 ,R
SO154,CC154,C154,DI154,2018-01-19 ,R
SO155,CC155,C155,DI155,2018-01-19 ,R
SO156,CC156,C156,DI156,2018-01-19 ,R
SO157,CC157,C157,DI157,2018-01-19 ,R
SO158,CC158,C158,DI158,2018-01-19 ,R
SO159,CC159,C159,DI159,2018-01-19 ,R
SO160,CC160,C160,DI160,2018-01-19 ,R
SO161,CC161,C161,DI161,2018-01-19 ,R
SO162,CC162,C162,DI162,2018-01-19 ,R
SO163,CC163,C163,DI163,2018-01-19 ,R
SO164,CC164,C164,DI164,2018-01-19 ,R
SO165,CC165,C165,DI165,2018-01-19 ,R
SO166,CC166,C166,DI166,2018-01-19 ,R
SO167,CC167,C167,DI167,2018-01-19 ,R
SO168,CC168,C168,DI168,2018-01-19 ,R
SO169,CC169,C169,DI169,2018-01-19 ,R
SO170,CC170,C170,DI170,2018-01-19 ,R
SO171,CC171,C171,DI171,2018-01-19 ,R
SO172,CC172,C172,DI172,2018-01-19 ,R
SO173,CC173,C173,DI173,2018-01-19 ,R
SO174,CC174,C174,DI174,2018-01-19 ,R
SO175,CC175,C175,DI175,2018-01-19 ,R
SO176,CC176,C176,DI176,2018-01-19 ,R
SO177,CC177,C177,DI177,2018-01-19 ,R
SO178,CC178,C178,DI178,2018-01-19 ,R
SO179,CC179,C179,DI179,2018-01-19 ,R
SO180,CC180,C180,DI180,2018-01-19 ,R
SO181,CC181,C181,DI181,2018-01-19 ,R
SO182,CC182,C182,DI182,2018-01-19 ,R
SO183,CC183,C183,DI183,2018-01-19 ,R
SO184,CC184,C184,DI184,2018-01-19 ,R
SO185,CC185,C185,DI185,2018-01-19 ,R
SO186,CC186,C186,DI186,2018-01-19 ,R
SO187,CC187,C187,DI187,2018-01-19 ,R
SO188,CC188,C188,DI188,2018-01-19 ,R
SO189,CC189,C189,DI189,2018-01-19 ,R
SO190,CC190,C190,DI190,2018-01-19 ,R
SO191,CC191,C191,DI191,2018-01-19 ,R
SO192,CC192,C192,DI192,2018-01-19 ,R
SO193,CC193,C193,DI193,2018-01-19 ,R
SO194,CC194,C194,DI194,2018-01-19 ,R
SO195,CC195,C195,DI195,2018-01-19 ,R
SO196,CC196,C196,DI196,2018-01-19 ,R
SO197,CC197,C197,DI197,2018-01-19 ,R
SO198,CC198,C198,DI198,2018-01-19 ,R
SO199,CC199,C199,DI199,2018-01-19 ,R
SO200,CC200,C200,DI200,2018-01-19 ,R
SO201,CC201,C201,DI201,2018-01-19 ,R
SO202,CC202,C202,DI202,2018-01-19 ,R
SO203,CC203,C203,DI203,2018-01-19 ,R
SO204,CC204,C204,DI204,2018-01-19 ,R
SO205,CC205,C205,DI205,2018-01-19 ,R
SO206,CC206,C206,DI206,2018-01-19 ,R
SO207,CC207,C207,DI207,2018-01-19 ,R
SO208,CC208,C208,DI208,2018-01-19 ,R
SO209,CC209,C209,DI209,2018-01-19 ,R
SO210,CC210,C210,DI210,2018-01-19 ,R
SO211,CC211,C211,DI211,2018-01-19 ,R
SO212,CC212,C212,DI212,2018-01-19 ,R
SO213,CC213,C213,DI213,2018-01-19 ,R
SO214,CC214,C214,DI214,2018-01-19 ,R
SO215,CC215,C215,DI215,2018-01-19 ,R
SO216,CC216,C216,DI216,2018-01-19 ,R
SO217,CC217,C217,DI217,2018-01-19 ,R
SO218,CC218,C218,DI218,2018-01-19 ,R
SO219,CC219,C219,DI219,2018-01-19 ,R
SO220,CC220,C220,DI220,2018-01-19 ,R
SO221,CC221,C221,DI221,2018-01-19 ,R
SO222,CC222,C222,DI222,2018-01-19 ,R
SO223,CC223,C223,DI223,2018-01-19 ,R
SO224,CC224,C224,DI224,2018-01-19 ,R
SO225,CC225,C225,DI225,2018-01-19 ,R
SO226,CC226,C226,DI226,2018-01-19 ,R
SO227,CC227,C227,DI227,2018-01-19 ,R
SO228,CC228,C228,DI228,2018-01-19 ,R
SO229,CC229,C229,DI229,2018-01-19 ,R
SO230,CC230,C230,DI230,2018-01-19 ,R
SO231,CC231,C231,DI231,2018-01-19 ,R
SO232,CC232,C232,DI232,2018-01-19 ,R
SO233,CC233,C233,DI233,2018-01-19 ,R
SO234,CC234,C234,DI234,2018-01-19 ,R
SO235,CC235,C235,DI235,2018-01-19 ,R
SO236,CC236,C236,DI236,2018-01-19 ,R
SO237,CC237,C237,DI237,2018-01-19 ,R
SO238,CC238,C238,DI238,2018-01-19 ,R
SO239,CC239,C239,DI239,2018-01-19 ,R
SO240,CC240,C240,DI240,2018-01-19 ,R
SO241,CC241,C241,DI241,2018-01-19 ,R
SO242,CC242,C242,DI242,2018-01-19 ,R
SO243,CC243,C243,DI243,2018-01-19 ,R
SO244,CC244,C244,DI244,2018-01-19 ,R
SO245,CC245,C245,DI245,2018-01-19 ,R
SO246,CC246,C246,DI246,2018-01-19 ,R
SO247,CC247,C247,DI247,2018-01-19 ,R
SO248,CC248,C248,DI248,2018-01-19 ,R
SO249,CC249,C249,DI249,2018-01-19 ,R
SO250,CC250,C250,DI250,2018-01-19 ,R
SO251,CC251,C251,DI251,2018-01-19 ,R
SO252,CC252,C252,DI252,2018-01-19 ,R
SO253,CC253,C253,DI253,2018-01-19 ,R
SO254,CC254,C254,DI254,2018-01-19 ,R
SO255,CC255,C255,DI255,2018-01-19 ,R
SO256,CC256,C256,DI256,2018-01-19 ,R
SO257,CC257,C257,DI257,2018-01-19 ,R
SO258,CC258,C258,DI258,2018-01-19 ,R
SO259,CC259,C259,DI259,2018-01-19 ,R
SO260,CC260,C260,DI260,2018-01-19 ,R
SO261,CC261,C261,DI261,2018-01-19 ,R
SO262,CC262,C262,DI262,2018-01-19 ,R
SO263,CC263,C263,DI263,2018-01-19 ,R
SO264,CC264,C264,DI264,2018-01-19 ,R
SO265,CC265,C265,DI265,2018-01-19 ,R
SO266,CC266,C266,DI266,2018-01-19 ,R
SO267,CC267,C267,DI267,2018-01-19 ,R
SO268,CC268,C268,DI268,2018-01-19 ,R
SO269,CC269,C269,DI269,2018-01-19 ,R
SO270,CC270,C270,DI270,2018-01-19 ,R
SO271,CC271,C271,DI271,2018-01-19 ,R
SO272,CC272,C272,DI272,2018-01-19 ,R
SO273,CC273,C273,DI273,2018-01-19 ,R
SO274,CC274,C274,DI274,2018-01-19 ,R
SO275,CC275,C275,DI275,2018-01-19 ,R
SO276,CC276,C276,DI276,2018-01-19 ,R
SO277,CC277,C277,DI277,2018-01-19 ,R
SO278,CC278,C278,DI278,2018-01-19 ,R
SO279,CC279,C279,DI279,2018-01-19 ,R
SO280,CC280,C280,DI280,2018-01-19 ,R
SO281,CC281,C281,DI281,2018-01-19 ,R
SO282,CC282,C282,DI282,2018-01-19 ,R
SO283,CC283,C283,DI283,2018-01-19 ,R
SO284,CC284,C284,DI284,2018-01-19 ,R
SO285,CC285,C285,DI285,2018-01-19 ,R
SO286,CC286,C286,DI286,2018-01-19 ,R
SO287,CC287,C287,DI287,2018-01-19 ,R
SO288,CC288,C288,DI288,2018-01-19 ,R
SO289,CC289,C289,DI289,2018-01-19 ,R
SO290,CC290,C290,DI290,2018-01-19 ,R
SO291,CC291,C291,DI291,2018-01-19 ,R
SO292,CC292,C292,DI292,2018-01-19 ,R
SO293,CC293,C293,DI293,2018-01-19 ,R
SO294,CC294,C294,DI294,2018-01-19 ,R
SO295,CC295,C295,DI295,2018-01-19 ,R
SO296,CC296,C296,DI296,2018-01-19 ,R
SO297,CC297,C297,DI297,2018-01-19 ,R
SO298,CC298,C298,DI298,2018-01-19 ,R
SO299,CC299,C299,DI299,2018-01-19 ,R
SO300,CC300,C300,DI300,2018-01-19 ,R
SO301,CC301,C301,DI301,2018-01-19 ,R
SO302,CC302,C302,DI302,2018-01-19 ,R
SO303,CC303,C303,DI303,2018-01-19 ,R
SO304,CC304,C304,DI304,2018-01-19 ,R
SO305,CC305,C305,DI305,2018-01-19 ,R
SO306,CC306,C306,DI306,2018-01-19 ,R
SO307,CC307,C307,DI307,2018-01-19 ,R
SO308,CC308,C308,DI308,2018-01-19 ,R
SO309,CC309,C309,DI309,2018-01-19 ,R
SO310,CC310,C310,DI310,2018-01-19 ,R
SO311,CC311,C311,DI311,2018-01-19 ,R
SO312,CC312,C312,DI312,2018-01-19 ,R
SO313,CC313,C313,DI313,2018-01-19 ,R
SO314,CC314,C314,DI314,2018-01-19 ,R
SO315,CC315,C315,DI315,2018-01-19 ,R
SO316,CC316,C316,DI316,2018-01-19 ,R
SO317,CC317,C317,DI317,2018-01-19 ,R
SO318,CC318,C318,DI318,2018-01-19 ,R
SO319,CC319,C319,DI319,2018-01-19 ,R
SO320,CC320,C320,DI320,2018-01-19 ,R
SO321,CC321,C321,DI321,2018-01-19 ,R
SO322,CC322,C322,DI322,2018-01-19 ,R
SO323,CC323,C323,DI323,2018-01-19 ,R
SO324,CC324,C324,DI324,2018-01-19 ,R
SO325,CC325,C325,DI325,2018-01-19 ,R
SO326,CC326,C326,DI326,2018-01-19 ,R
SO327,CC327,C327,DI327,2018-01-19 ,R
SO328,CC328,C328,DI328,2018-01-19 ,R
SO329,CC329,C329,DI329,2018-01-19 ,R
SO330,CC330,C330,DI330,2018-01-19 ,R
SO331,CC331,C331,DI331,2018-01-19 ,R
SO332,CC332,C332,DI332,2018-01-19 ,R
SO333,CC333,C333,DI333,2018-01-19 ,R
SO334,CC334,C334,DI334,2018-01-19 ,R
SO335,CC335,C335,DI335,2018-01-19 ,R
SO336,CC336,C336,DI336,2018-01-19 ,R
SO337,CC337,C337,DI337,2018-01-19 ,R
SO338,CC338,C338,DI338,2018-01-19 ,R
SO339,CC339,C339,DI339,2018-01-19 ,R
SO340,CC340,C340,DI340,2018-01-19 ,R
SO341,CC341,C341,DI341,2018-01-19 ,R
SO342,CC342,C342,DI342,2018-01-19 ,R
SO343,CC343,C343,DI343,2018-01-19 ,R
SO344,CC344,C344,DI344,2018-01-19 ,R
SO345,CC345,C345,DI345,2018-01-19 ,R
SO346,CC346,C346,DI346,2018-01-19 ,R
SO347,CC347,C347,DI347,2018-01-19 ,R
SO348,CC348,C348,DI348,2018-01-19 ,R
SO349,CC349,C349,DI349,2018-01-19 ,R
SO350,CC350,C350,DI350,2018-01-19 ,R
SO351,CC351,C351,DI351,2018-01-19 ,R
SO352,CC352,C352,DI352,2018-01-19 ,R
SO353,CC353,C353,DI353,2018-01-19 ,R
SO354,CC354,C354,DI354,2018-01-19 ,R
SO355,CC355,C355,DI355,2018-01-19 ,R
SO356,CC356,C356,DI356,2018-01-19 ,R
SO357,CC357,C357,DI357,2018-01-19 ,R
SO358,CC358,C358,DI358,2018-01-19 ,R
SO359,CC359,C359,DI359,2018-01-19 ,R
SO360,CC360,C360,DI360,2018-01-19 ,R
SO361,CC361,C361,DI361,2018-01-19 ,R
SO362,CC362,C362,DI362,2018-01-19 ,R
SO363,CC363,C363,DI363,2018-01-19 ,R
SO364,CC364,C364,DI364,2018-01-19 ,R
SO365,CC365,C365,DI365,2018-01-19 ,R
SO366,CC366,C366,DI366,2018-01-19 ,R
SO367,CC367,C367,DI367,2018-01-19 ,R
SO368,CC368,C368,DI368,2018-01-19 ,R
SO369,CC369,C369,DI369,2018-01-19 ,R
SO370,CC370,C370,DI370,2018-01-19 ,R
SO371,CC371,C371,DI371,2018-01-19 ,R
SO372,CC372,C372,DI372,2018-01-19 ,R
SO373,CC373,C373,DI373,2018-01-19 ,R
SO374,CC374,C374,DI374,2018-01-19 ,R
SO375,CC375,C375,DI375,2018-01-19 ,R
SO376,CC376,C376,DI376,2018-01-19 ,R
SO377,CC377,C377,DI377,2018-01-19 ,R
SO378,CC378,C378,DI378,2018-01-19 ,R
SO379,CC379,C379,DI379,2018-01-19 ,R
SO380,CC380,C380,DI380,2018-01-19 ,R
SO381,CC381,C381,DI381,2018-01-19 ,R
SO382,CC382,C382,DI382,2018-01-19 ,R
SO383,CC383,C383,DI383,2018-01-19 ,R
SO384,CC384,C384,DI384,2018-01-19 ,R
SO385,CC385,C385,DI385,2018-01-19 ,R
SO386,CC386,C386,DI386,2018-01-19 ,R
SO387,CC387,C387,DI387,2018-01-19 ,R
SO388,CC388,C388,DI388,2018-01-19 ,R
SO389,CC389,C389,DI389,2018-01-19 ,R
SO390,CC390,C390,DI390,2018-01-19 ,R
SO391,CC391,C391,DI391,2018-01-19 ,R
SO392,CC392,C392,DI392,2018-01-19 ,R
SO393,CC393,C393,DI393,2018-01-19 ,R
SO394,CC394,C394,DI394,2018-01-19 ,R
SO395,CC395,C395,DI395,2018-01-19 ,R
SO396,CC396,C396,DI396,2018-01-19 ,R
SO397,CC397,C397,DI397,2018-01-19 ,R
SO398,CC398,C398,DI398,2018-01-19 ,R
SO399,CC399,C399,DI399,2018-01-19 ,R
SO400,CC400,C400,DI400,2018-01-19 ,R
SO401,CC401,C401,DI401,2018-01-19 ,R
SO402,CC402,C402,DI402,2018-01-19 ,R
SO403,CC403,C403,DI403,2018-01-19 ,R
SO404,CC404,C404,DI404,2018-01-19 ,R
SO405,CC405,C405,DI405,2018-01-19 ,R
SO406,CC406,C406,DI406,2018-01-19 ,R
SO407,CC407,C407,DI407,2018-01-19 ,R
SO408,CC408,C408,DI408,2018-01-19 ,R
SO409,CC409,C409,DI409,2018-01-19 ,R
SO410,CC410,C410,DI410,2018-01-19 ,R
SO411,CC411,C411,DI411,2018-01-19 ,R
SO412,CC412,C412,DI412,2018-01-19 ,R
SO413,CC413,C413,DI413,2018-01-19 ,R
SO414,CC414,C414,DI414,2018-01-19 ,R
SO415,CC415,C415,DI415,2018-01-19 ,R
SO416,CC416,C416,DI416,2018-01-19 ,R
SO417,CC417,C417,DI417,2018-01-19 ,R
SO418,CC418,C418,DI418,2018-01-19 ,R
SO419,CC419,C419,DI419,2018-01-19 ,R
SO420,CC420,C420,DI420,2018-01-19 ,R
SO421,CC421,C421,DI421,2018-01-19 ,R
SO422,CC422,C422,DI422,2018-01-19 ,R
SO423,CC423,C423,DI423,2018-01-19 ,R
SO424,CC424,C424,DI424,2018-01-19 ,R
SO425,CC425,C425,DI425,2018-01-19 ,R
SO426,CC426,C426,DI426,2018-01-19 ,R
SO427,CC427,C427,DI427,2018-01-19 ,R
SO428,CC428,C428,DI428,2018-01-19 ,R
SO429,CC429,C429,DI429,2018-01-19 ,R
SO430,CC430,C430,DI430,2018-01-19 ,R
SO431,CC431,C431,DI431,2018-01-19 ,R
SO432,CC432,C432,DI432,2018-01-19 ,R
SO433,CC433,C433,DI433,2018-01-19 ,R
SO434,CC434,C434,DI434,2018-01-19 ,R
SO435,CC435,C435,DI435,2018-01-19 ,R
SO436,CC436,C436,DI436,2018-01-19 ,R
SO437,CC437,C437,DI437,2018-01-19 ,R
SO438,CC438,C438,DI438,2018-01-19 ,R
SO439,CC439,C439,DI439,2018-01-19 ,R
SO440,CC440,C440,DI440,2018-01-19 ,R
SO441,CC441,C441,DI441,2018-01-19 ,R
SO442,CC442,C442,DI442,2018-01-19 ,R
SO443,CC443,C443,DI443,2018-01-19 ,R
SO444,CC444,C444,DI444,2018-01-19 ,R
SO445,CC445,C445,DI445,2018-01-19 ,R
SO446,CC446,C446,DI446,2018-01-19 ,R
SO447,CC447,C447,DI447,2018-01-19 ,R
SO448,CC448,C448,DI448,2018-01-19 ,R
SO449,CC449,C449,DI449,2018-01-19 ,R
SO450,CC450,C450,DI450,2018-01-19 ,R
SO451,CC451,C451,DI451,2018-01-19 ,R
SO452,CC452,C452,DI452,2018-01-19 ,R
SO453,CC453,C453,DI453,2018-01-19 ,R
SO454,CC454,C454,DI454,2018-01-19 ,R
SO455,CC455,C455,DI455,2018-01-19 ,R
SO456,CC456,C456,DI456,2018-01-19 ,R
SO457,CC457,C457,DI457,2018-01-19 ,R
SO458,CC458,C458,DI458,2018-01-19 ,R
SO459,CC459,C459,DI459,2018-01-19 ,R
SO460,CC460,C460,DI460,2018-01-19 ,R
SO461,CC461,C461,DI461,2018-01-19 ,R
SO462,CC462,C462,DI462,2018-01-19 ,R
SO463,CC463,C463,DI463,2018-01-19 ,R
SO464,CC464,C464,DI464,2018-01-19 ,R
SO465,CC465,C465,DI465,2018-01-19 ,R
SO466,CC466,C466,DI466,2018-01-19 ,R
SO467,CC467,C467,DI467,2018-01-19 ,R
SO468,CC468,C468,DI468,2018-01-19 ,R
SO469,CC469,C469,DI469,2018-01-19 ,R
SO470,CC470,C470,DI470,2018-01-19 ,R
SO471,CC471,C471,DI471,2018-01-19 ,R
SO472,CC472,C472,DI472,2018-01-19 ,R
SO473,CC473,C473,DI473,2018-01-19 ,R
SO474,CC474,C474,DI474,2018-01-19 ,R
SO475,CC475,C475,DI475,2018-01-19 ,R
SO476,CC476,C476,DI476,2018-01-19 ,R
SO477,CC477,C477,DI477,2018-01-19 ,R
SO478,CC478,C478,DI478,2018-01-19 ,R
SO479,CC479,C479,DI479,2018-01-19 ,R
SO480,CC480,C480,DI480,2018-01-19 ,R
SO481,CC481,C481,DI481,2018-01-19 ,R
SO482,CC482,C482,DI482,2018-01-19 ,R
SO483,CC483,C483,DI483,2018-01-19 ,R
SO484,CC484,C484,DI484,2018-01-19 ,R
SO485,CC485,C485,DI485,2018-01-19 ,R
SO486,CC486,C486,DI486,2018-01-19 ,R
SO487,CC487,C487,DI487,2018-01-19 ,R
SO488,CC488,C488,DI488,2018-01-19 ,R
SO489,CC489,C489,DI489,2018-01-19 ,R
SO490,CC490,C490,DI490,2018-01-19 ,R
SO491,CC491,C491,DI491,2018-01-19 ,R
SO492,CC492,C492,DI492,2018-01-19 ,R
SO493,CC493,C493,DI493,2018-01-19 ,R
SO494,CC494,C494,DI494,2018-01-19 ,R
SO495,CC495,C495,DI495,2018-01-19 ,R
SO496,CC496,C496,DI496,2018-01-19 ,R
SO497,CC497,C497,DI497,2018-01-19 ,R
SO498,CC498,C498,DI498,2018-01-19 ,R
SO499,CC499,C499,DI499,2018-01-19 ,R
SO500,CC500,C500,DI500,2018-01-19 ,R
SO501,CC501,C501,DI501,2018-01-19 ,R
SO502,CC502,C502,DI502,2018-01-19 ,R
SO503,CC503,C503,DI503,2018-01-19 ,R
SO504,CC504,C504,DI504,2018-01-19 ,R
SO505,CC505,C505,DI505,2018-01-19 ,R
SO506,CC506,C506,DI506,2018-01-19 ,R
SO507,CC507,C507,DI507,2018-01-19 ,R
SO508,CC508,C508,DI508,2018-01-19 ,R
SO509,CC509,C509,DI509,2018-01-19 ,R
SO510,CC510,C510,DI510,2018-01-19 ,R
SO511,CC511,C511,DI511,2018-01-19 ,R
SO512,CC512,C512,DI512,2018-01-19 ,R
SO513,CC513,C513,DI513,2018-01-19 ,R
SO514,CC514,C514,DI514,2018-01-19 ,R
SO515,CC515,C515,DI515,2018-01-19 ,R
SO516,CC516,C516,DI516,2018-01-19 ,R
SO517,CC517,C517,DI517,2018-01-19 ,R
SO518,CC518,C518,DI518,2018-01-19 ,R
SO519,CC519,C519,DI519,2018-01-19 ,R
SO520,CC520,C520,DI520,2018-01-19 ,R
SO521,CC521,C521,DI521,2018-01-19 ,R
SO522,CC522,C522,DI522,2018-01-19 ,R
SO523,CC523,C523,DI523,2018-01-19 ,R
SO524,CC524,C524,DI524,2018-01-19 ,R
SO525,CC525,C525,DI525,2018-01-19 ,R
SO526,CC526,C526,DI526,2018-01-19 ,R
SO527,CC527,C527,DI527,2018-01-19 ,R
SO528,CC528,C528,DI528,2018-01-19 ,R
SO529,CC529,C529,DI529,2018-01-19 ,R
SO530,CC530,C530,DI530,2018-01-19 ,R
SO531,CC531,C531,DI531,2018-01-19 ,R
SO532,CC532,C532,DI532,2018-01-19 ,R
SO533,CC533,C533,DI533,2018-01-19 ,R
SO534,CC534,C534,DI534,2018-01-19 ,R
SO535,CC535,C535,DI535,2018-01-19 ,R
SO536,CC536,C536,DI536,2018-01-19 ,R
SO537,CC537,C537,DI537,2018-01-19 ,R
SO538,CC538,C538,DI538,2018-01-19 ,R
SO539,CC539,C539,DI539,2018-01-19 ,R
SO540,CC540,C540,DI540,2018-01-19 ,R
SO541,CC541,C541,DI541,2018-01-19 ,R
SO542,CC542,C542,DI542,2018-01-19 ,R
SO543,CC543,C543,DI543,2018-01-19 ,R
SO544,CC544,C544,DI544,2018-01-19 ,R
SO545,CC545,C545,DI545,2018-01-19 ,R
SO546,CC546,C546,DI546,2018-01-19 ,R
SO547,CC547,C547,DI547,2018-01-19 ,R
SO548,CC548,C548,DI548,2018-01-19 ,R
SO549,CC549,C549,DI549,2018-01-19 ,R
SO550,CC550,C550,DI550,2018-01-19 ,R
SO551,CC551,C551,DI551,2018-01-19 ,R
SO552,CC552,C552,DI552,2018-01-19 ,R
SO553,CC553,C553,DI553,2018-01-19 ,R
SO554,CC554,C554,DI554,2018-01-19 ,R
SO555,CC555,C555,DI555,2018-01-19 ,R
SO556,CC556,C556,DI556,2018-01-19 ,R
SO557,CC557,C557,DI557,2018-01-19 ,R
SO558,CC558,C558,DI558,2018-01-19 ,R
SO559,CC559,C559,DI559,2018-01-19 ,R
SO560,CC560,C560,DI560,2018-01-19 ,R
SO561,CC561,C561,DI561,2018-01-19 ,R
SO562,CC562,C562,DI562,2018-01-19 ,R
SO563,CC563,C563,DI563,2018-01-19 ,R
SO564,CC564,C564,DI564,2018-01-19 ,R
SO565,CC565,C565,DI565,2018-01-19 ,R
SO566,CC566,C566,DI566,2018-01-19 ,R
SO567,CC567,C567,DI567,2018-01-19 ,R
SO568,CC568,C568,DI568,2018-01-19 ,R
SO569,CC569,C569,DI569,2018-01-19 ,R
SO570,CC570,C570,DI570,2018-01-19 ,R
SO571,CC571,C571,DI571,2018-01-19 ,R
SO572,CC572,C572,DI572,2018-01-19 ,R
SO573,CC573,C573,DI573,2018-01-19 ,R
SO574,CC574,C574,DI574,2018-01-19 ,R
SO575,CC575,C575,DI575,2018-01-19 ,R
SO576,CC576,C576,DI576,2018-01-19 ,R
SO577,CC577,C577,DI577,2018-01-19 ,R
SO578,CC578,C578,DI578,2018-01-19 ,R
SO579,CC579,C579,DI579,2018-01-19 ,R
SO580,CC580,C580,DI580,2018-01-19 ,R
SO581,CC581,C581,DI581,2018-01-19 ,R
SO582,CC582,C582,DI582,2018-01-19 ,R
SO583,CC583,C583,DI583,2018-01-19 ,R
SO584,CC584,C584,DI584,2018-01-19 ,R
SO585,CC585,C585,DI585,2018-01-19 ,R
SO586,CC586,C586,DI586,2018-01-19 ,R
SO587,CC587,C587,DI587,2018-01-19 ,R
SO588,CC588,C588,DI588,2018-01-19 ,R
SO589,CC589,C589,DI589,2018-01-19 ,R
SO590,CC590,C590,DI590,2018-01-19 ,R
SO591,CC591,C591,DI591,2018-01-19 ,R
SO592,CC592,C592,DI592,2018-01-19 ,R
SO593,CC593,C593,DI593,2018-01-19 ,R
SO594,CC594,C594,DI594,2018-01-19 ,R
SO595,CC595,C595,DI595,2018-01-19 ,R
SO596,CC596,C596,DI596,2018-01-19 ,R
SO597,CC597,C597,DI597,2018-01-19 ,R
SO598,CC598,C598,DI598,2018-01-19 ,R
SO599,CC599,C599,DI599,2018-01-19 ,R
SO600,CC600,C600,DI600,2018-01-19 ,R
SO601,CC601,C601,DI601,2018-01-19 ,R
SO602,CC602,C602,DI602,2018-01-19 ,R
SO603,CC603,C603,DI603,2018-01-19 ,R
SO604,CC604,C604,DI604,2018-01-19 ,R
SO605,CC605,C605,DI605,2018-01-19 ,R
SO606,CC606,C606,DI606,2018-01-19 ,R
SO607,CC607,C607,DI607,2018-01-19 ,R
SO608,CC608,C608,DI608,2018-01-19 ,R
SO609,CC609,C609,DI609,2018-01-19 ,R
SO610,CC610,C610,DI610,2018-01-19 ,R
SO611,CC611,C611,DI611,2018-01-19 ,R
SO612,CC612,C612,DI612,2018-01-19 ,R
SO613,CC613,C613,DI613,2018-01-19 ,R
SO614,CC614,C614,DI614,2018-01-19 ,R
SO615,CC615,C615,DI615,2018-01-19 ,R
SO616,CC616,C616,DI616,2018-01-19 ,R
SO617,CC617,C617,DI617,2018-01-19 ,R
SO618,CC618,C618,DI618,2018-01-19 ,R
SO619,CC619,C619,DI619,2018-01-19 ,R
SO620,CC620,C620,DI620,2018-01-19 ,R
SO621,CC621,C621,DI621,2018-01-19 ,R
SO622,CC622,C622,DI622,2018-01-19 ,R
SO623,CC623,C623,DI623,2018-01-19 ,R
SO624,CC624,C624,DI624,2018-01-19 ,R
SO625,CC625,C625,DI625,2018-01-19 ,R
SO626,CC626,C626,DI626,2018-01-19 ,R
SO627,CC627,C627,DI627,2018-01-19 ,R
SO628,CC628,C628,DI628,2018-01-19 ,R
SO629,CC629,C629,DI629,2018-01-19 ,R
SO630,CC630,C630,DI630,2018-01-19 ,R
SO631,CC631,C631,DI631,2018-01-19 ,R
SO632,CC632,C632,DI632,2018-01-19 ,R
SO633,CC633,C633,DI633,2018-01-19 ,R
SO634,CC634,C634,DI634,2018-01-19 ,R
SO635,CC635,C635,DI635,2018-01-19 ,R
SO636,CC636,C636,DI636,2018-01-19 ,R
SO637,CC637,C637,DI637,2018-01-19 ,R
SO638,CC638,C638,DI638,2018-01-19 ,R
SO639,CC639,C639,DI639,2018-01-19 ,R
SO640,CC640,C640,DI640,2018-01-19 ,R
SO641,CC641,C641,DI641,2018-01-19 ,R
SO642,CC642,C642,DI642,2018-01-19 ,R
SO643,CC643,C643,DI643,2018-01-19 ,R
SO644,CC644,C644,DI644,2018-01-19 ,R
SO645,CC645,C645,DI645,2018-01-19 ,R
SO646,CC646,C646,DI646,2018-01-19 ,R
SO647,CC647,C647,DI647,2018-01-19 ,R
SO648,CC648,C648,DI648,2018-01-19 ,R
SO649,CC649,C649,DI649,2018-01-19 ,R
SO650,CC650,C650,DI650,2018-01-19 ,R
SO651,CC651,C651,DI651,2018-01-19 ,R
SO652,CC652,C652,DI652,2018-01-19 ,R
SO653,CC653,C653,DI653,2018-01-19 ,R
SO654,CC654,C654,DI654,2018-01-19 ,R
SO655,CC655,C655,DI655,2018-01-19 ,R
SO656,CC656,C656,DI656,2018-01-19 ,R
SO657,CC657,C657,DI657,2018-01-19 ,R
SO658,CC658,C658,DI658,2018-01-19 ,R
SO659,CC659,C659,DI659,2018-01-19 ,R
SO660,CC660,C660,DI660,2018-01-19 ,R
SO661,CC661,C661,DI661,2018-01-19 ,R
SO662,CC662,C662,DI662,2018-01-19 ,R
SO663,CC663,C663,DI663,2018-01-19 ,R
SO664,CC664,C664,DI664,2018-01-19 ,R
SO665,CC665,C665,DI665,2018-01-19 ,R
SO666,CC666,C666,DI666,2018-01-19 ,R
SO667,CC667,C667,DI667,2018-01-19 ,R
SO668,CC668,C668,DI668,2018-01-19 ,R
SO669,CC669,C669,DI669,2018-01-19 ,R
SO670,CC670,C670,DI670,2018-01-19 ,R
SO671,CC671,C671,DI671,2018-01-19 ,R
SO672,CC672,C672,DI672,2018-01-19 ,R
SO673,CC673,C673,DI673,2018-01-19 ,R
SO674,CC674,C674,DI674,2018-01-19 ,R
SO675,CC675,C675,DI675,2018-01-19 ,R
SO676,CC676,C676,DI676,2018-01-19 ,R
SO677,CC677,C677,DI677,2018-01-19 ,R
SO678,CC678,C678,DI678,2018-01-19 ,R
SO679,CC679,C679,DI679,2018-01-19 ,R
SO680,CC680,C680,DI680,2018-01-19 ,R
SO681,CC681,C681,DI681,2018-01-19 ,R
SO682,CC682,C682,DI682,2018-01-19 ,R
SO683,CC683,C683,DI683,2018-01-19 ,R
SO684,CC684,C684,DI684,2018-01-19 ,R
SO685,CC685,C685,DI685,2018-01-19 ,R
SO686,CC686,C686,DI686,2018-01-19 ,R
SO687,CC687,C687,DI687,2018-01-19 ,R
SO688,CC688,C688,DI688,2018-01-19 ,R
SO689,CC689,C689,DI689,2018-01-19 ,R
SO690,CC690,C690,DI690,2018-01-19 ,R
SO691,CC691,C691,DI691,2018-01-19 ,R
SO692,CC692,C692,DI692,2018-01-19 ,R
SO693,CC693,C693,DI693,2018-01-19 ,R
SO694,CC694,C694,DI694,2018-01-19 ,R
SO695,CC695,C695,DI695,2018-01-19 ,R
SO696,CC696,C696,DI696,2018-01-19 ,R
SO697,CC697,C697,DI697,2018-01-19 ,R
SO698,CC698,C698,DI698,2018-01-19 ,R
SO699,CC699,C699,DI699,2018-01-19 ,R
SO700,CC700,C700,DI700,2018-01-19 ,R
SO701,CC701,C701,DI701,2018-01-19 ,R
SO702,CC702,C702,DI702,2018-01-19 ,R
SO703,CC703,C703,DI703,2018-01-19 ,R
SO704,CC704,C704,DI704,2018-01-19 ,R
SO705,CC705,C705,DI705,2018-01-19 ,R
SO706,CC706,C706,DI706,2018-01-19 ,R
SO707,CC707,C707,DI707,2018-01-19 ,R
SO708,CC708,C708,DI708,2018-01-19 ,R
SO709,CC709,C709,DI709,2018-01-19 ,R
SO710,CC710,C710,DI710,2018-01-19 ,R
SO711,CC711,C711,DI711,2018-01-19 ,R
SO712,CC712,C712,DI712,2018-01-19 ,R
SO713,CC713,C713,DI713,2018-01-19 ,R
SO714,CC714,C714,DI714,2018-01-19 ,R
SO715,CC715,C715,DI715,2018-01-19 ,R
SO716,CC716,C716,DI716,2018-01-19 ,R
SO717,CC717,C717,DI717,2018-01-19 ,R
SO718,CC718,C718,DI718,2018-01-19 ,R
SO719,CC719,C719,DI719,2018-01-19 ,R
SO720,CC720,C720,DI720,2018-01-19 ,R
SO721,CC721,C721,DI721,2018-01-19 ,R
SO722,CC722,C722,DI722,2018-01-19 ,R
SO723,CC723,C723,DI723,2018-01-19 ,R
SO724,CC724,C724,DI724,2018-01-19 ,R
SO725,CC725,C725,DI725,2018-01-19 ,R
SO726,CC726,C726,DI726,2018-01-19 ,R
SO727,CC727,C727,DI727,2018-01-19 ,R
SO728,CC728,C728,DI728,2018-01-19 ,R
SO729,CC729,C729,DI729,2018-01-19 ,R
SO730,CC730,C730,DI730,2018-01-19 ,R
SO731,CC731,C731,DI731,2018-01-19 ,R
SO732,CC732,C732,DI732,2018-01-19 ,R
SO733,CC733,C733,DI733,2018-01-19 ,R
SO734,CC734,C734,DI734,2018-01-19 ,R
SO735,CC735,C735,DI735,2018-01-19 ,R
SO736,CC736,C736,DI736,2018-01-19 ,R
SO737,CC737,C737,DI737,2018-01-19 ,R
SO738,CC738,C738,DI738,2018-01-19 ,R
SO739,CC739,C739,DI739,2018-01-19 ,R
SO740,CC740,C740,DI740,2018-01-19 ,R
SO741,CC741,C741,DI741,2018-01-19 ,R
SO742,CC742,C742,DI742,2018-01-19 ,R
SO743,CC743,C743,DI743,2018-01-19 ,R
SO744,CC744,C744,DI744,2018-01-19 ,R
SO745,CC745,C745,DI745,2018-01-19 ,R
SO746,CC746,C746,DI746,2018-01-19 ,R
SO747,CC747,C747,DI747,2018-01-19 ,R
SO748,CC748,C748,DI748,2018-01-19 ,R
SO749,CC749,C749,DI749,2018-01-19 ,R
SO750,CC750,C750,DI750,2018-01-19 ,R
SO751,CC751,C751,DI751,2018-01-19 ,R
SO752,CC752,C752,DI752,2018-01-19 ,R
SO753,CC753,C753,DI753,2018-01-19 ,R
SO754,CC754,C754,DI754,2018-01-19 ,R
SO755,CC755,C755,DI755,2018-01-19 ,R
SO756,CC756,C756,DI756,2018-01-19 ,R
SO757,CC757,C757,DI757,2018-01-19 ,R
SO758,CC758,C758,DI758,2018-01-19 ,R
SO759,CC759,C759,DI759,2018-01-19 ,R
SO760,CC760,C760,DI760,2018-01-19 ,R
SO761,CC761,C761,DI761,2018-01-19 ,R
SO762,CC762,C762,DI762,2018-01-19 ,R
SO763,CC763,C763,DI763,2018-01-19 ,R
SO764,CC764,C764,DI764,2018-01-19 ,R
SO765,CC765,C765,DI765,2018-01-19 ,R
SO766,CC766,C766,DI766,2018-01-19 ,R
SO767,CC767,C767,DI767,2018-01-19 ,R
SO768,CC768,C768,DI768,2018-01-19 ,R
SO769,CC769,C769,DI769,2018-01-19 ,R
SO770,CC770,C770,DI770,2018-01-19 ,R
SO771,CC771,C771,DI771,2018-01-19 ,R
SO772,CC772,C772,DI772,2018-01-19 ,R
SO773,CC773,C773,DI773,2018-01-19 ,R
SO774,CC774,C774,DI774,2018-01-19 ,R
SO775,CC775,C775,DI775,2018-01-19 ,R
SO776,CC776,C776,DI776,2018-01-19 ,R
SO777,CC777,C777,DI777,2018-01-19 ,R
SO778,CC778,C778,DI778,2018-01-19 ,R
SO779,CC779,C779,DI779,2018-01-19 ,R
SO780,CC780,C780,DI780,2018-01-19 ,R
SO781,CC781,C781,DI781,2018-01-19 ,R
SO782,CC782,C782,DI782,2018-01-19 ,R
SO783,CC783,C783,DI783,2018-01-19 ,R
SO784,CC784,C784,DI784,2018-01-19 ,R
SO785,CC785,C785,DI785,2018-01-19 ,R
SO786,CC786,C786,DI786,2018-01-19 ,R
SO787,CC787,C787,DI787,2018-01-19 ,R
SO788,CC788,C788,DI788,2018-01-19 ,R
SO789,CC789,C789,DI789,2018-01-19 ,R
SO790,CC790,C790,DI790,2018-01-19 ,R
SO791,CC791,C791,DI791,2018-01-19 ,R
SO792,CC792,C792,DI792,2018-01-19 ,R
SO793,CC793,C793,DI793,2018-01-19 ,R
SO794,CC794,C794,DI794,2018-01-19 ,R
SO795,CC795,C795,DI795,2018-01-19 ,R
SO796,CC796,C796,DI796,2018-01-19 ,R
SO797,CC797,C797,DI797,2018-01-19 ,R
SO798,CC798,C798,DI798,2018-01-19 ,R
SO799,CC799,C799,DI799,2018-01-19 ,R
SO800,CC800,C800,DI800,2018-01-19 ,R
SO801,CC801,C801,DI801,2018-01-19 ,R
SO802,CC802,C802,DI802,2018-01-19 ,R
SO803,CC803,C803,DI803,2018-01-19 ,R
SO804,CC804,C804,DI804,2018-01-19 ,R
SO805,CC805,C805,DI805,2018-01-19 ,R
SO806,CC806,C806,DI806,2018-01-19 ,R
SO807,CC807,C807,DI807,2018-01-19 ,R
SO808,CC808,C808,DI808,2018-01-19 ,R
SO809,CC809,C809,DI809,2018-01-19 ,R
SO810,CC810,C810,DI810,2018-01-19 ,R
SO811,CC811,C811,DI811,2018-01-19 ,R
SO812,CC812,C812,DI812,2018-01-19 ,R
SO813,CC813,C813,DI813,2018-01-19 ,R
SO814,CC814,C814,DI814,2018-01-19 ,R
SO815,CC815,C815,DI815,2018-01-19 ,R
SO816,CC816,C816,DI816,2018-01-19 ,R
SO817,CC817,C817,DI817,2018-01-19 ,R
SO818,CC818,C818,DI818,2018-01-19 ,R
SO819,CC819,C819,DI819,2018-01-19 ,R
SO820,CC820,C820,DI820,2018-01-19 ,R
SO821,CC821,C821,DI821,2018-01-19 ,R
SO822,CC822,C822,DI822,2018-01-19 ,R
SO823,CC823,C823,DI823,2018-01-19 ,R
SO824,CC824,C824,DI824,2018-01-19 ,R
SO825,CC825,C825,DI825,2018-01-19 ,R
SO826,CC826,C826,DI826,2018-01-19 ,R
SO827,CC827,C827,DI827,2018-01-19 ,R
SO828,CC828,C828,DI828,2018-01-19 ,R
SO829,CC829,C829,DI829,2018-01-19 ,R
SO830,CC830,C830,DI830,2018-01-19 ,R
SO831,CC831,C831,DI831,2018-01-19 ,R
SO832,CC832,C832,DI832,2018-01-19 ,R
SO833,CC833,C833,DI833,2018-01-19 ,R
SO834,CC834,C834,DI834,2018-01-19 ,R
SO835,CC835,C835,DI835,2018-01-19 ,R
SO836,CC836,C836,DI836,2018-01-19 ,R
SO837,CC837,C837,DI837,2018-01-19 ,R
SO838,CC838,C838,DI838,2018-01-19 ,R
SO839,CC839,C839,DI839,2018-01-19 ,R
SO840,CC840,C840,DI840,2018-01-19 ,R
SO841,CC841,C841,DI841,2018-01-19 ,R
SO842,CC842,C842,DI842,2018-01-19 ,R
SO843,CC843,C843,DI843,2018-01-19 ,R
SO844,CC844,C844,DI844,2018-01-19 ,R
SO845,CC845,C845,DI845,2018-01-19 ,R
SO846,CC846,C846,DI846,2018-01-19 ,R
SO847,CC847,C847,DI847,2018-01-19 ,R
SO848,CC848,C848,DI848,2018-01-19 ,R
SO849,CC849,C849,DI849,2018-01-19 ,R
SO850,CC850,C850,DI850,2018-01-19 ,R
SO851,CC851,C851,DI851,2018-01-19 ,R
SO852,CC852,C852,DI852,2018-01-19 ,R
SO853,CC853,C853,DI853,2018-01-19 ,R
SO854,CC854,C854,DI854,2018-01-19 ,R
SO855,CC855,C855,DI855,2018-01-19 ,R
SO856,CC856,C856,DI856,2018-01-19 ,R
SO857,CC857,C857,DI857,2018-01-19 ,R
SO858,CC858,C858,DI858,2018-01-19 ,R
SO859,CC859,C859,DI859,2018-01-19 ,R
SO860,CC860,C860,DI860,2018-01-19 ,R
SO861,CC861,C861,DI861,2018-01-19 ,R
SO862,CC862,C862,DI862,2018-01-19 ,R
SO863,CC863,C863,DI863,2018-01-19 ,R
SO864,CC864,C864,DI864,2018-01-19 ,R
SO865,CC865,C865,DI865,2018-01-19 ,R
SO866,CC866,C866,DI866,2018-01-19 ,R
SO867,CC867,C867,DI867,2018-01-19 ,R
SO868,CC868,C868,DI868,2018-01-19 ,R
SO869,CC869,C869,DI869,2018-01-19 ,R
SO870,CC870,C870,DI870,2018-01-19 ,R
SO871,CC871,C871,DI871,2018-01-19 ,R
SO872,CC872,C872,DI872,2018-01-19 ,R
SO873,CC873,C873,DI873,2018-01-19 ,R
SO874,CC874,C874,DI874,2018-01-19 ,R
SO875,CC875,C875,DI875,2018-01-19 ,R
SO876,CC876,C876,DI876,2018-01-19 ,R
SO877,CC877,C877,DI877,2018-01-19 ,R
SO878,CC878,C878,DI878,2018-01-19 ,R
SO879,CC879,C879,DI879,2018-01-19 ,R
SO880,CC880,C880,DI880,2018-01-19 ,R
SO881,CC881,C881,DI881,2018-01-19 ,R
SO882,CC882,C882,DI882,2018-01-19 ,R
SO883,CC883,C883,DI883,2018-01-19 ,R
SO884,CC884,C884,DI884,2018-01-19 ,R
SO885,CC885,C885,DI885,2018-01-19 ,R
SO886,CC886,C886,DI886,2018-01-19 ,R
SO887,CC887,C887,DI887,2018-01-19 ,R
SO888,CC888,C888,DI888,2018-01-19 ,R
SO889,CC889,C889,DI889,2018-01-19 ,R
SO890,CC890,C890,DI890,2018-01-19 ,R
SO891,CC891,C891,DI891,2018-01-19 ,R
SO892,CC892,C892,DI892,2018-01-19 ,R
SO893,CC893,C893,DI893,2018-01-19 ,R
SO894,CC894,C894,DI894,2018-01-19 ,R
SO895,CC895,C895,DI895,2018-01-19 ,R
SO896,CC896,C896,DI896,2018-01-19 ,R
SO897,CC897,C897,DI897,2018-01-19 ,R
SO898,CC898,C898,DI898,2018-01-19 ,R
SO899,CC899,C899,DI899,2018-01-19 ,R
SO900,CC900,C900,DI900,2018-01-19 ,R
SO901,CC901,C901,DI901,2018-01-19 ,R
SO902,CC902,C902,DI902,2018-01-19 ,R
SO903,CC903,C903,DI903,2018-01-19 ,R
SO904,CC904,C904,DI904,2018-01-19 ,R
SO905,CC905,C905,DI905,2018-01-19 ,R
SO906,CC906,C906,DI906,2018-01-19 ,R
SO907,CC907,C907,DI907,2018-01-19 ,R
SO908,CC908,C908,DI908,2018-01-19 ,R
SO909,CC909,C909,DI909,2018-01-19 ,R
SO910,CC910,C910,DI910,2018-01-19 ,R
SO911,CC911,C911,DI911,2018-01-19 ,R
SO912,CC912,C912,DI912,2018-01-19 ,R
SO913,CC913,C913,DI913,2018-01-19 ,R
SO914,CC914,C914,DI914,2018-01-19 ,R
SO915,CC915,C915,DI915,2018-01-19 ,R
SO916,CC916,C916,DI916,2018-01-19 ,R
SO917,CC917,C917,DI917,2018-01-19 ,R
SO918,CC918,C918,DI918,2018-01-19 ,R
SO919,CC919,C919,DI919,2018-01-19 ,R
SO920,CC920,C920,DI920,2018-01-19 ,R
SO921,CC921,C921,DI921,2018-01-19 ,R
SO922,CC922,C922,DI922,2018-01-19 ,R
SO923,CC923,C923,DI923,2018-01-19 ,R
SO924,CC924,C924,DI924,2018-01-19 ,R
SO925,CC925,C925,DI925,2018-01-19 ,R
SO926,CC926,C926,DI926,2018-01-19 ,R
SO927,CC927,C927,DI927,2018-01-19 ,R
SO928,CC928,C928,DI928,2018-01-19 ,R
SO929,CC929,C929,DI929,2018-01-19 ,R
SO930,CC930,C930,DI930,2018-01-19 ,R
SO931,CC931,C931,DI931,2018-01-19 ,R
SO932,CC932,C932,DI932,2018-01-19 ,R
SO933,CC933,C933,DI933,2018-01-19 ,R
SO934,CC934,C934,DI934,2018-01-19 ,R
SO935,CC935,C935,DI935,2018-01-19 ,R
SO936,CC936,C936,DI936,2018-01-19 ,R
SO937,CC937,C937,DI937,2018-01-19 ,R
SO938,CC938,C938,DI938,2018-01-19 ,R
SO939,CC939,C939,DI939,2018-01-19 ,R
SO940,CC940,C940,DI940,2018-01-19 ,R
SO941,CC941,C941,DI941,2018-01-19 ,R
SO942,CC942,C942,DI942,2018-01-19 ,R
SO943,CC943,C943,DI943,2018-01-19 ,R
SO944,CC944,C944,DI944,2018-01-19 ,R
SO945,CC945,C945,DI945,2018-01-19 ,R
SO946,CC946,C946,DI946,2018-01-19 ,R
SO947,CC947,C947,DI947,2018-01-19 ,R
SO948,CC948,C948,DI948,2018-01-19 ,R
SO949,CC949,C949,DI949,2018-01-19 ,R
SO950,CC950,C950,DI950,2018-01-19 ,R
SO951,CC951,C951,DI951,2018-01-19 ,R
SO952,CC952,C952,DI952,2018-01-19 ,R
SO953,CC953,C953,DI953,2018-01-19 ,R
SO954,CC954,C954,DI954,2018-01-19 ,R
SO955,CC955,C955,DI955,2018-01-19 ,R
SO956,CC956,C956,DI956,2018-01-19 ,R
SO957,CC957,C957,DI957,2018-01-19 ,R
SO958,CC958,C958,DI958,2018-01-19 ,R
SO959,CC959,C959,DI959,2018-01-19 ,R
SO960,CC960,C960,DI960,2018-01-19 ,R
SO961,CC961,C961,DI961,2018-01-19 ,R
SO962,CC962,C962,DI962,2018-01-19 ,R
SO963,CC963,C963,DI963,2018-01-19 ,R
SO964,CC964,C964,DI964,2018-01-19 ,R
SO965,CC965,C965,DI965,2018-01-19 ,R
SO966,CC966,C966,DI966,2018-01-19 ,R
SO967,CC967,C967,DI967,2018-01-19 ,R
SO968,CC968,C968,DI968,2018-01-19 ,R
SO969,CC969,C969,DI969,2018-01-19 ,R
SO970,CC970,C970,DI970,2018-01-19 ,R
SO971,CC971,C971,DI971,2018-01-19 ,R
SO972,CC972,C972,DI972,2018-01-19 ,R
SO973,CC973,C973,DI973,2018-01-19 ,R
SO974,CC974,C974,DI974,2018-01-19 ,R
SO975,CC975,C975,DI975,2018-01-19 ,R
SO976,CC976,C976,DI976,2018-01-19 ,R
SO977,CC977,C977,DI977,2018-01-19 ,R
SO978,CC978,C978,DI978,2018-01-19 ,R
SO979,CC979,C979,DI979,2018-01-19 ,R
SO980,CC980,C980,DI980,2018-01-19 ,R
SO981,CC981,C981,DI981,2018-01-19 ,R
SO982,CC982,C982,DI982,2018-01-19 ,R
SO983,CC983,C983,DI983,2018-01-19 ,R
SO984,CC984,C984,DI984,2018-01-19 ,R
SO985,CC985,C985,DI985,2018-01-19 ,R
SO986,CC986,C986,DI986,2018-01-19 ,R
SO987,CC987,C987,DI987,2018-01-19 ,R
SO988,CC988,C988,DI988,2018-01-19 ,R
SO989,CC989,C989,DI989,2018-01-19 ,R
SO990,CC990,C990,DI990,2018-01-19 ,R
SO991,CC991,C991,DI991,2018-01-19 ,R
SO992,CC992,C992,DI992,2018-01-19 ,R
SO993,CC993,C993,DI993,2018-01-19 ,R
SO994,CC994,C994,DI994,2018-01-19 ,R
SO995,CC995,C995,DI995,2018-01-19 ,R
SO996,CC996,C996,DI996,2018-01-19 ,R
SO997,CC997,C997,DI997,2018-01-19 ,R
SO998,CC998,C998,DI998,2018-01-19 ,R
SO999,CC999,C999,DI999,2018-01-19 ,R
SO1000,CC1000,C1000,DI1000,2018-01-19 ,R