po_id,vendor_id,batch_id,created_date,received_date,supplier_code,co_ords,status
PO1,VO1,BI1,,2018-01-22,SC1,C1,R
PO2,VO2,BI2,,2018-01-22,SC2,C2,R
PO3,VO3,BI3,,2018-01-22,SC3,C3,R
PO4,VO4,BI4,,2018-01-22,SC4,C4,R
PO5,VO5,BI5,,2018-01-22,SC5,C5,R
PO6,VO6,BI6,,2018-01-22,SC6,C6,R
PO7,VO7,BI7,,2018-01-22,SC7,C7,R
PO8,VO8,BI8,,2018-01-22,SC8,C8,R
PO9,VO9,BI9,,2018-01-22,SC9,C9,R
PO10,VO10,BI10,,2018-01-22,SC10,C10,R
PO11,VO11,BI11,,2018-01-22,SC11,C11,R
PO12,VO12,BI12,,2018-01-22,SC12,C12,R
PO13,VO13,BI13,,2018-01-22,SC13,C13,R
PO14,VO14,BI14,,2018-01-22,SC14,C14,R
PO15,VO15,BI15,,2018-01-22,SC15,C15,R
PO16,VO16,BI16,,2018-01-22,SC16,C16,R
PO17,VO17,BI17,,2018-01-22,SC17,C17,R
PO18,VO18,BI18,,2018-01-22,SC18,C18,R
PO19,VO19,BI19,,2018-01-22,SC19,C19,R
PO20,VO20,BI20,,2018-01-22,SC20,C20,R
PO21,VO21,BI21,,2018-01-22,SC21,C21,R
PO22,VO22,BI22,,2018-01-22,SC22,C22,R
PO23,VO23,BI23,,2018-01-22,SC23,C23,R
PO24,VO24,BI24,,2018-01-22,SC24,C24,R
PO25,VO25,BI25,,2018-01-22,SC25,C25,R
PO26,VO26,BI26,,2018-01-22,SC26,C26,R
PO27,VO27,BI27,,2018-01-22,SC27,C27,R
PO28,VO28,BI28,,2018-01-22,SC28,C28,R
PO29,VO29,BI29,,2018-01-22,SC29,C29,R
PO30,VO30,BI30,,2018-01-22,SC30,C30,R
PO31,VO31,BI31,,2018-01-22,SC31,C31,R
PO32,VO32,BI32,,2018-01-22,SC32,C32,R
PO33,VO33,BI33,,2018-01-22,SC33,C33,R
PO34,VO34,BI34,,2018-01-22,SC34,C34,R
PO35,VO35,BI35,,2018-01-22,SC35,C35,R
PO36,VO36,BI36,,2018-01-22,SC36,C36,R
PO37,VO37,BI37,,2018-01-22,SC37,C37,R
PO38,VO38,BI38,,2018-01-22,SC38,C38,R
PO39,VO39,BI39,,2018-01-22,SC39,C39,R
PO40,VO40,BI40,,2018-01-22,SC40,C40,R
PO41,VO41,BI41,,2018-01-22,SC41,C41,R
PO42,VO42,BI42,,2018-01-22,SC42,C42,R
PO43,VO43,BI43,,2018-01-22,SC43,C43,R
PO44,VO44,BI44,,2018-01-22,SC44,C44,R
PO45,VO45,BI45,,2018-01-22,SC45,C45,R
PO46,VO46,BI46,,2018-01-22,SC46,C46,R
PO47,VO47,BI47,,2018-01-22,SC47,C47,R
PO48,VO48,BI48,,2018-01-22,SC48,C48,R
PO49,VO49,BI49,,2018-01-22,SC49,C49,R
PO50,VO50,BI50,,2018-01-22,SC50,C50,R
PO51,VO51,BI51,,2018-01-22,SC51,C51,R
PO52,VO52,BI52,,2018-01-22,SC52,C52,R
PO53,VO53,BI53,,2018-01-22,SC53,C53,R
PO54,VO54,BI54,,2018-01-22,SC54,C54,R
PO55,VO55,BI55,,2018-01-22,SC55,C55,R
PO56,VO56,BI56,,2018-01-22,SC56,C56,R
PO57,VO57,BI57,,2018-01-22,SC57,C57,R
PO58,VO58,BI58,,2018-01-22,SC58,C58,R
PO59,VO59,BI59,,2018-01-22,SC59,C59,R
PO60,VO60,BI60,,2018-01-22,SC60,C60,R
PO61,VO61,BI61,,2018-01-22,SC61,C61,R
PO62,VO62,BI62,,2018-01-22,SC62,C62,R
PO63,VO63,BI63,,2018-01-22,SC63,C63,R
PO64,VO64,BI64,,2018-01-22,SC64,C64,R
PO65,VO65,BI65,,2018-01-22,SC65,C65,R
PO66,VO66,BI66,,2018-01-22,SC66,C66,R
PO67,VO67,BI67,,2018-01-22,SC67,C67,R
PO68,VO68,BI68,,2018-01-22,SC68,C68,R
PO69,VO69,BI69,,2018-01-22,SC69,C69,R
PO70,VO70,BI70,,2018-01-22,SC70,C70,R
PO71,VO71,BI71,,2018-01-22,SC71,C71,R
PO72,VO72,BI72,,2018-01-22,SC72,C72,R
PO73,VO73,BI73,,2018-01-22,SC73,C73,R
PO74,VO74,BI74,,2018-01-22,SC74,C74,R
PO75,VO75,BI75,,2018-01-22,SC75,C75,R
PO76,VO76,BI76,,2018-01-22,SC76,C76,R
PO77,VO77,BI77,,2018-01-22,SC77,C77,R
PO78,VO78,BI78,,2018-01-22,SC78,C78,R
PO79,VO79,BI79,,2018-01-22,SC79,C79,R
PO80,VO80,BI80,,2018-01-22,SC80,C80,R
PO81,VO81,BI81,,2018-01-22,SC81,C81,R
PO82,VO82,BI82,,2018-01-22,SC82,C82,R
PO83,VO83,BI83,,2018-01-22,SC83,C83,R
PO84,VO84,BI84,,2018-01-22,SC84,C84,R
PO85,VO85,BI85,,2018-01-22,SC85,C85,R
PO86,VO86,BI86,,2018-01-22,SC86,C86,R
PO87,VO87,BI87,,2018-01-22,SC87,C87,R
PO88,VO88,BI88,,2018-01-22,SC88,C88,R
PO89,VO89,BI89,,2018-01-22,SC89,C89,R
PO90,VO90,BI90,,2018-01-22,SC90,C90,R
PO91,VO91,BI91,,2018-01-22,SC91,C91,R
PO92,VO92,BI92,,2018-01-22,SC92,C92,R
PO93,VO93,BI93,,2018-01-22,SC93,C93,R
PO94,VO94,BI94,,2018-01-22,SC94,C94,R
PO95,VO95,BI95,,2018-01-22,SC95,C95,R
PO96,VO96,BI96,,2018-01-22,SC96,C96,R
PO97,VO97,BI97,,2018-01-22,SC97,C97,R
PO98,VO98,BI98,,2018-01-22,SC98,C98,R
PO99,VO99,BI99,,2018-01-22,SC99,C99,R
PO100,VO100,BI100,,2018-01-22,SC100,C100,R
PO101,VO101,BI101,,2018-01-22,SC101,C101,R
PO102,VO102,BI102,,2018-01-22,SC102,C102,R
PO103,VO103,BI103,,2018-01-22,SC103,C103,R
PO104,VO104,BI104,,2018-01-22,SC104,C104,R
PO105,VO105,BI105,,2018-01-22,SC105,C105,R
PO106,VO106,BI106,,2018-01-22,SC106,C106,R
PO107,VO107,BI107,,2018-01-22,SC107,C107,R
PO108,VO108,BI108,,2018-01-22,SC108,C108,R
PO109,VO109,BI109,,2018-01-22,SC109,C109,R
PO110,VO110,BI110,,2018-01-22,SC110,C110,R
PO111,VO111,BI111,,2018-01-22,SC111,C111,R
PO112,VO112,BI112,,2018-01-22,SC112,C112,R
PO113,VO113,BI113,,2018-01-22,SC113,C113,R
PO114,VO114,BI114,,2018-01-22,SC114,C114,R
PO115,VO115,BI115,,2018-01-22,SC115,C115,R
PO116,VO116,BI116,,2018-01-22,SC116,C116,R
PO117,VO117,BI117,,2018-01-22,SC117,C117,R
PO118,VO118,BI118,,2018-01-22,SC118,C118,R
PO119,VO119,BI119,,2018-01-22,SC119,C119,R
PO120,VO120,BI120,,2018-01-22,SC120,C120,R
PO121,VO121,BI121,,2018-01-22,SC121,C121,R
PO122,VO122,BI122,,2018-01-22,SC122,C122,R
PO123,VO123,BI123,,2018-01-22,SC123,C123,R
PO124,VO124,BI124,,2018-01-22,SC124,C124,R
PO125,VO125,BI125,,2018-01-22,SC125,C125,R
PO126,VO126,BI126,,2018-01-22,SC126,C126,R
PO127,VO127,BI127,,2018-01-22,SC127,C127,R
PO128,VO128,BI128,,2018-01-22,SC128,C128,R
PO129,VO129,BI129,,2018-01-22,SC129,C129,R
PO130,VO130,BI130,,2018-01-22,SC130,C130,R
PO131,VO131,BI131,,2018-01-22,SC131,C131,R
PO132,VO132,BI132,,2018-01-22,SC132,C132,R
PO133,VO133,BI133,,2018-01-22,SC133,C133,R
PO134,VO134,BI134,,2018-01-22,SC134,C134,R
PO135,VO135,BI135,,2018-01-22,SC135,C135,R
PO136,VO136,BI136,,2018-01-22,SC136,C136,R
PO137,VO137,BI137,,2018-01-22,SC137,C137,R
PO138,VO138,BI138,,2018-01-22,SC138,C138,R
PO139,VO139,BI139,,2018-01-22,SC139,C139,R
PO140,VO140,BI140,,2018-01-22,SC140,C140,R
PO141,VO141,BI141,,2018-01-22,SC141,C141,R
PO142,VO142,BI142,,2018-01-22,SC142,C142,R
PO143,VO143,BI143,,2018-01-22,SC143,C143,R
PO144,VO144,BI144,,2018-01-22,SC144,C144,R
PO145,VO145,BI145,,2018-01-22,SC145,C145,R
PO146,VO146,BI146,,2018-01-22,SC146,C146,R
PO147,VO147,BI147,,2018-01-22,SC147,C147,R
PO148,VO148,BI148,,2018-01-22,SC148,C148,R
PO149,VO149,BI149,,2018-01-22,SC149,C149,R
PO150,VO150,BI150,,2018-01-22,SC150,C150,R
PO151,VO151,BI151,,2018-01-22,SC151,C151,R
PO152,VO152,BI152,,2018-01-22,SC152,C152,R
PO153,VO153,BI153,,2018-01-22,SC153,C153,R
PO154,VO154,BI154,,2018-01-22,SC154,C154,R
PO155,VO155,BI155,,2018-01-22,SC155,C155,R
PO156,VO156,BI156,,2018-01-22,SC156,C156,R
PO157,VO157,BI157,,2018-01-22,SC157,C157,R
PO158,VO158,BI158,,2018-01-22,SC158,C158,R
PO159,VO159,BI159,,2018-01-22,SC159,C159,R
PO160,VO160,BI160,,2018-01-22,SC160,C160,R
PO161,VO161,BI161,,2018-01-22,SC161,C161,R
PO162,VO162,BI162,,2018-01-22,SC162,C162,R
PO163,VO163,BI163,,2018-01-22,SC163,C163,R
PO164,VO164,BI164,,2018-01-22,SC164,C164,R
PO165,VO165,BI165,,2018-01-22,SC165,C165,R
PO166,VO166,BI166,,2018-01-22,SC166,C166,R
PO167,VO167,BI167,,2018-01-22,SC167,C167,R
PO168,VO168,BI168,,2018-01-22,SC168,C168,R
PO169,VO169,BI169,,2018-01-22,SC169,C169,R
PO170,VO170,BI170,,2018-01-22,SC170,C170,R
PO171,VO171,BI171,,2018-01-22,SC171,C171,R
PO172,VO172,BI172,,2018-01-22,SC172,C172,R
PO173,VO173,BI173,,2018-01-22,SC173,C173,R
PO174,VO174,BI174,,2018-01-22,SC174,C174,R
PO175,VO175,BI175,,2018-01-22,SC175,C175,R
PO176,VO176,BI176,,2018-01-22,SC176,C176,R
PO177,VO177,BI177,,2018-01-22,SC177,C177,R
PO178,VO178,BI178,,2018-01-22,SC178,C178,R
PO179,VO179,BI179,,2018-01-22,SC179,C179,R
PO180,VO180,BI180,,2018-01-22,SC180,C180,R
PO181,VO181,BI181,,2018-01-22,SC181,C181,R
PO182,VO182,BI182,,2018-01-22,SC182,C182,R
PO183,VO183,BI183,,2018-01-22,SC183,C183,R
PO184,VO184,BI184,,2018-01-22,SC184,C184,R
PO185,VO185,BI185,,2018-01-22,SC185,C185,R
PO186,VO186,BI186,,2018-01-22,SC186,C186,R
PO187,VO187,BI187,,2018-01-22,SC187,C187,R
PO188,VO188,BI188,,2018-01-22,SC188,C188,R
PO189,VO189,BI189,,2018-01-22,SC189,C189,R
PO190,VO190,BI190,,2018-01-22,SC190,C190,R
PO191,VO191,BI191,,2018-01-22,SC191,C191,R
PO192,VO192,BI192,,2018-01-22,SC192,C192,R
PO193,VO193,BI193,,2018-01-22,SC193,C193,R
PO194,VO194,BI194,,2018-01-22,SC194,C194,R
PO195,VO195,BI195,,2018-01-22,SC195,C195,R
PO196,VO196,BI196,,2018-01-22,SC196,C196,R
PO197,VO197,BI197,,2018-01-22,SC197,C197,R
PO198,VO198,BI198,,2018-01-22,SC198,C198,R
PO199,VO199,BI199,,2018-01-22,SC199,C199,R
PO200,VO200,BI200,,2018-01-22,SC200,C200,R
PO201,VO201,BI201,,2018-01-22,SC201,C201,R
PO202,VO202,BI202,,2018-01-22,SC202,C202,R
PO203,VO203,BI203,,2018-01-22,SC203,C203,R
PO204,VO204,BI204,,2018-01-22,SC204,C204,R
PO205,VO205,BI205,,2018-01-22,SC205,C205,R
PO206,VO206,BI206,,2018-01-22,SC206,C206,R
PO207,VO207,BI207,,2018-01-22,SC207,C207,R
PO208,VO208,BI208,,2018-01-22,SC208,C208,R
PO209,VO209,BI209,,2018-01-22,SC209,C209,R
PO210,VO210,BI210,,2018-01-22,SC210,C210,R
PO211,VO211,BI211,,2018-01-22,SC211,C211,R
PO212,VO212,BI212,,2018-01-22,SC212,C212,R
PO213,VO213,BI213,,2018-01-22,SC213,C213,R
PO214,VO214,BI214,,2018-01-22,SC214,C214,R
PO215,VO215,BI215,,2018-01-22,SC215,C215,R
PO216,VO216,BI216,,2018-01-22,SC216,C216,R
PO217,VO217,BI217,,2018-01-22,SC217,C217,R
PO218,VO218,BI218,,2018-01-22,SC218,C218,R
PO219,VO219,BI219,,2018-01-22,SC219,C219,R
PO220,VO220,BI220,,2018-01-22,SC220,C220,R
PO221,VO221,BI221,,2018-01-22,SC221,C221,R
PO222,VO222,BI222,,2018-01-22,SC222,C222,R
PO223,VO223,BI223,,2018-01-22,SC223,C223,R
PO224,VO224,BI224,,2018-01-22,SC224,C224,R
PO225,VO225,BI225,,2018-01-22,SC225,C225,R
PO226,VO226,BI226,,2018-01-22,SC226,C226,R
PO227,VO227,BI227,,2018-01-22,SC227,C227,R
PO228,VO228,BI228,,2018-01-22,SC228,C228,R
PO229,VO229,BI229,,2018-01-22,SC229,C229,R
PO230,VO230,BI230,,2018-01-22,SC230,C230,R
PO231,VO231,BI231,,2018-01-22,SC231,C231,R
PO232,VO232,BI232,,2018-01-22,SC232,C232,R
PO233,VO233,BI233,,2018-01-22,SC233,C233,R
PO234,VO234,BI234,,2018-01-22,SC234,C234,R
PO235,VO235,BI235,,2018-01-22,SC235,C235,R
PO236,VO236,BI236,,2018-01-22,SC236,C236,R
PO237,VO237,BI237,,2018-01-22,SC237,C237,R
PO238,VO238,BI238,,2018-01-22,SC238,C238,R
PO239,VO239,BI239,,2018-01-22,SC239,C239,R
PO240,VO240,BI240,,2018-01-22,SC240,C240,R
PO241,VO241,BI241,,2018-01-22,SC241,C241,R
PO242,VO242,BI242,,2018-01-22,SC242,C242,R
PO243,VO243,BI243,,2018-01-22,SC243,C243,R
PO244,VO244,BI244,,2018-01-22,SC244,C244,R
PO245,VO245,BI245,,2018-01-22,SC245,C245,R
PO246,VO246,BI246,,2018-01-22,SC246,C246,R
PO247,VO247,BI247,,2018-01-22,SC247,C247,R
PO248,VO248,BI248,,2018-01-22,SC248,C248,R
PO249,VO249,BI249,,2018-01-22,SC249,C249,R
PO250,VO250,BI250,,2018-01-22,SC250,C250,R
PO251,VO251,BI251,,2018-01-22,SC251,C251,R
PO252,VO252,BI252,,2018-01-22,SC252,C252,R
PO253,VO253,BI253,,2018-01-22,SC253,C253,R
PO254,VO254,BI254,,2018-01-22,SC254,C254,R
PO255,VO255,BI255,,2018-01-22,SC255,C255,R
PO256,VO256,BI256,,2018-01-22,SC256,C256,R
PO257,VO257,BI257,,2018-01-22,SC257,C257,R
PO258,VO258,BI258,,2018-01-22,SC258,C258,R
PO259,VO259,BI259,,2018-01-22,SC259,C259,R
PO260,VO260,BI260,,2018-01-22,SC260,C260,R
PO261,VO261,BI261,,2018-01-22,SC261,C261,R
PO262,VO262,BI262,,2018-01-22,SC262,C262,R
PO263,VO263,BI263,,2018-01-22,SC263,C263,R
PO264,VO264,BI264,,2018-01-22,SC264,C264,R
PO265,VO265,BI265,,2018-01-22,SC265,C265,R
PO266,VO266,BI266,,2018-01-22,SC266,C266,R
PO267,VO267,BI267,,2018-01-22,SC267,C267,R
PO268,VO268,BI268,,2018-01-22,SC268,C268,R
PO269,VO269,BI269,,2018-01-22,SC269,C269,R
PO270,VO270,BI270,,2018-01-22,SC270,C270,R
PO271,VO271,BI271,,2018-01-22,SC271,C271,R
PO272,VO272,BI272,,2018-01-22,SC272,C272,R
PO273,VO273,BI273,,2018-01-22,SC273,C273,R
PO274,VO274,BI274,,2018-01-22,SC274,C274,R
PO275,VO275,BI275,,2018-01-22,SC275,C275,R
PO276,VO276,BI276,,2018-01-22,SC276,C276,R
PO277,VO277,BI277,,2018-01-22,SC277,C277,R
PO278,VO278,BI278,,2018-01-22,SC278,C278,R
PO279,VO279,BI279,,2018-01-22,SC279,C279,R
PO280,VO280,BI280,,2018-01-22,SC280,C280,R
PO281,VO281,BI281,,2018-01-22,SC281,C281,R
PO282,VO282,BI282,,2018-01-22,SC282,C282,R
PO283,VO283,BI283,,2018-01-22,SC283,C283,R
PO284,VO284,BI284,,2018-01-22,SC284,C284,R
PO285,VO285,BI285,,2018-01-22,SC285,C285,R
PO286,VO286,BI286,,2018-01-22,SC286,C286,R
PO287,VO287,BI287,,2018-01-22,SC287,C287,R
PO288,VO288,BI288,,2018-01-22,SC288,C288,R
PO289,VO289,BI289,,2018-01-22,SC289,C289,R
PO290,VO290,BI290,,2018-01-22,SC290,C290,R
PO291,VO291,BI291,,2018-01-22,SC291,C291,R
PO292,VO292,BI292,,2018-01-22,SC292,C292,R
PO293,VO293,BI293,,2018-01-22,SC293,C293,R
PO294,VO294,BI294,,2018-01-22,SC294,C294,R
PO295,VO295,BI295,,2018-01-22,SC295,C295,R
PO296,VO296,BI296,,2018-01-22,SC296,C296,R
PO297,VO297,BI297,,2018-01-22,SC297,C297,R
PO298,VO298,BI298,,2018-01-22,SC298,C298,R
PO299,VO299,BI299,,2018-01-22,SC299,C299,R
PO300,VO300,BI300,,2018-01-22,SC300,C300,R
PO301,VO301,BI301,,2018-01-22,SC301,C301,R
PO302,VO302,BI302,,2018-01-22,SC302,C302,R
PO303,VO303,BI303,,2018-01-22,SC303,C303,R
PO304,VO304,BI304,,2018-01-22,SC304,C304,R
PO305,VO305,BI305,,2018-01-22,SC305,C305,R
PO306,VO306,BI306,,2018-01-22,SC306,C306,R
PO307,VO307,BI307,,2018-01-22,SC307,C307,R
PO308,VO308,BI308,,2018-01-22,SC308,C308,R
PO309,VO309,BI309,,2018-01-22,SC309,C309,R
PO310,VO310,BI310,,2018-01-22,SC310,C310,R
PO311,VO311,BI311,,2018-01-22,SC311,C311,R
PO312,VO312,BI312,,2018-01-22,SC312,C312,R
PO313,VO313,BI313,,2018-01-22,SC313,C313,R
PO314,VO314,BI314,,2018-01-22,SC314,C314,R
PO315,VO315,BI315,,2018-01-22,SC315,C315,R
PO316,VO316,BI316,,2018-01-22,SC316,C316,R
PO317,VO317,BI317,,2018-01-22,SC317,C317,R
PO318,VO318,BI318,,2018-01-22,SC318,C318,R
PO319,VO319,BI319,,2018-01-22,SC319,C319,R
PO320,VO320,BI320,,2018-01-22,SC320,C320,R
PO321,VO321,BI321,,2018-01-22,SC321,C321,R
PO322,VO322,BI322,,2018-01-22,SC322,C322,R
PO323,VO323,BI323,,2018-01-22,SC323,C323,R
PO324,VO324,BI324,,2018-01-22,SC324,C324,R
PO325,VO325,BI325,,2018-01-22,SC325,C325,R
PO326,VO326,BI326,,2018-01-22,SC326,C326,R
PO327,VO327,BI327,,2018-01-22,SC327,C327,R
PO328,VO328,BI328,,2018-01-22,SC328,C328,R
PO329,VO329,BI329,,2018-01-22,SC329,C329,R
PO330,VO330,BI330,,2018-01-22,SC330,C330,R
PO331,VO331,BI331,,2018-01-22,SC331,C331,R
PO332,VO332,BI332,,2018-01-22,SC332,C332,R
PO333,VO333,BI333,,2018-01-22,SC333,C333,R
PO334,VO334,BI334,,2018-01-22,SC334,C334,R
PO335,VO335,BI335,,2018-01-22,SC335,C335,R
PO336,VO336,BI336,,2018-01-22,SC336,C336,R
PO337,VO337,BI337,,2018-01-22,SC337,C337,R
PO338,VO338,BI338,,2018-01-22,SC338,C338,R
PO339,VO339,BI339,,2018-01-22,SC339,C339,R
PO340,VO340,BI340,,2018-01-22,SC340,C340,R
PO341,VO341,BI341,,2018-01-22,SC341,C341,R
PO342,VO342,BI342,,2018-01-22,SC342,C342,R
PO343,VO343,BI343,,2018-01-22,SC343,C343,R
PO344,VO344,BI344,,2018-01-22,SC344,C344,R
PO345,VO345,BI345,,2018-01-22,SC345,C345,R
PO346,VO346,BI346,,2018-01-22,SC346,C346,R
PO347,VO347,BI347,,2018-01-22,SC347,C347,R
PO348,VO348,BI348,,2018-01-22,SC348,C348,R
PO349,VO349,BI349,,2018-01-22,SC349,C349,R
PO350,VO350,BI350,,2018-01-22,SC350,C350,R
PO351,VO351,BI351,,2018-01-22,SC351,C351,R
PO352,VO352,BI352,,2018-01-22,SC352,C352,R
PO353,VO353,BI353,,2018-01-22,SC353,C353,R
PO354,VO354,BI354,,2018-01-22,SC354,C354,R
PO355,VO355,BI355,,2018-01-22,SC355,C355,R
PO356,VO356,BI356,,2018-01-22,SC356,C356,R
PO357,VO357,BI357,,2018-01-22,SC357,C357,R
PO358,VO358,BI358,,2018-01-22,SC358,C358,R
PO359,VO359,BI359,,2018-01-22,SC359,C359,R
PO360,VO360,BI360,,2018-01-22,SC360,C360,R
PO361,VO361,BI361,,2018-01-22,SC361,C361,R
PO362,VO362,BI362,,2018-01-22,SC362,C362,R
PO363,VO363,BI363,,2018-01-22,SC363,C363,R
PO364,VO364,BI364,,2018-01-22,SC364,C364,R
PO365,VO365,BI365,,2018-01-22,SC365,C365,R
PO366,VO366,BI366,,2018-01-22,SC366,C366,R
PO367,VO367,BI367,,2018-01-22,SC367,C367,R
PO368,VO368,BI368,,2018-01-22,SC368,C368,R
PO369,VO369,BI369,,2018-01-22,SC369,C369,R
PO370,VO370,BI370,,2018-01-22,SC370,C370,R
PO371,VO371,BI371,,2018-01-22,SC371,C371,R
PO372,VO372,BI372,,2018-01-22,SC372,C372,R
PO373,VO373,BI373,,2018-01-22,SC373,C373,R
PO374,VO374,BI374,,2018-01-22,SC374,C374,R
PO375,VO375,BI375,,2018-01-22,SC375,C375,R
PO376,VO376,BI376,,2018-01-22,SC376,C376,R
PO377,VO377,BI377,,2018-01-22,SC377,C377,R
PO378,VO378,BI378,,2018-01-22,SC378,C378,R
PO379,VO379,BI379,,2018-01-22,SC379,C379,R
PO380,VO380,BI380,,2018-01-22,SC380,C380,R
PO381,VO381,BI381,,2018-01-22,SC381,C381,R
PO382,VO382,BI382,,2018-01-22,SC382,C382,R
PO383,VO383,BI383,,2018-01-22,SC383,C383,R
PO384,VO384,BI384,,2018-01-22,SC384,C384,R
PO385,VO385,BI385,,2018-01-22,SC385,C385,R
PO386,VO386,BI386,,2018-01-22,SC386,C386,R
PO387,VO387,BI387,,2018-01-22,SC387,C387,R
PO388,VO388,BI388,,2018-01-22,SC388,C388,R
PO389,VO389,BI389,,2018-01-22,SC389,C389,R
PO390,VO390,BI390,,2018-01-22,SC390,C390,R
PO391,VO391,BI391,,2018-01-22,SC391,C391,R
PO392,VO392,BI392,,2018-01-22,SC392,C392,R
PO393,VO393,BI393,,2018-01-22,SC393,C393,R
PO394,VO394,BI394,,2018-01-22,SC394,C394,R
PO395,VO395,BI395,,2018-01-22,SC395,C395,R
PO396,VO396,BI396,,2018-01-22,SC396,C396,R
PO397,VO397,BI397,,2018-01-22,SC397,C397,R
PO398,VO398,BI398,,2018-01-22,SC398,C398,R
PO399,VO399,BI399,,2018-01-22,SC399,C399,R
PO400,VO400,BI400,,2018-01-22,SC400,C400,R
PO401,VO401,BI401,,2018-01-22,SC401,C401,R
PO402,VO402,BI402,,2018-01-22,SC402,C402,R
PO403,VO403,BI403,,2018-01-22,SC403,C403,R
PO404,VO404,BI404,,2018-01-22,SC404,C404,R
PO405,VO405,BI405,,2018-01-22,SC405,C405,R
PO406,VO406,BI406,,2018-01-22,SC406,C406,R
PO407,VO407,BI407,,2018-01-22,SC407,C407,R
PO408,VO408,BI408,,2018-01-22,SC408,C408,R
PO409,VO409,BI409,,2018-01-22,SC409,C409,R
PO410,VO410,BI410,,2018-01-22,SC410,C410,R
PO411,VO411,BI411,,2018-01-22,SC411,C411,R
PO412,VO412,BI412,,2018-01-22,SC412,C412,R
PO413,VO413,BI413,,2018-01-22,SC413,C413,R
PO414,VO414,BI414,,2018-01-22,SC414,C414,R
PO415,VO415,BI415,,2018-01-22,SC415,C415,R
PO416,VO416,BI416,,2018-01-22,SC416,C416,R
PO417,VO417,BI417,,2018-01-22,SC417,C417,R
PO418,VO418,BI418,,2018-01-22,SC418,C418,R
PO419,VO419,BI419,,2018-01-22,SC419,C419,R
PO420,VO420,BI420,,2018-01-22,SC420,C420,R
PO421,VO421,BI421,,2018-01-22,SC421,C421,R
PO422,VO422,BI422,,2018-01-22,SC422,C422,R
PO423,VO423,BI423,,2018-01-22,SC423,C423,R
PO424,VO424,BI424,,2018-01-22,SC424,C424,R
PO425,VO425,BI425,,2018-01-22,SC425,C425,R
PO426,VO426,BI426,,2018-01-22,SC426,C426,R
PO427,VO427,BI427,,2018-01-22,SC427,C427,R
PO428,VO428,BI428,,2018-01-22,SC428,C428,R
PO429,VO429,BI429,,2018-01-22,SC429,C429,R
PO430,VO430,BI430,,2018-01-22,SC430,C430,R
PO431,VO431,BI431,,2018-01-22,SC431,C431,R
PO432,VO432,BI432,,2018-01-22,SC432,C432,R
PO433,VO433,BI433,,2018-01-22,SC433,C433,R
PO434,VO434,BI434,,2018-01-22,SC434,C434,R
PO435,VO435,BI435,,2018-01-22,SC435,C435,R
PO436,VO436,BI436,,2018-01-22,SC436,C436,R
PO437,VO437,BI437,,2018-01-22,SC437,C437,R
PO438,VO438,BI438,,2018-01-22,SC438,C438,R
PO439,VO439,BI439,,2018-01-22,SC439,C439,R
PO440,VO440,BI440,,2018-01-22,SC440,C440,R
PO441,VO441,BI441,,2018-01-22,SC441,C441,R
PO442,VO442,BI442,,2018-01-22,SC442,C442,R
PO443,VO443,BI443,,2018-01-22,SC443,C443,R
PO444,VO444,BI444,,2018-01-22,SC444,C444,R
PO445,VO445,BI445,,2018-01-22,SC445,C445,R
PO446,VO446,BI446,,2018-01-22,SC446,C446,R
PO447,VO447,BI447,,2018-01-22,SC447,C447,R
PO448,VO448,BI448,,2018-01-22,SC448,C448,R
PO449,VO449,BI449,,2018-01-22,SC449,C449,R
PO450,VO450,BI450,,2018-01-22,SC450,C450,R
PO451,VO451,BI451,,2018-01-22,SC451,C451,R
PO452,VO452,BI452,,2018-01-22,SC452,C452,R
PO453,VO453,BI453,,2018-01-22,SC453,C453,R
PO454,VO454,BI454,,2018-01-22,SC454,C454,R
PO455,VO455,BI455,,2018-01-22,SC455,C455,R
PO456,VO456,BI456,,2018-01-22,SC456,C456,R
PO457,VO457,BI457,,2018-01-22,SC457,C457,R
PO458,VO458,BI458,,2018-01-22,SC458,C458,R
PO459,VO459,BI459,,2018-01-22,SC459,C459,R
PO460,VO460,BI460,,2018-01-22,SC460,C460,R
PO461,VO461,BI461,,2018-01-22,SC461,C461,R
PO462,VO462,BI462,,2018-01-22,SC462,C462,R
PO463,VO463,BI463,,2018-01-22,SC463,C463,R
PO464,VO464,BI464,,2018-01-22,SC464,C464,R
PO465,VO465,BI465,,2018-01-22,SC465,C465,R
PO466,VO466,BI466,,2018-01-22,SC466,C466,R
PO467,VO467,BI467,,2018-01-22,SC467,C467,R
PO468,VO468,BI468,,2018-01-22,SC468,C468,R
PO469,VO469,BI469,,2018-01-22,SC469,C469,R
PO470,VO470,BI470,,2018-01-22,SC470,C470,R
PO471,VO471,BI471,,2018-01-22,SC471,C471,R
PO472,VO472,BI472,,2018-01-22,SC472,C472,R
PO473,VO473,BI473,,2018-01-22,SC473,C473,R
PO474,VO474,BI474,,2018-01-22,SC474,C474,R
PO475,VO475,BI475,,2018-01-22,SC475,C475,R
PO476,VO476,BI476,,2018-01-22,SC476,C476,R
PO477,VO477,BI477,,2018-01-22,SC477,C477,R
PO478,VO478,BI478,,2018-01-22,SC478,C478,R
PO479,VO479,BI479,,2018-01-22,SC479,C479,R
PO480,VO480,BI480,,2018-01-22,SC480,C480,R
PO481,VO481,BI481,,2018-01-22,SC481,C481,R
PO482,VO482,BI482,,2018-01-22,SC482,C482,R
PO483,VO483,BI483,,2018-01-22,SC483,C483,R
PO484,VO484,BI484,,2018-01-22,SC484,C484,R
PO485,VO485,BI485,,2018-01-22,SC485,C485,R
PO486,VO486,BI486,,2018-01-22,SC486,C486,R
PO487,VO487,BI487,,2018-01-22,SC487,C487,R
PO488,VO488,BI488,,2018-01-22,SC488,C488,R
PO489,VO489,BI489,,2018-01-22,SC489,C489,R
PO490,VO490,BI490,,2018-01-22,SC490,C490,R
PO491,VO491,BI491,,2018-01-22,SC491,C491,R
PO492,VO492,BI492,,2018-01-22,SC492,C492,R
PO493,VO493,BI493,,2018-01-22,SC493,C493,R
PO494,VO494,BI494,,2018-01-22,SC494,C494,R
PO495,VO495,BI495,,2018-01-22,SC495,C495,R
PO496,VO496,BI496,,2018-01-22,SC496,C496,R
PO497,VO497,BI497,,2018-01-22,SC497,C497,R
PO498,VO498,BI498,,2018-01-22,SC498,C498,R
PO499,VO499,BI499,,2018-01-22,SC499,C499,R
PO500,VO500,BI500,,2018-01-22,SC500,C500,R
PO501,VO501,BI501,,2018-01-22,SC501,C501,R
PO502,VO502,BI502,,2018-01-22,SC502,C502,R
PO503,VO503,BI503,,2018-01-22,SC503,C503,R
PO504,VO504,BI504,,2018-01-22,SC504,C504,R
PO505,VO505,BI505,,2018-01-22,SC505,C505,R
PO506,VO506,BI506,,2018-01-22,SC506,C506,R
PO507,VO507,BI507,,2018-01-22,SC507,C507,R
PO508,VO508,BI508,,2018-01-22,SC508,C508,R
PO509,VO509,BI509,,2018-01-22,SC509,C509,R
PO510,VO510,BI510,,2018-01-22,SC510,C510,R
PO511,VO511,BI511,,2018-01-22,SC511,C511,R
PO512,VO512,BI512,,2018-01-22,SC512,C512,R
PO513,VO513,BI513,,2018-01-22,SC513,C513,R
PO514,VO514,BI514,,2018-01-22,SC514,C514,R
PO515,VO515,BI515,,2018-01-22,SC515,C515,R
PO516,VO516,BI516,,2018-01-22,SC516,C516,R
PO517,VO517,BI517,,2018-01-22,SC517,C517,R
PO518,VO518,BI518,,2018-01-22,SC518,C518,R
PO519,VO519,BI519,,2018-01-22,SC519,C519,R
PO520,VO520,BI520,,2018-01-22,SC520,C520,R
PO521,VO521,BI521,,2018-01-22,SC521,C521,R
PO522,VO522,BI522,,2018-01-22,SC522,C522,R
PO523,VO523,BI523,,2018-01-22,SC523,C523,R
PO524,VO524,BI524,,2018-01-22,SC524,C524,R
PO525,VO525,BI525,,2018-01-22,SC525,C525,R
PO526,VO526,BI526,,2018-01-22,SC526,C526,R
PO527,VO527,BI527,,2018-01-22,SC527,C527,R
PO528,VO528,BI528,,2018-01-22,SC528,C528,R
PO529,VO529,BI529,,2018-01-22,SC529,C529,R
PO530,VO530,BI530,,2018-01-22,SC530,C530,R
PO531,VO531,BI531,,2018-01-22,SC531,C531,R
PO532,VO532,BI532,,2018-01-22,SC532,C532,R
PO533,VO533,BI533,,2018-01-22,SC533,C533,R
PO534,VO534,BI534,,2018-01-22,SC534,C534,R
PO535,VO535,BI535,,2018-01-22,SC535,C535,R
PO536,VO536,BI536,,2018-01-22,SC536,C536,R
PO537,VO537,BI537,,2018-01-22,SC537,C537,R
PO538,VO538,BI538,,2018-01-22,SC538,C538,R
PO539,VO539,BI539,,2018-01-22,SC539,C539,R
PO540,VO540,BI540,,2018-01-22,SC540,C540,R
PO541,VO541,BI541,,2018-01-22,SC541,C541,R
PO542,VO542,BI542,,2018-01-22,SC542,C542,R
PO543,VO543,BI543,,2018-01-22,SC543,C543,R
PO544,VO544,BI544,,2018-01-22,SC544,C544,R
PO545,VO545,BI545,,2018-01-22,SC545,C545,R
PO546,VO546,BI546,,2018-01-22,SC546,C546,R
PO547,VO547,BI547,,2018-01-22,SC547,C547,R
PO548,VO548,BI548,,2018-01-22,SC548,C548,R
PO549,VO549,BI549,,2018-01-22,SC549,C549,R
PO550,VO550,BI550,,2018-01-22,SC550,C550,R
PO551,VO551,BI551,,2018-01-22,SC551,C551,R
PO552,VO552,BI552,,2018-01-22,SC552,C552,R
PO553,VO553,BI553,,2018-01-22,SC553,C553,R
PO554,VO554,BI554,,2018-01-22,SC554,C554,R
PO555,VO555,BI555,,2018-01-22,SC555,C555,R
PO556,VO556,BI556,,2018-01-22,SC556,C556,R
PO557,VO557,BI557,,2018-01-22,SC557,C557,R
PO558,VO558,BI558,,2018-01-22,SC558,C558,R
PO559,VO559,BI559,,2018-01-22,SC559,C559,R
PO560,VO560,BI560,,2018-01-22,SC560,C560,R
PO561,VO561,BI561,,2018-01-22,SC561,C561,R
PO562,VO562,BI562,,2018-01-22,SC562,C562,R
PO563,VO563,BI563,,2018-01-22,SC563,C563,R
PO564,VO564,BI564,,2018-01-22,SC564,C564,R
PO565,VO565,BI565,,2018-01-22,SC565,C565,R
PO566,VO566,BI566,,2018-01-22,SC566,C566,R
PO567,VO567,BI567,,2018-01-22,SC567,C567,R
PO568,VO568,BI568,,2018-01-22,SC568,C568,R
PO569,VO569,BI569,,2018-01-22,SC569,C569,R
PO570,VO570,BI570,,2018-01-22,SC570,C570,R
PO571,VO571,BI571,,2018-01-22,SC571,C571,R
PO572,VO572,BI572,,2018-01-22,SC572,C572,R
PO573,VO573,BI573,,2018-01-22,SC573,C573,R
PO574,VO574,BI574,,2018-01-22,SC574,C574,R
PO575,VO575,BI575,,2018-01-22,SC575,C575,R
PO576,VO576,BI576,,2018-01-22,SC576,C576,R
PO577,VO577,BI577,,2018-01-22,SC577,C577,R
PO578,VO578,BI578,,2018-01-22,SC578,C578,R
PO579,VO579,BI579,,2018-01-22,SC579,C579,R
PO580,VO580,BI580,,2018-01-22,SC580,C580,R
PO581,VO581,BI581,,2018-01-22,SC581,C581,R
PO582,VO582,BI582,,2018-01-22,SC582,C582,R
PO583,VO583,BI583,,2018-01-22,SC583,C583,R
PO584,VO584,BI584,,2018-01-22,SC584,C584,R
PO585,VO585,BI585,,2018-01-22,SC585,C585,R
PO586,VO586,BI586,,2018-01-22,SC586,C586,R
PO587,VO587,BI587,,2018-01-22,SC587,C587,R
PO588,VO588,BI588,,2018-01-22,SC588,C588,R
PO589,VO589,BI589,,2018-01-22,SC589,C589,R
PO590,VO590,BI590,,2018-01-22,SC590,C590,R
PO591,VO591,BI591,,2018-01-22,SC591,C591,R
PO592,VO592,BI592,,2018-01-22,SC592,C592,R
PO593,VO593,BI593,,2018-01-22,SC593,C593,R
PO594,VO594,BI594,,2018-01-22,SC594,C594,R
PO595,VO595,BI595,,2018-01-22,SC595,C595,R
PO596,VO596,BI596,,2018-01-22,SC596,C596,R
PO597,VO597,BI597,,2018-01-22,SC597,C597,R
PO598,VO598,BI598,,2018-01-22,SC598,C598,R
PO599,VO599,BI599,,2018-01-22,SC599,C599,R
PO600,VO600,BI600,,2018-01-22,SC600,C600,R
PO601,VO601,BI601,,2018-01-22,SC601,C601,R
PO602,VO602,BI602,,2018-01-22,SC602,C602,R
PO603,VO603,BI603,,2018-01-22,SC603,C603,R
PO604,VO604,BI604,,2018-01-22,SC604,C604,R
PO605,VO605,BI605,,2018-01-22,SC605,C605,R
PO606,VO606,BI606,,2018-01-22,SC606,C606,R
PO607,VO607,BI607,,2018-01-22,SC607,C607,R
PO608,VO608,BI608,,2018-01-22,SC608,C608,R
PO609,VO609,BI609,,2018-01-22,SC609,C609,R
PO610,VO610,BI610,,2018-01-22,SC610,C610,R
PO611,VO611,BI611,,2018-01-22,SC611,C611,R
PO612,VO612,BI612,,2018-01-22,SC612,C612,R
PO613,VO613,BI613,,2018-01-22,SC613,C613,R
PO614,VO614,BI614,,2018-01-22,SC614,C614,R
PO615,VO615,BI615,,2018-01-22,SC615,C615,R
PO616,VO616,BI616,,2018-01-22,SC616,C616,R
PO617,VO617,BI617,,2018-01-22,SC617,C617,R
PO618,VO618,BI618,,2018-01-22,SC618,C618,R
PO619,VO619,BI619,,2018-01-22,SC619,C619,R
PO620,VO620,BI620,,2018-01-22,SC620,C620,R
PO621,VO621,BI621,,2018-01-22,SC621,C621,R
PO622,VO622,BI622,,2018-01-22,SC622,C622,R
PO623,VO623,BI623,,2018-01-22,SC623,C623,R
PO624,VO624,BI624,,2018-01-22,SC624,C624,R
PO625,VO625,BI625,,2018-01-22,SC625,C625,R
PO626,VO626,BI626,,2018-01-22,SC626,C626,R
PO627,VO627,BI627,,2018-01-22,SC627,C627,R
PO628,VO628,BI628,,2018-01-22,SC628,C628,R
PO629,VO629,BI629,,2018-01-22,SC629,C629,R
PO630,VO630,BI630,,2018-01-22,SC630,C630,R
PO631,VO631,BI631,,2018-01-22,SC631,C631,R
PO632,VO632,BI632,,2018-01-22,SC632,C632,R
PO633,VO633,BI633,,2018-01-22,SC633,C633,R
PO634,VO634,BI634,,2018-01-22,SC634,C634,R
PO635,VO635,BI635,,2018-01-22,SC635,C635,R
PO636,VO636,BI636,,2018-01-22,SC636,C636,R
PO637,VO637,BI637,,2018-01-22,SC637,C637,R
PO638,VO638,BI638,,2018-01-22,SC638,C638,R
PO639,VO639,BI639,,2018-01-22,SC639,C639,R
PO640,VO640,BI640,,2018-01-22,SC640,C640,R
PO641,VO641,BI641,,2018-01-22,SC641,C641,R
PO642,VO642,BI642,,2018-01-22,SC642,C642,R
PO643,VO643,BI643,,2018-01-22,SC643,C643,R
PO644,VO644,BI644,,2018-01-22,SC644,C644,R
PO645,VO645,BI645,,2018-01-22,SC645,C645,R
PO646,VO646,BI646,,2018-01-22,SC646,C646,R
PO647,VO647,BI647,,2018-01-22,SC647,C647,R
PO648,VO648,BI648,,2018-01-22,SC648,C648,R
PO649,VO649,BI649,,2018-01-22,SC649,C649,R
PO650,VO650,BI650,,2018-01-22,SC650,C650,R
PO651,VO651,BI651,,2018-01-22,SC651,C651,R
PO652,VO652,BI652,,2018-01-22,SC652,C652,R
PO653,VO653,BI653,,2018-01-22,SC653,C653,R
PO654,VO654,BI654,,2018-01-22,SC654,C654,R
PO655,VO655,BI655,,2018-01-22,SC655,C655,R
PO656,VO656,BI656,,2018-01-22,SC656,C656,R
PO657,VO657,BI657,,2018-01-22,SC657,C657,R
PO658,VO658,BI658,,2018-01-22,SC658,C658,R
PO659,VO659,BI659,,2018-01-22,SC659,C659,R
PO660,VO660,BI660,,2018-01-22,SC660,C660,R
PO661,VO661,BI661,,2018-01-22,SC661,C661,R
PO662,VO662,BI662,,2018-01-22,SC662,C662,R
PO663,VO663,BI663,,2018-01-22,SC663,C663,R
PO664,VO664,BI664,,2018-01-22,SC664,C664,R
PO665,VO665,BI665,,2018-01-22,SC665,C665,R
PO666,VO666,BI666,,2018-01-22,SC666,C666,R
PO667,VO667,BI667,,2018-01-22,SC667,C667,R
PO668,VO668,BI668,,2018-01-22,SC668,C668,R
PO669,VO669,BI669,,2018-01-22,SC669,C669,R
PO670,VO670,BI670,,2018-01-22,SC670,C670,R
PO671,VO671,BI671,,2018-01-22,SC671,C671,R
PO672,VO672,BI672,,2018-01-22,SC672,C672,R
PO673,VO673,BI673,,2018-01-22,SC673,C673,R
PO674,VO674,BI674,,2018-01-22,SC674,C674,R
PO675,VO675,BI675,,2018-01-22,SC675,C675,R
PO676,VO676,BI676,,2018-01-22,SC676,C676,R
PO677,VO677,BI677,,2018-01-22,SC677,C677,R
PO678,VO678,BI678,,2018-01-22,SC678,C678,R
PO679,VO679,BI679,,2018-01-22,SC679,C679,R
PO680,VO680,BI680,,2018-01-22,SC680,C680,R
PO681,VO681,BI681,,2018-01-22,SC681,C681,R
PO682,VO682,BI682,,2018-01-22,SC682,C682,R
PO683,VO683,BI683,,2018-01-22,SC683,C683,R
PO684,VO684,BI684,,2018-01-22,SC684,C684,R
PO685,VO685,BI685,,2018-01-22,SC685,C685,R
PO686,VO686,BI686,,2018-01-22,SC686,C686,R
PO687,VO687,BI687,,2018-01-22,SC687,C687,R
PO688,VO688,BI688,,2018-01-22,SC688,C688,R
PO689,VO689,BI689,,2018-01-22,SC689,C689,R
PO690,VO690,BI690,,2018-01-22,SC690,C690,R
PO691,VO691,BI691,,2018-01-22,SC691,C691,R
PO692,VO692,BI692,,2018-01-22,SC692,C692,R
PO693,VO693,BI693,,2018-01-22,SC693,C693,R
PO694,VO694,BI694,,2018-01-22,SC694,C694,R
PO695,VO695,BI695,,2018-01-22,SC695,C695,R
PO696,VO696,BI696,,2018-01-22,SC696,C696,R
PO697,VO697,BI697,,2018-01-22,SC697,C697,R
PO698,VO698,BI698,,2018-01-22,SC698,C698,R
PO699,VO699,BI699,,2018-01-22,SC699,C699,R
PO700,VO700,BI700,,2018-01-22,SC700,C700,R
PO701,VO701,BI701,,2018-01-22,SC701,C701,R
PO702,VO702,BI702,,2018-01-22,SC702,C702,R
PO703,VO703,BI703,,2018-01-22,SC703,C703,R
PO704,VO704,BI704,,2018-01-22,SC704,C704,R
PO705,VO705,BI705,,2018-01-22,SC705,C705,R
PO706,VO706,BI706,,2018-01-22,SC706,C706,R
PO707,VO707,BI707,,2018-01-22,SC707,C707,R
PO708,VO708,BI708,,2018-01-22,SC708,C708,R
PO709,VO709,BI709,,2018-01-22,SC709,C709,R
PO710,VO710,BI710,,2018-01-22,SC710,C710,R
PO711,VO711,BI711,,2018-01-22,SC711,C711,R
PO712,VO712,BI712,,2018-01-22,SC712,C712,R
PO713,VO713,BI713,,2018-01-22,SC713,C713,R
PO714,VO714,BI714,,2018-01-22,SC714,C714,R
PO715,VO715,BI715,,2018-01-22,SC715,C715,R
PO716,VO716,BI716,,2018-01-22,SC716,C716,R
PO717,VO717,BI717,,2018-01-22,SC717,C717,R
PO718,VO718,BI718,,2018-01-22,SC718,C718,R
PO719,VO719,BI719,,2018-01-22,SC719,C719,R
PO720,VO720,BI720,,2018-01-22,SC720,C720,R
PO721,VO721,BI721,,2018-01-22,SC721,C721,R
PO722,VO722,BI722,,2018-01-22,SC722,C722,R
PO723,VO723,BI723,,2018-01-22,SC723,C723,R
PO724,VO724,BI724,,2018-01-22,SC724,C724,R
PO725,VO725,BI725,,2018-01-22,SC725,C725,R
PO726,VO726,BI726,,2018-01-22,SC726,C726,R
PO727,VO727,BI727,,2018-01-22,SC727,C727,R
PO728,VO728,BI728,,2018-01-22,SC728,C728,R
PO729,VO729,BI729,,2018-01-22,SC729,C729,R
PO730,VO730,BI730,,2018-01-22,SC730,C730,R
PO731,VO731,BI731,,2018-01-22,SC731,C731,R
PO732,VO732,BI732,,2018-01-22,SC732,C732,R
PO733,VO733,BI733,,2018-01-22,SC733,C733,R
PO734,VO734,BI734,,2018-01-22,SC734,C734,R
PO735,VO735,BI735,,2018-01-22,SC735,C735,R
PO736,VO736,BI736,,2018-01-22,SC736,C736,R
PO737,VO737,BI737,,2018-01-22,SC737,C737,R
PO738,VO738,BI738,,2018-01-22,SC738,C738,R
PO739,VO739,BI739,,2018-01-22,SC739,C739,R
PO740,VO740,BI740,,2018-01-22,SC740,C740,R
PO741,VO741,BI741,,2018-01-22,SC741,C741,R
PO742,VO742,BI742,,2018-01-22,SC742,C742,R
PO743,VO743,BI743,,2018-01-22,SC743,C743,R
PO744,VO744,BI744,,2018-01-22,SC744,C744,R
PO745,VO745,BI745,,2018-01-22,SC745,C745,R
PO746,VO746,BI746,,2018-01-22,SC746,C746,R
PO747,VO747,BI747,,2018-01-22,SC747,C747,R
PO748,VO748,BI748,,2018-01-22,SC748,C748,R
PO749,VO749,BI749,,2018-01-22,SC749,C749,R
PO750,VO750,BI750,,2018-01-22,SC750,C750,R
PO751,VO751,BI751,,2018-01-22,SC751,C751,R
PO752,VO752,BI752,,2018-01-22,SC752,C752,R
PO753,VO753,BI753,,2018-01-22,SC753,C753,R
PO754,VO754,BI754,,2018-01-22,SC754,C754,R
PO755,VO755,BI755,,2018-01-22,SC755,C755,R
PO756,VO756,BI756,,2018-01-22,SC756,C756,R
PO757,VO757,BI757,,2018-01-22,SC757,C757,R
PO758,VO758,BI758,,2018-01-22,SC758,C758,R
PO759,VO759,BI759,,2018-01-22,SC759,C759,R
PO760,VO760,BI760,,2018-01-22,SC760,C760,R
PO761,VO761,BI761,,2018-01-22,SC761,C761,R
PO762,VO762,BI762,,2018-01-22,SC762,C762,R
PO763,VO763,BI763,,2018-01-22,SC763,C763,R
PO764,VO764,BI764,,2018-01-22,SC764,C764,R
PO765,VO765,BI765,,2018-01-22,SC765,C765,R
PO766,VO766,BI766,,2018-01-22,SC766,C766,R
PO767,VO767,BI767,,2018-01-22,SC767,C767,R
PO768,VO768,BI768,,2018-01-22,SC768,C768,R
PO769,VO769,BI769,,2018-01-22,SC769,C769,R
PO770,VO770,BI770,,2018-01-22,SC770,C770,R
PO771,VO771,BI771,,2018-01-22,SC771,C771,R
PO772,VO772,BI772,,2018-01-22,SC772,C772,R
PO773,VO773,BI773,,2018-01-22,SC773,C773,R
PO774,VO774,BI774,,2018-01-22,SC774,C774,R
PO775,VO775,BI775,,2018-01-22,SC775,C775,R
PO776,VO776,BI776,,2018-01-22,SC776,C776,R
PO777,VO777,BI777,,2018-01-22,SC777,C777,R
PO778,VO778,BI778,,2018-01-22,SC778,C778,R
PO779,VO779,BI779,,2018-01-22,SC779,C779,R
PO780,VO780,BI780,,2018-01-22,SC780,C780,R
PO781,VO781,BI781,,2018-01-22,SC781,C781,R
PO782,VO782,BI782,,2018-01-22,SC782,C782,R
PO783,VO783,BI783,,2018-01-22,SC783,C783,R
PO784,VO784,BI784,,2018-01-22,SC784,C784,R
PO785,VO785,BI785,,2018-01-22,SC785,C785,R
PO786,VO786,BI786,,2018-01-22,SC786,C786,R
PO787,VO787,BI787,,2018-01-22,SC787,C787,R
PO788,VO788,BI788,,2018-01-22,SC788,C788,R
PO789,VO789,BI789,,2018-01-22,SC789,C789,R
PO790,VO790,BI790,,2018-01-22,SC790,C790,R
PO791,VO791,BI791,,2018-01-22,SC791,C791,R
PO792,VO792,BI792,,2018-01-22,SC792,C792,R
PO793,VO793,BI793,,2018-01-22,SC793,C793,R
PO794,VO794,BI794,,2018-01-22,SC794,C794,R
PO795,VO795,BI795,,2018-01-22,SC795,C795,R
PO796,VO796,BI796,,2018-01-22,SC796,C796,R
PO797,VO797,BI797,,2018-01-22,SC797,C797,R
PO798,VO798,BI798,,2018-01-22,SC798,C798,R
PO799,VO799,BI799,,2018-01-22,SC799,C799,R
PO800,VO800,BI800,,2018-01-22,SC800,C800,R
PO801,VO801,BI801,,2018-01-22,SC801,C801,R
PO802,VO802,BI802,,2018-01-22,SC802,C802,R
PO803,VO803,BI803,,2018-01-22,SC803,C803,R
PO804,VO804,BI804,,2018-01-22,SC804,C804,R
PO805,VO805,BI805,,2018-01-22,SC805,C805,R
PO806,VO806,BI806,,2018-01-22,SC806,C806,R
PO807,VO807,BI807,,2018-01-22,SC807,C807,R
PO808,VO808,BI808,,2018-01-22,SC808,C808,R
PO809,VO809,BI809,,2018-01-22,SC809,C809,R
PO810,VO810,BI810,,2018-01-22,SC810,C810,R
PO811,VO811,BI811,,2018-01-22,SC811,C811,R
PO812,VO812,BI812,,2018-01-22,SC812,C812,R
PO813,VO813,BI813,,2018-01-22,SC813,C813,R
PO814,VO814,BI814,,2018-01-22,SC814,C814,R
PO815,VO815,BI815,,2018-01-22,SC815,C815,R
PO816,VO816,BI816,,2018-01-22,SC816,C816,R
PO817,VO817,BI817,,2018-01-22,SC817,C817,R
PO818,VO818,BI818,,2018-01-22,SC818,C818,R
PO819,VO819,BI819,,2018-01-22,SC819,C819,R
PO820,VO820,BI820,,2018-01-22,SC820,C820,R
PO821,VO821,BI821,,2018-01-22,SC821,C821,R
PO822,VO822,BI822,,2018-01-22,SC822,C822,R
PO823,VO823,BI823,,2018-01-22,SC823,C823,R
PO824,VO824,BI824,,2018-01-22,SC824,C824,R
PO825,VO825,BI825,,2018-01-22,SC825,C825,R
PO826,VO826,BI826,,2018-01-22,SC826,C826,R
PO827,VO827,BI827,,2018-01-22,SC827,C827,R
PO828,VO828,BI828,,2018-01-22,SC828,C828,R
PO829,VO829,BI829,,2018-01-22,SC829,C829,R
PO830,VO830,BI830,,2018-01-22,SC830,C830,R
PO831,VO831,BI831,,2018-01-22,SC831,C831,R
PO832,VO832,BI832,,2018-01-22,SC832,C832,R
PO833,VO833,BI833,,2018-01-22,SC833,C833,R
PO834,VO834,BI834,,2018-01-22,SC834,C834,R
PO835,VO835,BI835,,2018-01-22,SC835,C835,R
PO836,VO836,BI836,,2018-01-22,SC836,C836,R
PO837,VO837,BI837,,2018-01-22,SC837,C837,R
PO838,VO838,BI838,,2018-01-22,SC838,C838,R
PO839,VO839,BI839,,2018-01-22,SC839,C839,R
PO840,VO840,BI840,,2018-01-22,SC840,C840,R
PO841,VO841,BI841,,2018-01-22,SC841,C841,R
PO842,VO842,BI842,,2018-01-22,SC842,C842,R
PO843,VO843,BI843,,2018-01-22,SC843,C843,R
PO844,VO844,BI844,,2018-01-22,SC844,C844,R
PO845,VO845,BI845,,2018-01-22,SC845,C845,R
PO846,VO846,BI846,,2018-01-22,SC846,C846,R
PO847,VO847,BI847,,2018-01-22,SC847,C847,R
PO848,VO848,BI848,,2018-01-22,SC848,C848,R
PO849,VO849,BI849,,2018-01-22,SC849,C849,R
PO850,VO850,BI850,,2018-01-22,SC850,C850,R
PO851,VO851,BI851,,2018-01-22,SC851,C851,R
PO852,VO852,BI852,,2018-01-22,SC852,C852,R
PO853,VO853,BI853,,2018-01-22,SC853,C853,R
PO854,VO854,BI854,,2018-01-22,SC854,C854,R
PO855,VO855,BI855,,2018-01-22,SC855,C855,R
PO856,VO856,BI856,,2018-01-22,SC856,C856,R
PO857,VO857,BI857,,2018-01-22,SC857,C857,R
PO858,VO858,BI858,,2018-01-22,SC858,C858,R
PO859,VO859,BI859,,2018-01-22,SC859,C859,R
PO860,VO860,BI860,,2018-01-22,SC860,C860,R
PO861,VO861,BI861,,2018-01-22,SC861,C861,R
PO862,VO862,BI862,,2018-01-22,SC862,C862,R
PO863,VO863,BI863,,2018-01-22,SC863,C863,R
PO864,VO864,BI864,,2018-01-22,SC864,C864,R
PO865,VO865,BI865,,2018-01-22,SC865,C865,R
PO866,VO866,BI866,,2018-01-22,SC866,C866,R
PO867,VO867,BI867,,2018-01-22,SC867,C867,R
PO868,VO868,BI868,,2018-01-22,SC868,C868,R
PO869,VO869,BI869,,2018-01-22,SC869,C869,R
PO870,VO870,BI870,,2018-01-22,SC870,C870,R
PO871,VO871,BI871,,2018-01-22,SC871,C871,R
PO872,VO872,BI872,,2018-01-22,SC872,C872,R
PO873,VO873,BI873,,2018-01-22,SC873,C873,R
PO874,VO874,BI874,,2018-01-22,SC874,C874,R
PO875,VO875,BI875,,2018-01-22,SC875,C875,R
PO876,VO876,BI876,,2018-01-22,SC876,C876,R
PO877,VO877,BI877,,2018-01-22,SC877,C877,R
PO878,VO878,BI878,,2018-01-22,SC878,C878,R
PO879,VO879,BI879,,2018-01-22,SC879,C879,R
PO880,VO880,BI880,,2018-01-22,SC880,C880,R
PO881,VO881,BI881,,2018-01-22,SC881,C881,R
PO882,VO882,BI882,,2018-01-22,SC882,C882,R
PO883,VO883,BI883,,2018-01-22,SC883,C883,R
PO884,VO884,BI884,,2018-01-22,SC884,C884,R
PO885,VO885,BI885,,2018-01-22,SC885,C885,R
PO886,VO886,BI886,,2018-01-22,SC886,C886,R
PO887,VO887,BI887,,2018-01-22,SC887,C887,R
PO888,VO888,BI888,,2018-01-22,SC888,C888,R
PO889,VO889,BI889,,2018-01-22,SC889,C889,R
PO890,VO890,BI890,,2018-01-22,SC890,C890,R
PO891,VO891,BI891,,2018-01-22,SC891,C891,R
PO892,VO892,BI892,,2018-01-22,SC892,C892,R
PO893,VO893,BI893,,2018-01-22,SC893,C893,R
PO894,VO894,BI894,,2018-01-22,SC894,C894,R
PO895,VO895,BI895,,2018-01-22,SC895,C895,R
PO896,VO896,BI896,,2018-01-22,SC896,C896,R
PO897,VO897,BI897,,2018-01-22,SC897,C897,R
PO898,VO898,BI898,,2018-01-22,SC898,C898,R
PO899,VO899,BI899,,2018-01-22,SC899,C899,R
PO900,VO900,BI900,,2018-01-22,SC900,C900,R
PO901,VO901,BI901,,2018-01-22,SC901,C901,R
PO902,VO902,BI902,,2018-01-22,SC902,C902,R
PO903,VO903,BI903,,2018-01-22,SC903,C903,R
PO904,VO904,BI904,,2018-01-22,SC904,C904,R
PO905,VO905,BI905,,2018-01-22,SC905,C905,R
PO906,VO906,BI906,,2018-01-22,SC906,C906,R
PO907,VO907,BI907,,2018-01-22,SC907,C907,R
PO908,VO908,BI908,,2018-01-22,SC908,C908,R
PO909,VO909,BI909,,2018-01-22,SC909,C909,R
PO910,VO910,BI910,,2018-01-22,SC910,C910,R
PO911,VO911,BI911,,2018-01-22,SC911,C911,R
PO912,VO912,BI912,,2018-01-22,SC912,C912,R
PO913,VO913,BI913,,2018-01-22,SC913,C913,R
PO914,VO914,BI914,,2018-01-22,SC914,C914,R
PO915,VO915,BI915,,2018-01-22,SC915,C915,R
PO916,VO916,BI916,,2018-01-22,SC916,C916,R
PO917,VO917,BI917,,2018-01-22,SC917,C917,R
PO918,VO918,BI918,,2018-01-22,SC918,C918,R
PO919,VO919,BI919,,2018-01-22,SC919,C919,R
PO920,VO920,BI920,,2018-01-22,SC920,C920,R
PO921,VO921,BI921,,2018-01-22,SC921,C921,R
PO922,VO922,BI922,,2018-01-22,SC922,C922,R
PO923,VO923,BI923,,2018-01-22,SC923,C923,R
PO924,VO924,BI924,,2018-01-22,SC924,C924,R
PO925,VO925,BI925,,2018-01-22,SC925,C925,R
PO926,VO926,BI926,,2018-01-22,SC926,C926,R
PO927,VO927,BI927,,2018-01-22,SC927,C927,R
PO928,VO928,BI928,,2018-01-22,SC928,C928,R
PO929,VO929,BI929,,2018-01-22,SC929,C929,R
PO930,VO930,BI930,,2018-01-22,SC930,C930,R
PO931,VO931,BI931,,2018-01-22,SC931,C931,R
PO932,VO932,BI932,,2018-01-22,SC932,C932,R
PO933,VO933,BI933,,2018-01-22,SC933,C933,R
PO934,VO934,BI934,,2018-01-22,SC934,C934,R
PO935,VO935,BI935,,2018-01-22,SC935,C935,R
PO936,VO936,BI936,,2018-01-22,SC936,C936,R
PO937,VO937,BI937,,2018-01-22,SC937,C937,R
PO938,VO938,BI938,,2018-01-22,SC938,C938,R
PO939,VO939,BI939,,2018-01-22,SC939,C939,R
PO940,VO940,BI940,,2018-01-22,SC940,C940,R
PO941,VO941,BI941,,2018-01-22,SC941,C941,R
PO942,VO942,BI942,,2018-01-22,SC942,C942,R
PO943,VO943,BI943,,2018-01-22,SC943,C943,R
PO944,VO944,BI944,,2018-01-22,SC944,C944,R
PO945,VO945,BI945,,2018-01-22,SC945,C945,R
PO946,VO946,BI946,,2018-01-22,SC946,C946,R
PO947,VO947,BI947,,2018-01-22,SC947,C947,R
PO948,VO948,BI948,,2018-01-22,SC948,C948,R
PO949,VO949,BI949,,2018-01-22,SC949,C949,R
PO950,VO950,BI950,,2018-01-22,SC950,C950,R
PO951,VO951,BI951,,2018-01-22,SC951,C951,R
PO952,VO952,BI952,,2018-01-22,SC952,C952,R
PO953,VO953,BI953,,2018-01-22,SC953,C953,R
PO954,VO954,BI954,,2018-01-22,SC954,C954,R
PO955,VO955,BI955,,2018-01-22,SC955,C955,R
PO956,VO956,BI956,,2018-01-22,SC956,C956,R
PO957,VO957,BI957,,2018-01-22,SC957,C957,R
PO958,VO958,BI958,,2018-01-22,SC958,C958,R
PO959,VO959,BI959,,2018-01-22,SC959,C959,R
PO960,VO960,BI960,,2018-01-22,SC960,C960,R
PO961,VO961,BI961,,2018-01-22,SC961,C961,R
PO962,VO962,BI962,,2018-01-22,SC962,C962,R
PO963,VO963,BI963,,2018-01-22,SC963,C963,R
PO964,VO964,BI964,,2018-01-22,SC964,C964,R
PO965,VO965,BI965,,2018-01-22,SC965,C965,R
PO966,VO966,BI966,,2018-01-22,SC966,C966,R
PO967,VO967,BI967,,2018-01-22,SC967,C967,R
PO968,VO968,BI968,,2018-01-22,SC968,C968,R
PO969,VO969,BI969,,2018-01-22,SC969,C969,R
PO970,VO970,BI970,,2018-01-22,SC970,C970,R
PO971,VO971,BI971,,2018-01-22,SC971,C971,R
PO972,VO972,BI972,,2018-01-22,SC972,C972,R
PO973,VO973,BI973,,2018-01-22,SC973,C973,R
PO974,VO974,BI974,,2018-01-22,SC974,C974,R
PO975,VO975,BI975,,2018-01-22,SC975,C975,R
PO976,VO976,BI976,,2018-01-22,SC976,C976,R
PO977,VO977,BI977,,2018-01-22,SC977,C977,R
PO978,VO978,BI978,,2018-01-22,SC978,C978,R
PO979,VO979,BI979,,2018-01-22,SC979,C979,R
PO980,VO980,BI980,,2018-01-22,SC980,C980,R
PO981,VO981,BI981,,2018-01-22,SC981,C981,R
PO982,VO982,BI982,,2018-01-22,SC982,C982,R
PO983,VO983,BI983,,2018-01-22,SC983,C983,R
PO984,VO984,BI984,,2018-01-22,SC984,C984,R
PO985,VO985,BI985,,2018-01-22,SC985,C985,R
PO986,VO986,BI986,,2018-01-22,SC986,C986,R
PO987,VO987,BI987,,2018-01-22,SC987,C987,R
PO988,VO988,BI988,,2018-01-22,SC988,C988,R
PO989,VO989,BI989,,2018-01-22,SC989,C989,R
PO990,VO990,BI990,,2018-01-22,SC990,C990,R
PO991,VO991,BI991,,2018-01-22,SC991,C991,R
PO992,VO992,BI992,,2018-01-22,SC992,C992,R
PO993,VO993,BI993,,2018-01-22,SC993,C993,R
PO994,VO994,BI994,,2018-01-22,SC994,C994,R
PO995,VO995,BI995,,2018-01-22,SC995,C995,R
PO996,VO996,BI996,,2018-01-22,SC996,C996,R
PO997,VO997,BI997,,2018-01-22,SC997,C997,R
PO998,VO998,BI998,,2018-01-22,SC998,C998,R
PO999,VO999,BI999,,2018-01-22,SC999,C999,R
PO1000,VO1000,BI1000,,2018-01-22,SC1000,C1000,R