product_code,dateof_mixing,production_lotNo,co_ords,product_qty,ingredient_code,ingredient_batchNo,quantity
PC1,2017-1-24,PL1,C1,101,item1,BI1,101
PC2,2017-1-24,PL2,C2,102,item2,BI2,102
PC3,2017-1-24,PL3,C3,103,item3,BI3,103
PC4,2017-1-24,PL4,C4,104,item4,BI4,104
PC5,2017-1-24,PL5,C5,105,item5,BI5,105
PC6,2017-1-24,PL6,C6,106,item6,BI6,106
PC7,2017-1-24,PL7,C7,107,item7,BI7,107
PC8,2017-1-24,PL8,C8,108,item8,BI8,108
PC9,2017-1-24,PL9,C9,109,item9,BI9,109
PC10,2017-1-24,PL10,C10,1010,item10,BI10,1010
PC11,2017-1-24,PL11,C11,1011,item11,BI11,1011
PC12,2017-1-24,PL12,C12,1012,item12,BI12,1012
PC13,2017-1-24,PL13,C13,1013,item13,BI13,1013
PC14,2017-1-24,PL14,C14,1014,item14,BI14,1014
PC15,2017-1-24,PL15,C15,1015,item15,BI15,1015
PC16,2017-1-24,PL16,C16,1016,item16,BI16,1016
PC17,2017-1-24,PL17,C17,1017,item17,BI17,1017
PC18,2017-1-24,PL18,C18,1018,item18,BI18,1018
PC19,2017-1-24,PL19,C19,1019,item19,BI19,1019
PC20,2017-1-24,PL20,C20,1020,item20,BI20,1020
PC21,2017-1-24,PL21,C21,1021,item21,BI21,1021
PC22,2017-1-24,PL22,C22,1022,item22,BI22,1022
PC23,2017-1-24,PL23,C23,1023,item23,BI23,1023
PC24,2017-1-24,PL24,C24,1024,item24,BI24,1024
PC25,2017-1-24,PL25,C25,1025,item25,BI25,1025
PC26,2017-1-24,PL26,C26,1026,item26,BI26,1026
PC27,2017-1-24,PL27,C27,1027,item27,BI27,1027
PC28,2017-1-24,PL28,C28,1028,item28,BI28,1028
PC29,2017-1-24,PL29,C29,1029,item29,BI29,1029
PC30,2017-1-24,PL30,C30,1030,item30,BI30,1030
PC31,2017-1-24,PL31,C31,1031,item31,BI31,1031
PC32,2017-1-24,PL32,C32,1032,item32,BI32,1032
PC33,2017-1-24,PL33,C33,1033,item33,BI33,1033
PC34,2017-1-24,PL34,C34,1034,item34,BI34,1034
PC35,2017-1-24,PL35,C35,1035,item35,BI35,1035
PC36,2017-1-24,PL36,C36,1036,item36,BI36,1036
PC37,2017-1-24,PL37,C37,1037,item37,BI37,1037
PC38,2017-1-24,PL38,C38,1038,item38,BI38,1038
PC39,2017-1-24,PL39,C39,1039,item39,BI39,1039
PC40,2017-1-24,PL40,C40,1040,item40,BI40,1040
PC41,2017-1-24,PL41,C41,1041,item41,BI41,1041
PC42,2017-1-24,PL42,C42,1042,item42,BI42,1042
PC43,2017-1-24,PL43,C43,1043,item43,BI43,1043
PC44,2017-1-24,PL44,C44,1044,item44,BI44,1044
PC45,2017-1-24,PL45,C45,1045,item45,BI45,1045
PC46,2017-1-24,PL46,C46,1046,item46,BI46,1046
PC47,2017-1-24,PL47,C47,1047,item47,BI47,1047
PC48,2017-1-24,PL48,C48,1048,item48,BI48,1048
PC49,2017-1-24,PL49,C49,1049,item49,BI49,1049
PC50,2017-1-24,PL50,C50,1050,item50,BI50,1050
PC51,2017-1-24,PL51,C51,1051,item51,BI51,1051
PC52,2017-1-24,PL52,C52,1052,item52,BI52,1052
PC53,2017-1-24,PL53,C53,1053,item53,BI53,1053
PC54,2017-1-24,PL54,C54,1054,item54,BI54,1054
PC55,2017-1-24,PL55,C55,1055,item55,BI55,1055
PC56,2017-1-24,PL56,C56,1056,item56,BI56,1056
PC57,2017-1-24,PL57,C57,1057,item57,BI57,1057
PC58,2017-1-24,PL58,C58,1058,item58,BI58,1058
PC59,2017-1-24,PL59,C59,1059,item59,BI59,1059
PC60,2017-1-24,PL60,C60,1060,item60,BI60,1060
PC61,2017-1-24,PL61,C61,1061,item61,BI61,1061
PC62,2017-1-24,PL62,C62,1062,item62,BI62,1062
PC63,2017-1-24,PL63,C63,1063,item63,BI63,1063
PC64,2017-1-24,PL64,C64,1064,item64,BI64,1064
PC65,2017-1-24,PL65,C65,1065,item65,BI65,1065
PC66,2017-1-24,PL66,C66,1066,item66,BI66,1066
PC67,2017-1-24,PL67,C67,1067,item67,BI67,1067
PC68,2017-1-24,PL68,C68,1068,item68,BI68,1068
PC69,2017-1-24,PL69,C69,1069,item69,BI69,1069
PC70,2017-1-24,PL70,C70,1070,item70,BI70,1070
PC71,2017-1-24,PL71,C71,1071,item71,BI71,1071
PC72,2017-1-24,PL72,C72,1072,item72,BI72,1072
PC73,2017-1-24,PL73,C73,1073,item73,BI73,1073
PC74,2017-1-24,PL74,C74,1074,item74,BI74,1074
PC75,2017-1-24,PL75,C75,1075,item75,BI75,1075
PC76,2017-1-24,PL76,C76,1076,item76,BI76,1076
PC77,2017-1-24,PL77,C77,1077,item77,BI77,1077
PC78,2017-1-24,PL78,C78,1078,item78,BI78,1078
PC79,2017-1-24,PL79,C79,1079,item79,BI79,1079
PC80,2017-1-24,PL80,C80,1080,item80,BI80,1080
PC81,2017-1-24,PL81,C81,1081,item81,BI81,1081
PC82,2017-1-24,PL82,C82,1082,item82,BI82,1082
PC83,2017-1-24,PL83,C83,1083,item83,BI83,1083
PC84,2017-1-24,PL84,C84,1084,item84,BI84,1084
PC85,2017-1-24,PL85,C85,1085,item85,BI85,1085
PC86,2017-1-24,PL86,C86,1086,item86,BI86,1086
PC87,2017-1-24,PL87,C87,1087,item87,BI87,1087
PC88,2017-1-24,PL88,C88,1088,item88,BI88,1088
PC89,2017-1-24,PL89,C89,1089,item89,BI89,1089
PC90,2017-1-24,PL90,C90,1090,item90,BI90,1090
PC91,2017-1-24,PL91,C91,1091,item91,BI91,1091
PC92,2017-1-24,PL92,C92,1092,item92,BI92,1092
PC93,2017-1-24,PL93,C93,1093,item93,BI93,1093
PC94,2017-1-24,PL94,C94,1094,item94,BI94,1094
PC95,2017-1-24,PL95,C95,1095,item95,BI95,1095
PC96,2017-1-24,PL96,C96,1096,item96,BI96,1096
PC97,2017-1-24,PL97,C97,1097,item97,BI97,1097
PC98,2017-1-24,PL98,C98,1098,item98,BI98,1098
PC99,2017-1-24,PL99,C99,1099,item99,BI99,1099
PC100,2017-1-24,PL100,C100,10100,item100,BI100,10100
PC101,2017-1-24,PL101,C101,10101,item101,BI101,10101
PC102,2017-1-24,PL102,C102,10102,item102,BI102,10102
PC103,2017-1-24,PL103,C103,10103,item103,BI103,10103
PC104,2017-1-24,PL104,C104,10104,item104,BI104,10104
PC105,2017-1-24,PL105,C105,10105,item105,BI105,10105
PC106,2017-1-24,PL106,C106,10106,item106,BI106,10106
PC107,2017-1-24,PL107,C107,10107,item107,BI107,10107
PC108,2017-1-24,PL108,C108,10108,item108,BI108,10108
PC109,2017-1-24,PL109,C109,10109,item109,BI109,10109
PC110,2017-1-24,PL110,C110,10110,item110,BI110,10110
PC111,2017-1-24,PL111,C111,10111,item111,BI111,10111
PC112,2017-1-24,PL112,C112,10112,item112,BI112,10112
PC113,2017-1-24,PL113,C113,10113,item113,BI113,10113
PC114,2017-1-24,PL114,C114,10114,item114,BI114,10114
PC115,2017-1-24,PL115,C115,10115,item115,BI115,10115
PC116,2017-1-24,PL116,C116,10116,item116,BI116,10116
PC117,2017-1-24,PL117,C117,10117,item117,BI117,10117
PC118,2017-1-24,PL118,C118,10118,item118,BI118,10118
PC119,2017-1-24,PL119,C119,10119,item119,BI119,10119
PC120,2017-1-24,PL120,C120,10120,item120,BI120,10120
PC121,2017-1-24,PL121,C121,10121,item121,BI121,10121
PC122,2017-1-24,PL122,C122,10122,item122,BI122,10122
PC123,2017-1-24,PL123,C123,10123,item123,BI123,10123
PC124,2017-1-24,PL124,C124,10124,item124,BI124,10124
PC125,2017-1-24,PL125,C125,10125,item125,BI125,10125
PC126,2017-1-24,PL126,C126,10126,item126,BI126,10126
PC127,2017-1-24,PL127,C127,10127,item127,BI127,10127
PC128,2017-1-24,PL128,C128,10128,item128,BI128,10128
PC129,2017-1-24,PL129,C129,10129,item129,BI129,10129
PC130,2017-1-24,PL130,C130,10130,item130,BI130,10130
PC131,2017-1-24,PL131,C131,10131,item131,BI131,10131
PC132,2017-1-24,PL132,C132,10132,item132,BI132,10132
PC133,2017-1-24,PL133,C133,10133,item133,BI133,10133
PC134,2017-1-24,PL134,C134,10134,item134,BI134,10134
PC135,2017-1-24,PL135,C135,10135,item135,BI135,10135
PC136,2017-1-24,PL136,C136,10136,item136,BI136,10136
PC137,2017-1-24,PL137,C137,10137,item137,BI137,10137
PC138,2017-1-24,PL138,C138,10138,item138,BI138,10138
PC139,2017-1-24,PL139,C139,10139,item139,BI139,10139
PC140,2017-1-24,PL140,C140,10140,item140,BI140,10140
PC141,2017-1-24,PL141,C141,10141,item141,BI141,10141
PC142,2017-1-24,PL142,C142,10142,item142,BI142,10142
PC143,2017-1-24,PL143,C143,10143,item143,BI143,10143
PC144,2017-1-24,PL144,C144,10144,item144,BI144,10144
PC145,2017-1-24,PL145,C145,10145,item145,BI145,10145
PC146,2017-1-24,PL146,C146,10146,item146,BI146,10146
PC147,2017-1-24,PL147,C147,10147,item147,BI147,10147
PC148,2017-1-24,PL148,C148,10148,item148,BI148,10148
PC149,2017-1-24,PL149,C149,10149,item149,BI149,10149
PC150,2017-1-24,PL150,C150,10150,item150,BI150,10150
PC151,2017-1-24,PL151,C151,10151,item151,BI151,10151
PC152,2017-1-24,PL152,C152,10152,item152,BI152,10152
PC153,2017-1-24,PL153,C153,10153,item153,BI153,10153
PC154,2017-1-24,PL154,C154,10154,item154,BI154,10154
PC155,2017-1-24,PL155,C155,10155,item155,BI155,10155
PC156,2017-1-24,PL156,C156,10156,item156,BI156,10156
PC157,2017-1-24,PL157,C157,10157,item157,BI157,10157
PC158,2017-1-24,PL158,C158,10158,item158,BI158,10158
PC159,2017-1-24,PL159,C159,10159,item159,BI159,10159
PC160,2017-1-24,PL160,C160,10160,item160,BI160,10160
PC161,2017-1-24,PL161,C161,10161,item161,BI161,10161
PC162,2017-1-24,PL162,C162,10162,item162,BI162,10162
PC163,2017-1-24,PL163,C163,10163,item163,BI163,10163
PC164,2017-1-24,PL164,C164,10164,item164,BI164,10164
PC165,2017-1-24,PL165,C165,10165,item165,BI165,10165
PC166,2017-1-24,PL166,C166,10166,item166,BI166,10166
PC167,2017-1-24,PL167,C167,10167,item167,BI167,10167
PC168,2017-1-24,PL168,C168,10168,item168,BI168,10168
PC169,2017-1-24,PL169,C169,10169,item169,BI169,10169
PC170,2017-1-24,PL170,C170,10170,item170,BI170,10170
PC171,2017-1-24,PL171,C171,10171,item171,BI171,10171
PC172,2017-1-24,PL172,C172,10172,item172,BI172,10172
PC173,2017-1-24,PL173,C173,10173,item173,BI173,10173
PC174,2017-1-24,PL174,C174,10174,item174,BI174,10174
PC175,2017-1-24,PL175,C175,10175,item175,BI175,10175
PC176,2017-1-24,PL176,C176,10176,item176,BI176,10176
PC177,2017-1-24,PL177,C177,10177,item177,BI177,10177
PC178,2017-1-24,PL178,C178,10178,item178,BI178,10178
PC179,2017-1-24,PL179,C179,10179,item179,BI179,10179
PC180,2017-1-24,PL180,C180,10180,item180,BI180,10180
PC181,2017-1-24,PL181,C181,10181,item181,BI181,10181
PC182,2017-1-24,PL182,C182,10182,item182,BI182,10182
PC183,2017-1-24,PL183,C183,10183,item183,BI183,10183
PC184,2017-1-24,PL184,C184,10184,item184,BI184,10184
PC185,2017-1-24,PL185,C185,10185,item185,BI185,10185
PC186,2017-1-24,PL186,C186,10186,item186,BI186,10186
PC187,2017-1-24,PL187,C187,10187,item187,BI187,10187
PC188,2017-1-24,PL188,C188,10188,item188,BI188,10188
PC189,2017-1-24,PL189,C189,10189,item189,BI189,10189
PC190,2017-1-24,PL190,C190,10190,item190,BI190,10190
PC191,2017-1-24,PL191,C191,10191,item191,BI191,10191
PC192,2017-1-24,PL192,C192,10192,item192,BI192,10192
PC193,2017-1-24,PL193,C193,10193,item193,BI193,10193
PC194,2017-1-24,PL194,C194,10194,item194,BI194,10194
PC195,2017-1-24,PL195,C195,10195,item195,BI195,10195
PC196,2017-1-24,PL196,C196,10196,item196,BI196,10196
PC197,2017-1-24,PL197,C197,10197,item197,BI197,10197
PC198,2017-1-24,PL198,C198,10198,item198,BI198,10198
PC199,2017-1-24,PL199,C199,10199,item199,BI199,10199
PC200,2017-1-24,PL200,C200,10200,item200,BI200,10200
PC201,2017-1-24,PL201,C201,10201,item201,BI201,10201
PC202,2017-1-24,PL202,C202,10202,item202,BI202,10202
PC203,2017-1-24,PL203,C203,10203,item203,BI203,10203
PC204,2017-1-24,PL204,C204,10204,item204,BI204,10204
PC205,2017-1-24,PL205,C205,10205,item205,BI205,10205
PC206,2017-1-24,PL206,C206,10206,item206,BI206,10206
PC207,2017-1-24,PL207,C207,10207,item207,BI207,10207
PC208,2017-1-24,PL208,C208,10208,item208,BI208,10208
PC209,2017-1-24,PL209,C209,10209,item209,BI209,10209
PC210,2017-1-24,PL210,C210,10210,item210,BI210,10210
PC211,2017-1-24,PL211,C211,10211,item211,BI211,10211
PC212,2017-1-24,PL212,C212,10212,item212,BI212,10212
PC213,2017-1-24,PL213,C213,10213,item213,BI213,10213
PC214,2017-1-24,PL214,C214,10214,item214,BI214,10214
PC215,2017-1-24,PL215,C215,10215,item215,BI215,10215
PC216,2017-1-24,PL216,C216,10216,item216,BI216,10216
PC217,2017-1-24,PL217,C217,10217,item217,BI217,10217
PC218,2017-1-24,PL218,C218,10218,item218,BI218,10218
PC219,2017-1-24,PL219,C219,10219,item219,BI219,10219
PC220,2017-1-24,PL220,C220,10220,item220,BI220,10220
PC221,2017-1-24,PL221,C221,10221,item221,BI221,10221
PC222,2017-1-24,PL222,C222,10222,item222,BI222,10222
PC223,2017-1-24,PL223,C223,10223,item223,BI223,10223
PC224,2017-1-24,PL224,C224,10224,item224,BI224,10224
PC225,2017-1-24,PL225,C225,10225,item225,BI225,10225
PC226,2017-1-24,PL226,C226,10226,item226,BI226,10226
PC227,2017-1-24,PL227,C227,10227,item227,BI227,10227
PC228,2017-1-24,PL228,C228,10228,item228,BI228,10228
PC229,2017-1-24,PL229,C229,10229,item229,BI229,10229
PC230,2017-1-24,PL230,C230,10230,item230,BI230,10230
PC231,2017-1-24,PL231,C231,10231,item231,BI231,10231
PC232,2017-1-24,PL232,C232,10232,item232,BI232,10232
PC233,2017-1-24,PL233,C233,10233,item233,BI233,10233
PC234,2017-1-24,PL234,C234,10234,item234,BI234,10234
PC235,2017-1-24,PL235,C235,10235,item235,BI235,10235
PC236,2017-1-24,PL236,C236,10236,item236,BI236,10236
PC237,2017-1-24,PL237,C237,10237,item237,BI237,10237
PC238,2017-1-24,PL238,C238,10238,item238,BI238,10238
PC239,2017-1-24,PL239,C239,10239,item239,BI239,10239
PC240,2017-1-24,PL240,C240,10240,item240,BI240,10240
PC241,2017-1-24,PL241,C241,10241,item241,BI241,10241
PC242,2017-1-24,PL242,C242,10242,item242,BI242,10242
PC243,2017-1-24,PL243,C243,10243,item243,BI243,10243
PC244,2017-1-24,PL244,C244,10244,item244,BI244,10244
PC245,2017-1-24,PL245,C245,10245,item245,BI245,10245
PC246,2017-1-24,PL246,C246,10246,item246,BI246,10246
PC247,2017-1-24,PL247,C247,10247,item247,BI247,10247
PC248,2017-1-24,PL248,C248,10248,item248,BI248,10248
PC249,2017-1-24,PL249,C249,10249,item249,BI249,10249
PC250,2017-1-24,PL250,C250,10250,item250,BI250,10250
PC251,2017-1-24,PL251,C251,10251,item251,BI251,10251
PC252,2017-1-24,PL252,C252,10252,item252,BI252,10252
PC253,2017-1-24,PL253,C253,10253,item253,BI253,10253
PC254,2017-1-24,PL254,C254,10254,item254,BI254,10254
PC255,2017-1-24,PL255,C255,10255,item255,BI255,10255
PC256,2017-1-24,PL256,C256,10256,item256,BI256,10256
PC257,2017-1-24,PL257,C257,10257,item257,BI257,10257
PC258,2017-1-24,PL258,C258,10258,item258,BI258,10258
PC259,2017-1-24,PL259,C259,10259,item259,BI259,10259
PC260,2017-1-24,PL260,C260,10260,item260,BI260,10260
PC261,2017-1-24,PL261,C261,10261,item261,BI261,10261
PC262,2017-1-24,PL262,C262,10262,item262,BI262,10262
PC263,2017-1-24,PL263,C263,10263,item263,BI263,10263
PC264,2017-1-24,PL264,C264,10264,item264,BI264,10264
PC265,2017-1-24,PL265,C265,10265,item265,BI265,10265
PC266,2017-1-24,PL266,C266,10266,item266,BI266,10266
PC267,2017-1-24,PL267,C267,10267,item267,BI267,10267
PC268,2017-1-24,PL268,C268,10268,item268,BI268,10268
PC269,2017-1-24,PL269,C269,10269,item269,BI269,10269
PC270,2017-1-24,PL270,C270,10270,item270,BI270,10270
PC271,2017-1-24,PL271,C271,10271,item271,BI271,10271
PC272,2017-1-24,PL272,C272,10272,item272,BI272,10272
PC273,2017-1-24,PL273,C273,10273,item273,BI273,10273
PC274,2017-1-24,PL274,C274,10274,item274,BI274,10274
PC275,2017-1-24,PL275,C275,10275,item275,BI275,10275
PC276,2017-1-24,PL276,C276,10276,item276,BI276,10276
PC277,2017-1-24,PL277,C277,10277,item277,BI277,10277
PC278,2017-1-24,PL278,C278,10278,item278,BI278,10278
PC279,2017-1-24,PL279,C279,10279,item279,BI279,10279
PC280,2017-1-24,PL280,C280,10280,item280,BI280,10280
PC281,2017-1-24,PL281,C281,10281,item281,BI281,10281
PC282,2017-1-24,PL282,C282,10282,item282,BI282,10282
PC283,2017-1-24,PL283,C283,10283,item283,BI283,10283
PC284,2017-1-24,PL284,C284,10284,item284,BI284,10284
PC285,2017-1-24,PL285,C285,10285,item285,BI285,10285
PC286,2017-1-24,PL286,C286,10286,item286,BI286,10286
PC287,2017-1-24,PL287,C287,10287,item287,BI287,10287
PC288,2017-1-24,PL288,C288,10288,item288,BI288,10288
PC289,2017-1-24,PL289,C289,10289,item289,BI289,10289
PC290,2017-1-24,PL290,C290,10290,item290,BI290,10290
PC291,2017-1-24,PL291,C291,10291,item291,BI291,10291
PC292,2017-1-24,PL292,C292,10292,item292,BI292,10292
PC293,2017-1-24,PL293,C293,10293,item293,BI293,10293
PC294,2017-1-24,PL294,C294,10294,item294,BI294,10294
PC295,2017-1-24,PL295,C295,10295,item295,BI295,10295
PC296,2017-1-24,PL296,C296,10296,item296,BI296,10296
PC297,2017-1-24,PL297,C297,10297,item297,BI297,10297
PC298,2017-1-24,PL298,C298,10298,item298,BI298,10298
PC299,2017-1-24,PL299,C299,10299,item299,BI299,10299
PC300,2017-1-24,PL300,C300,10300,item300,BI300,10300
PC301,2017-1-24,PL301,C301,10301,item301,BI301,10301
PC302,2017-1-24,PL302,C302,10302,item302,BI302,10302
PC303,2017-1-24,PL303,C303,10303,item303,BI303,10303
PC304,2017-1-24,PL304,C304,10304,item304,BI304,10304
PC305,2017-1-24,PL305,C305,10305,item305,BI305,10305
PC306,2017-1-24,PL306,C306,10306,item306,BI306,10306
PC307,2017-1-24,PL307,C307,10307,item307,BI307,10307
PC308,2017-1-24,PL308,C308,10308,item308,BI308,10308
PC309,2017-1-24,PL309,C309,10309,item309,BI309,10309
PC310,2017-1-24,PL310,C310,10310,item310,BI310,10310
PC311,2017-1-24,PL311,C311,10311,item311,BI311,10311
PC312,2017-1-24,PL312,C312,10312,item312,BI312,10312
PC313,2017-1-24,PL313,C313,10313,item313,BI313,10313
PC314,2017-1-24,PL314,C314,10314,item314,BI314,10314
PC315,2017-1-24,PL315,C315,10315,item315,BI315,10315
PC316,2017-1-24,PL316,C316,10316,item316,BI316,10316
PC317,2017-1-24,PL317,C317,10317,item317,BI317,10317
PC318,2017-1-24,PL318,C318,10318,item318,BI318,10318
PC319,2017-1-24,PL319,C319,10319,item319,BI319,10319
PC320,2017-1-24,PL320,C320,10320,item320,BI320,10320
PC321,2017-1-24,PL321,C321,10321,item321,BI321,10321
PC322,2017-1-24,PL322,C322,10322,item322,BI322,10322
PC323,2017-1-24,PL323,C323,10323,item323,BI323,10323
PC324,2017-1-24,PL324,C324,10324,item324,BI324,10324
PC325,2017-1-24,PL325,C325,10325,item325,BI325,10325
PC326,2017-1-24,PL326,C326,10326,item326,BI326,10326
PC327,2017-1-24,PL327,C327,10327,item327,BI327,10327
PC328,2017-1-24,PL328,C328,10328,item328,BI328,10328
PC329,2017-1-24,PL329,C329,10329,item329,BI329,10329
PC330,2017-1-24,PL330,C330,10330,item330,BI330,10330
PC331,2017-1-24,PL331,C331,10331,item331,BI331,10331
PC332,2017-1-24,PL332,C332,10332,item332,BI332,10332
PC333,2017-1-24,PL333,C333,10333,item333,BI333,10333
PC334,2017-1-24,PL334,C334,10334,item334,BI334,10334
PC335,2017-1-24,PL335,C335,10335,item335,BI335,10335
PC336,2017-1-24,PL336,C336,10336,item336,BI336,10336
PC337,2017-1-24,PL337,C337,10337,item337,BI337,10337
PC338,2017-1-24,PL338,C338,10338,item338,BI338,10338
PC339,2017-1-24,PL339,C339,10339,item339,BI339,10339
PC340,2017-1-24,PL340,C340,10340,item340,BI340,10340
PC341,2017-1-24,PL341,C341,10341,item341,BI341,10341
PC342,2017-1-24,PL342,C342,10342,item342,BI342,10342
PC343,2017-1-24,PL343,C343,10343,item343,BI343,10343
PC344,2017-1-24,PL344,C344,10344,item344,BI344,10344
PC345,2017-1-24,PL345,C345,10345,item345,BI345,10345
PC346,2017-1-24,PL346,C346,10346,item346,BI346,10346
PC347,2017-1-24,PL347,C347,10347,item347,BI347,10347
PC348,2017-1-24,PL348,C348,10348,item348,BI348,10348
PC349,2017-1-24,PL349,C349,10349,item349,BI349,10349
PC350,2017-1-24,PL350,C350,10350,item350,BI350,10350
PC351,2017-1-24,PL351,C351,10351,item351,BI351,10351
PC352,2017-1-24,PL352,C352,10352,item352,BI352,10352
PC353,2017-1-24,PL353,C353,10353,item353,BI353,10353
PC354,2017-1-24,PL354,C354,10354,item354,BI354,10354
PC355,2017-1-24,PL355,C355,10355,item355,BI355,10355
PC356,2017-1-24,PL356,C356,10356,item356,BI356,10356
PC357,2017-1-24,PL357,C357,10357,item357,BI357,10357
PC358,2017-1-24,PL358,C358,10358,item358,BI358,10358
PC359,2017-1-24,PL359,C359,10359,item359,BI359,10359
PC360,2017-1-24,PL360,C360,10360,item360,BI360,10360
PC361,2017-1-24,PL361,C361,10361,item361,BI361,10361
PC362,2017-1-24,PL362,C362,10362,item362,BI362,10362
PC363,2017-1-24,PL363,C363,10363,item363,BI363,10363
PC364,2017-1-24,PL364,C364,10364,item364,BI364,10364
PC365,2017-1-24,PL365,C365,10365,item365,BI365,10365
PC366,2017-1-24,PL366,C366,10366,item366,BI366,10366
PC367,2017-1-24,PL367,C367,10367,item367,BI367,10367
PC368,2017-1-24,PL368,C368,10368,item368,BI368,10368
PC369,2017-1-24,PL369,C369,10369,item369,BI369,10369
PC370,2017-1-24,PL370,C370,10370,item370,BI370,10370
PC371,2017-1-24,PL371,C371,10371,item371,BI371,10371
PC372,2017-1-24,PL372,C372,10372,item372,BI372,10372
PC373,2017-1-24,PL373,C373,10373,item373,BI373,10373
PC374,2017-1-24,PL374,C374,10374,item374,BI374,10374
PC375,2017-1-24,PL375,C375,10375,item375,BI375,10375
PC376,2017-1-24,PL376,C376,10376,item376,BI376,10376
PC377,2017-1-24,PL377,C377,10377,item377,BI377,10377
PC378,2017-1-24,PL378,C378,10378,item378,BI378,10378
PC379,2017-1-24,PL379,C379,10379,item379,BI379,10379
PC380,2017-1-24,PL380,C380,10380,item380,BI380,10380
PC381,2017-1-24,PL381,C381,10381,item381,BI381,10381
PC382,2017-1-24,PL382,C382,10382,item382,BI382,10382
PC383,2017-1-24,PL383,C383,10383,item383,BI383,10383
PC384,2017-1-24,PL384,C384,10384,item384,BI384,10384
PC385,2017-1-24,PL385,C385,10385,item385,BI385,10385
PC386,2017-1-24,PL386,C386,10386,item386,BI386,10386
PC387,2017-1-24,PL387,C387,10387,item387,BI387,10387
PC388,2017-1-24,PL388,C388,10388,item388,BI388,10388
PC389,2017-1-24,PL389,C389,10389,item389,BI389,10389
PC390,2017-1-24,PL390,C390,10390,item390,BI390,10390
PC391,2017-1-24,PL391,C391,10391,item391,BI391,10391
PC392,2017-1-24,PL392,C392,10392,item392,BI392,10392
PC393,2017-1-24,PL393,C393,10393,item393,BI393,10393
PC394,2017-1-24,PL394,C394,10394,item394,BI394,10394
PC395,2017-1-24,PL395,C395,10395,item395,BI395,10395
PC396,2017-1-24,PL396,C396,10396,item396,BI396,10396
PC397,2017-1-24,PL397,C397,10397,item397,BI397,10397
PC398,2017-1-24,PL398,C398,10398,item398,BI398,10398
PC399,2017-1-24,PL399,C399,10399,item399,BI399,10399
PC400,2017-1-24,PL400,C400,10400,item400,BI400,10400
PC401,2017-1-24,PL401,C401,10401,item401,BI401,10401
PC402,2017-1-24,PL402,C402,10402,item402,BI402,10402
PC403,2017-1-24,PL403,C403,10403,item403,BI403,10403
PC404,2017-1-24,PL404,C404,10404,item404,BI404,10404
PC405,2017-1-24,PL405,C405,10405,item405,BI405,10405
PC406,2017-1-24,PL406,C406,10406,item406,BI406,10406
PC407,2017-1-24,PL407,C407,10407,item407,BI407,10407
PC408,2017-1-24,PL408,C408,10408,item408,BI408,10408
PC409,2017-1-24,PL409,C409,10409,item409,BI409,10409
PC410,2017-1-24,PL410,C410,10410,item410,BI410,10410
PC411,2017-1-24,PL411,C411,10411,item411,BI411,10411
PC412,2017-1-24,PL412,C412,10412,item412,BI412,10412
PC413,2017-1-24,PL413,C413,10413,item413,BI413,10413
PC414,2017-1-24,PL414,C414,10414,item414,BI414,10414
PC415,2017-1-24,PL415,C415,10415,item415,BI415,10415
PC416,2017-1-24,PL416,C416,10416,item416,BI416,10416
PC417,2017-1-24,PL417,C417,10417,item417,BI417,10417
PC418,2017-1-24,PL418,C418,10418,item418,BI418,10418
PC419,2017-1-24,PL419,C419,10419,item419,BI419,10419
PC420,2017-1-24,PL420,C420,10420,item420,BI420,10420
PC421,2017-1-24,PL421,C421,10421,item421,BI421,10421
PC422,2017-1-24,PL422,C422,10422,item422,BI422,10422
PC423,2017-1-24,PL423,C423,10423,item423,BI423,10423
PC424,2017-1-24,PL424,C424,10424,item424,BI424,10424
PC425,2017-1-24,PL425,C425,10425,item425,BI425,10425
PC426,2017-1-24,PL426,C426,10426,item426,BI426,10426
PC427,2017-1-24,PL427,C427,10427,item427,BI427,10427
PC428,2017-1-24,PL428,C428,10428,item428,BI428,10428
PC429,2017-1-24,PL429,C429,10429,item429,BI429,10429
PC430,2017-1-24,PL430,C430,10430,item430,BI430,10430
PC431,2017-1-24,PL431,C431,10431,item431,BI431,10431
PC432,2017-1-24,PL432,C432,10432,item432,BI432,10432
PC433,2017-1-24,PL433,C433,10433,item433,BI433,10433
PC434,2017-1-24,PL434,C434,10434,item434,BI434,10434
PC435,2017-1-24,PL435,C435,10435,item435,BI435,10435
PC436,2017-1-24,PL436,C436,10436,item436,BI436,10436
PC437,2017-1-24,PL437,C437,10437,item437,BI437,10437
PC438,2017-1-24,PL438,C438,10438,item438,BI438,10438
PC439,2017-1-24,PL439,C439,10439,item439,BI439,10439
PC440,2017-1-24,PL440,C440,10440,item440,BI440,10440
PC441,2017-1-24,PL441,C441,10441,item441,BI441,10441
PC442,2017-1-24,PL442,C442,10442,item442,BI442,10442
PC443,2017-1-24,PL443,C443,10443,item443,BI443,10443
PC444,2017-1-24,PL444,C444,10444,item444,BI444,10444
PC445,2017-1-24,PL445,C445,10445,item445,BI445,10445
PC446,2017-1-24,PL446,C446,10446,item446,BI446,10446
PC447,2017-1-24,PL447,C447,10447,item447,BI447,10447
PC448,2017-1-24,PL448,C448,10448,item448,BI448,10448
PC449,2017-1-24,PL449,C449,10449,item449,BI449,10449
PC450,2017-1-24,PL450,C450,10450,item450,BI450,10450
PC451,2017-1-24,PL451,C451,10451,item451,BI451,10451
PC452,2017-1-24,PL452,C452,10452,item452,BI452,10452
PC453,2017-1-24,PL453,C453,10453,item453,BI453,10453
PC454,2017-1-24,PL454,C454,10454,item454,BI454,10454
PC455,2017-1-24,PL455,C455,10455,item455,BI455,10455
PC456,2017-1-24,PL456,C456,10456,item456,BI456,10456
PC457,2017-1-24,PL457,C457,10457,item457,BI457,10457
PC458,2017-1-24,PL458,C458,10458,item458,BI458,10458
PC459,2017-1-24,PL459,C459,10459,item459,BI459,10459
PC460,2017-1-24,PL460,C460,10460,item460,BI460,10460
PC461,2017-1-24,PL461,C461,10461,item461,BI461,10461
PC462,2017-1-24,PL462,C462,10462,item462,BI462,10462
PC463,2017-1-24,PL463,C463,10463,item463,BI463,10463
PC464,2017-1-24,PL464,C464,10464,item464,BI464,10464
PC465,2017-1-24,PL465,C465,10465,item465,BI465,10465
PC466,2017-1-24,PL466,C466,10466,item466,BI466,10466
PC467,2017-1-24,PL467,C467,10467,item467,BI467,10467
PC468,2017-1-24,PL468,C468,10468,item468,BI468,10468
PC469,2017-1-24,PL469,C469,10469,item469,BI469,10469
PC470,2017-1-24,PL470,C470,10470,item470,BI470,10470
PC471,2017-1-24,PL471,C471,10471,item471,BI471,10471
PC472,2017-1-24,PL472,C472,10472,item472,BI472,10472
PC473,2017-1-24,PL473,C473,10473,item473,BI473,10473
PC474,2017-1-24,PL474,C474,10474,item474,BI474,10474
PC475,2017-1-24,PL475,C475,10475,item475,BI475,10475
PC476,2017-1-24,PL476,C476,10476,item476,BI476,10476
PC477,2017-1-24,PL477,C477,10477,item477,BI477,10477
PC478,2017-1-24,PL478,C478,10478,item478,BI478,10478
PC479,2017-1-24,PL479,C479,10479,item479,BI479,10479
PC480,2017-1-24,PL480,C480,10480,item480,BI480,10480
PC481,2017-1-24,PL481,C481,10481,item481,BI481,10481
PC482,2017-1-24,PL482,C482,10482,item482,BI482,10482
PC483,2017-1-24,PL483,C483,10483,item483,BI483,10483
PC484,2017-1-24,PL484,C484,10484,item484,BI484,10484
PC485,2017-1-24,PL485,C485,10485,item485,BI485,10485
PC486,2017-1-24,PL486,C486,10486,item486,BI486,10486
PC487,2017-1-24,PL487,C487,10487,item487,BI487,10487
PC488,2017-1-24,PL488,C488,10488,item488,BI488,10488
PC489,2017-1-24,PL489,C489,10489,item489,BI489,10489
PC490,2017-1-24,PL490,C490,10490,item490,BI490,10490
PC491,2017-1-24,PL491,C491,10491,item491,BI491,10491
PC492,2017-1-24,PL492,C492,10492,item492,BI492,10492
PC493,2017-1-24,PL493,C493,10493,item493,BI493,10493
PC494,2017-1-24,PL494,C494,10494,item494,BI494,10494
PC495,2017-1-24,PL495,C495,10495,item495,BI495,10495
PC496,2017-1-24,PL496,C496,10496,item496,BI496,10496
PC497,2017-1-24,PL497,C497,10497,item497,BI497,10497
PC498,2017-1-24,PL498,C498,10498,item498,BI498,10498
PC499,2017-1-24,PL499,C499,10499,item499,BI499,10499
PC500,2017-1-24,PL500,C500,10500,item500,BI500,10500
PC501,2017-1-24,PL501,C501,10501,item501,BI501,10501
PC502,2017-1-24,PL502,C502,10502,item502,BI502,10502
PC503,2017-1-24,PL503,C503,10503,item503,BI503,10503
PC504,2017-1-24,PL504,C504,10504,item504,BI504,10504
PC505,2017-1-24,PL505,C505,10505,item505,BI505,10505
PC506,2017-1-24,PL506,C506,10506,item506,BI506,10506
PC507,2017-1-24,PL507,C507,10507,item507,BI507,10507
PC508,2017-1-24,PL508,C508,10508,item508,BI508,10508
PC509,2017-1-24,PL509,C509,10509,item509,BI509,10509
PC510,2017-1-24,PL510,C510,10510,item510,BI510,10510
PC511,2017-1-24,PL511,C511,10511,item511,BI511,10511
PC512,2017-1-24,PL512,C512,10512,item512,BI512,10512
PC513,2017-1-24,PL513,C513,10513,item513,BI513,10513
PC514,2017-1-24,PL514,C514,10514,item514,BI514,10514
PC515,2017-1-24,PL515,C515,10515,item515,BI515,10515
PC516,2017-1-24,PL516,C516,10516,item516,BI516,10516
PC517,2017-1-24,PL517,C517,10517,item517,BI517,10517
PC518,2017-1-24,PL518,C518,10518,item518,BI518,10518
PC519,2017-1-24,PL519,C519,10519,item519,BI519,10519
PC520,2017-1-24,PL520,C520,10520,item520,BI520,10520
PC521,2017-1-24,PL521,C521,10521,item521,BI521,10521
PC522,2017-1-24,PL522,C522,10522,item522,BI522,10522
PC523,2017-1-24,PL523,C523,10523,item523,BI523,10523
PC524,2017-1-24,PL524,C524,10524,item524,BI524,10524
PC525,2017-1-24,PL525,C525,10525,item525,BI525,10525
PC526,2017-1-24,PL526,C526,10526,item526,BI526,10526
PC527,2017-1-24,PL527,C527,10527,item527,BI527,10527
PC528,2017-1-24,PL528,C528,10528,item528,BI528,10528
PC529,2017-1-24,PL529,C529,10529,item529,BI529,10529
PC530,2017-1-24,PL530,C530,10530,item530,BI530,10530
PC531,2017-1-24,PL531,C531,10531,item531,BI531,10531
PC532,2017-1-24,PL532,C532,10532,item532,BI532,10532
PC533,2017-1-24,PL533,C533,10533,item533,BI533,10533
PC534,2017-1-24,PL534,C534,10534,item534,BI534,10534
PC535,2017-1-24,PL535,C535,10535,item535,BI535,10535
PC536,2017-1-24,PL536,C536,10536,item536,BI536,10536
PC537,2017-1-24,PL537,C537,10537,item537,BI537,10537
PC538,2017-1-24,PL538,C538,10538,item538,BI538,10538
PC539,2017-1-24,PL539,C539,10539,item539,BI539,10539
PC540,2017-1-24,PL540,C540,10540,item540,BI540,10540
PC541,2017-1-24,PL541,C541,10541,item541,BI541,10541
PC542,2017-1-24,PL542,C542,10542,item542,BI542,10542
PC543,2017-1-24,PL543,C543,10543,item543,BI543,10543
PC544,2017-1-24,PL544,C544,10544,item544,BI544,10544
PC545,2017-1-24,PL545,C545,10545,item545,BI545,10545
PC546,2017-1-24,PL546,C546,10546,item546,BI546,10546
PC547,2017-1-24,PL547,C547,10547,item547,BI547,10547
PC548,2017-1-24,PL548,C548,10548,item548,BI548,10548
PC549,2017-1-24,PL549,C549,10549,item549,BI549,10549
PC550,2017-1-24,PL550,C550,10550,item550,BI550,10550
PC551,2017-1-24,PL551,C551,10551,item551,BI551,10551
PC552,2017-1-24,PL552,C552,10552,item552,BI552,10552
PC553,2017-1-24,PL553,C553,10553,item553,BI553,10553
PC554,2017-1-24,PL554,C554,10554,item554,BI554,10554
PC555,2017-1-24,PL555,C555,10555,item555,BI555,10555
PC556,2017-1-24,PL556,C556,10556,item556,BI556,10556
PC557,2017-1-24,PL557,C557,10557,item557,BI557,10557
PC558,2017-1-24,PL558,C558,10558,item558,BI558,10558
PC559,2017-1-24,PL559,C559,10559,item559,BI559,10559
PC560,2017-1-24,PL560,C560,10560,item560,BI560,10560
PC561,2017-1-24,PL561,C561,10561,item561,BI561,10561
PC562,2017-1-24,PL562,C562,10562,item562,BI562,10562
PC563,2017-1-24,PL563,C563,10563,item563,BI563,10563
PC564,2017-1-24,PL564,C564,10564,item564,BI564,10564
PC565,2017-1-24,PL565,C565,10565,item565,BI565,10565
PC566,2017-1-24,PL566,C566,10566,item566,BI566,10566
PC567,2017-1-24,PL567,C567,10567,item567,BI567,10567
PC568,2017-1-24,PL568,C568,10568,item568,BI568,10568
PC569,2017-1-24,PL569,C569,10569,item569,BI569,10569
PC570,2017-1-24,PL570,C570,10570,item570,BI570,10570
PC571,2017-1-24,PL571,C571,10571,item571,BI571,10571
PC572,2017-1-24,PL572,C572,10572,item572,BI572,10572
PC573,2017-1-24,PL573,C573,10573,item573,BI573,10573
PC574,2017-1-24,PL574,C574,10574,item574,BI574,10574
PC575,2017-1-24,PL575,C575,10575,item575,BI575,10575
PC576,2017-1-24,PL576,C576,10576,item576,BI576,10576
PC577,2017-1-24,PL577,C577,10577,item577,BI577,10577
PC578,2017-1-24,PL578,C578,10578,item578,BI578,10578
PC579,2017-1-24,PL579,C579,10579,item579,BI579,10579
PC580,2017-1-24,PL580,C580,10580,item580,BI580,10580
PC581,2017-1-24,PL581,C581,10581,item581,BI581,10581
PC582,2017-1-24,PL582,C582,10582,item582,BI582,10582
PC583,2017-1-24,PL583,C583,10583,item583,BI583,10583
PC584,2017-1-24,PL584,C584,10584,item584,BI584,10584
PC585,2017-1-24,PL585,C585,10585,item585,BI585,10585
PC586,2017-1-24,PL586,C586,10586,item586,BI586,10586
PC587,2017-1-24,PL587,C587,10587,item587,BI587,10587
PC588,2017-1-24,PL588,C588,10588,item588,BI588,10588
PC589,2017-1-24,PL589,C589,10589,item589,BI589,10589
PC590,2017-1-24,PL590,C590,10590,item590,BI590,10590
PC591,2017-1-24,PL591,C591,10591,item591,BI591,10591
PC592,2017-1-24,PL592,C592,10592,item592,BI592,10592
PC593,2017-1-24,PL593,C593,10593,item593,BI593,10593
PC594,2017-1-24,PL594,C594,10594,item594,BI594,10594
PC595,2017-1-24,PL595,C595,10595,item595,BI595,10595
PC596,2017-1-24,PL596,C596,10596,item596,BI596,10596
PC597,2017-1-24,PL597,C597,10597,item597,BI597,10597
PC598,2017-1-24,PL598,C598,10598,item598,BI598,10598
PC599,2017-1-24,PL599,C599,10599,item599,BI599,10599
PC600,2017-1-24,PL600,C600,10600,item600,BI600,10600
PC601,2017-1-24,PL601,C601,10601,item601,BI601,10601
PC602,2017-1-24,PL602,C602,10602,item602,BI602,10602
PC603,2017-1-24,PL603,C603,10603,item603,BI603,10603
PC604,2017-1-24,PL604,C604,10604,item604,BI604,10604
PC605,2017-1-24,PL605,C605,10605,item605,BI605,10605
PC606,2017-1-24,PL606,C606,10606,item606,BI606,10606
PC607,2017-1-24,PL607,C607,10607,item607,BI607,10607
PC608,2017-1-24,PL608,C608,10608,item608,BI608,10608
PC609,2017-1-24,PL609,C609,10609,item609,BI609,10609
PC610,2017-1-24,PL610,C610,10610,item610,BI610,10610
PC611,2017-1-24,PL611,C611,10611,item611,BI611,10611
PC612,2017-1-24,PL612,C612,10612,item612,BI612,10612
PC613,2017-1-24,PL613,C613,10613,item613,BI613,10613
PC614,2017-1-24,PL614,C614,10614,item614,BI614,10614
PC615,2017-1-24,PL615,C615,10615,item615,BI615,10615
PC616,2017-1-24,PL616,C616,10616,item616,BI616,10616
PC617,2017-1-24,PL617,C617,10617,item617,BI617,10617
PC618,2017-1-24,PL618,C618,10618,item618,BI618,10618
PC619,2017-1-24,PL619,C619,10619,item619,BI619,10619
PC620,2017-1-24,PL620,C620,10620,item620,BI620,10620
PC621,2017-1-24,PL621,C621,10621,item621,BI621,10621
PC622,2017-1-24,PL622,C622,10622,item622,BI622,10622
PC623,2017-1-24,PL623,C623,10623,item623,BI623,10623
PC624,2017-1-24,PL624,C624,10624,item624,BI624,10624
PC625,2017-1-24,PL625,C625,10625,item625,BI625,10625
PC626,2017-1-24,PL626,C626,10626,item626,BI626,10626
PC627,2017-1-24,PL627,C627,10627,item627,BI627,10627
PC628,2017-1-24,PL628,C628,10628,item628,BI628,10628
PC629,2017-1-24,PL629,C629,10629,item629,BI629,10629
PC630,2017-1-24,PL630,C630,10630,item630,BI630,10630
PC631,2017-1-24,PL631,C631,10631,item631,BI631,10631
PC632,2017-1-24,PL632,C632,10632,item632,BI632,10632
PC633,2017-1-24,PL633,C633,10633,item633,BI633,10633
PC634,2017-1-24,PL634,C634,10634,item634,BI634,10634
PC635,2017-1-24,PL635,C635,10635,item635,BI635,10635
PC636,2017-1-24,PL636,C636,10636,item636,BI636,10636
PC637,2017-1-24,PL637,C637,10637,item637,BI637,10637
PC638,2017-1-24,PL638,C638,10638,item638,BI638,10638
PC639,2017-1-24,PL639,C639,10639,item639,BI639,10639
PC640,2017-1-24,PL640,C640,10640,item640,BI640,10640
PC641,2017-1-24,PL641,C641,10641,item641,BI641,10641
PC642,2017-1-24,PL642,C642,10642,item642,BI642,10642
PC643,2017-1-24,PL643,C643,10643,item643,BI643,10643
PC644,2017-1-24,PL644,C644,10644,item644,BI644,10644
PC645,2017-1-24,PL645,C645,10645,item645,BI645,10645
PC646,2017-1-24,PL646,C646,10646,item646,BI646,10646
PC647,2017-1-24,PL647,C647,10647,item647,BI647,10647
PC648,2017-1-24,PL648,C648,10648,item648,BI648,10648
PC649,2017-1-24,PL649,C649,10649,item649,BI649,10649
PC650,2017-1-24,PL650,C650,10650,item650,BI650,10650
PC651,2017-1-24,PL651,C651,10651,item651,BI651,10651
PC652,2017-1-24,PL652,C652,10652,item652,BI652,10652
PC653,2017-1-24,PL653,C653,10653,item653,BI653,10653
PC654,2017-1-24,PL654,C654,10654,item654,BI654,10654
PC655,2017-1-24,PL655,C655,10655,item655,BI655,10655
PC656,2017-1-24,PL656,C656,10656,item656,BI656,10656
PC657,2017-1-24,PL657,C657,10657,item657,BI657,10657
PC658,2017-1-24,PL658,C658,10658,item658,BI658,10658
PC659,2017-1-24,PL659,C659,10659,item659,BI659,10659
PC660,2017-1-24,PL660,C660,10660,item660,BI660,10660
PC661,2017-1-24,PL661,C661,10661,item661,BI661,10661
PC662,2017-1-24,PL662,C662,10662,item662,BI662,10662
PC663,2017-1-24,PL663,C663,10663,item663,BI663,10663
PC664,2017-1-24,PL664,C664,10664,item664,BI664,10664
PC665,2017-1-24,PL665,C665,10665,item665,BI665,10665
PC666,2017-1-24,PL666,C666,10666,item666,BI666,10666
PC667,2017-1-24,PL667,C667,10667,item667,BI667,10667
PC668,2017-1-24,PL668,C668,10668,item668,BI668,10668
PC669,2017-1-24,PL669,C669,10669,item669,BI669,10669
PC670,2017-1-24,PL670,C670,10670,item670,BI670,10670
PC671,2017-1-24,PL671,C671,10671,item671,BI671,10671
PC672,2017-1-24,PL672,C672,10672,item672,BI672,10672
PC673,2017-1-24,PL673,C673,10673,item673,BI673,10673
PC674,2017-1-24,PL674,C674,10674,item674,BI674,10674
PC675,2017-1-24,PL675,C675,10675,item675,BI675,10675
PC676,2017-1-24,PL676,C676,10676,item676,BI676,10676
PC677,2017-1-24,PL677,C677,10677,item677,BI677,10677
PC678,2017-1-24,PL678,C678,10678,item678,BI678,10678
PC679,2017-1-24,PL679,C679,10679,item679,BI679,10679
PC680,2017-1-24,PL680,C680,10680,item680,BI680,10680
PC681,2017-1-24,PL681,C681,10681,item681,BI681,10681
PC682,2017-1-24,PL682,C682,10682,item682,BI682,10682
PC683,2017-1-24,PL683,C683,10683,item683,BI683,10683
PC684,2017-1-24,PL684,C684,10684,item684,BI684,10684
PC685,2017-1-24,PL685,C685,10685,item685,BI685,10685
PC686,2017-1-24,PL686,C686,10686,item686,BI686,10686
PC687,2017-1-24,PL687,C687,10687,item687,BI687,10687
PC688,2017-1-24,PL688,C688,10688,item688,BI688,10688
PC689,2017-1-24,PL689,C689,10689,item689,BI689,10689
PC690,2017-1-24,PL690,C690,10690,item690,BI690,10690
PC691,2017-1-24,PL691,C691,10691,item691,BI691,10691
PC692,2017-1-24,PL692,C692,10692,item692,BI692,10692
PC693,2017-1-24,PL693,C693,10693,item693,BI693,10693
PC694,2017-1-24,PL694,C694,10694,item694,BI694,10694
PC695,2017-1-24,PL695,C695,10695,item695,BI695,10695
PC696,2017-1-24,PL696,C696,10696,item696,BI696,10696
PC697,2017-1-24,PL697,C697,10697,item697,BI697,10697
PC698,2017-1-24,PL698,C698,10698,item698,BI698,10698
PC699,2017-1-24,PL699,C699,10699,item699,BI699,10699
PC700,2017-1-24,PL700,C700,10700,item700,BI700,10700
PC701,2017-1-24,PL701,C701,10701,item701,BI701,10701
PC702,2017-1-24,PL702,C702,10702,item702,BI702,10702
PC703,2017-1-24,PL703,C703,10703,item703,BI703,10703
PC704,2017-1-24,PL704,C704,10704,item704,BI704,10704
PC705,2017-1-24,PL705,C705,10705,item705,BI705,10705
PC706,2017-1-24,PL706,C706,10706,item706,BI706,10706
PC707,2017-1-24,PL707,C707,10707,item707,BI707,10707
PC708,2017-1-24,PL708,C708,10708,item708,BI708,10708
PC709,2017-1-24,PL709,C709,10709,item709,BI709,10709
PC710,2017-1-24,PL710,C710,10710,item710,BI710,10710
PC711,2017-1-24,PL711,C711,10711,item711,BI711,10711
PC712,2017-1-24,PL712,C712,10712,item712,BI712,10712
PC713,2017-1-24,PL713,C713,10713,item713,BI713,10713
PC714,2017-1-24,PL714,C714,10714,item714,BI714,10714
PC715,2017-1-24,PL715,C715,10715,item715,BI715,10715
PC716,2017-1-24,PL716,C716,10716,item716,BI716,10716
PC717,2017-1-24,PL717,C717,10717,item717,BI717,10717
PC718,2017-1-24,PL718,C718,10718,item718,BI718,10718
PC719,2017-1-24,PL719,C719,10719,item719,BI719,10719
PC720,2017-1-24,PL720,C720,10720,item720,BI720,10720
PC721,2017-1-24,PL721,C721,10721,item721,BI721,10721
PC722,2017-1-24,PL722,C722,10722,item722,BI722,10722
PC723,2017-1-24,PL723,C723,10723,item723,BI723,10723
PC724,2017-1-24,PL724,C724,10724,item724,BI724,10724
PC725,2017-1-24,PL725,C725,10725,item725,BI725,10725
PC726,2017-1-24,PL726,C726,10726,item726,BI726,10726
PC727,2017-1-24,PL727,C727,10727,item727,BI727,10727
PC728,2017-1-24,PL728,C728,10728,item728,BI728,10728
PC729,2017-1-24,PL729,C729,10729,item729,BI729,10729
PC730,2017-1-24,PL730,C730,10730,item730,BI730,10730
PC731,2017-1-24,PL731,C731,10731,item731,BI731,10731
PC732,2017-1-24,PL732,C732,10732,item732,BI732,10732
PC733,2017-1-24,PL733,C733,10733,item733,BI733,10733
PC734,2017-1-24,PL734,C734,10734,item734,BI734,10734
PC735,2017-1-24,PL735,C735,10735,item735,BI735,10735
PC736,2017-1-24,PL736,C736,10736,item736,BI736,10736
PC737,2017-1-24,PL737,C737,10737,item737,BI737,10737
PC738,2017-1-24,PL738,C738,10738,item738,BI738,10738
PC739,2017-1-24,PL739,C739,10739,item739,BI739,10739
PC740,2017-1-24,PL740,C740,10740,item740,BI740,10740
PC741,2017-1-24,PL741,C741,10741,item741,BI741,10741
PC742,2017-1-24,PL742,C742,10742,item742,BI742,10742
PC743,2017-1-24,PL743,C743,10743,item743,BI743,10743
PC744,2017-1-24,PL744,C744,10744,item744,BI744,10744
PC745,2017-1-24,PL745,C745,10745,item745,BI745,10745
PC746,2017-1-24,PL746,C746,10746,item746,BI746,10746
PC747,2017-1-24,PL747,C747,10747,item747,BI747,10747
PC748,2017-1-24,PL748,C748,10748,item748,BI748,10748
PC749,2017-1-24,PL749,C749,10749,item749,BI749,10749
PC750,2017-1-24,PL750,C750,10750,item750,BI750,10750
PC751,2017-1-24,PL751,C751,10751,item751,BI751,10751
PC752,2017-1-24,PL752,C752,10752,item752,BI752,10752
PC753,2017-1-24,PL753,C753,10753,item753,BI753,10753
PC754,2017-1-24,PL754,C754,10754,item754,BI754,10754
PC755,2017-1-24,PL755,C755,10755,item755,BI755,10755
PC756,2017-1-24,PL756,C756,10756,item756,BI756,10756
PC757,2017-1-24,PL757,C757,10757,item757,BI757,10757
PC758,2017-1-24,PL758,C758,10758,item758,BI758,10758
PC759,2017-1-24,PL759,C759,10759,item759,BI759,10759
PC760,2017-1-24,PL760,C760,10760,item760,BI760,10760
PC761,2017-1-24,PL761,C761,10761,item761,BI761,10761
PC762,2017-1-24,PL762,C762,10762,item762,BI762,10762
PC763,2017-1-24,PL763,C763,10763,item763,BI763,10763
PC764,2017-1-24,PL764,C764,10764,item764,BI764,10764
PC765,2017-1-24,PL765,C765,10765,item765,BI765,10765
PC766,2017-1-24,PL766,C766,10766,item766,BI766,10766
PC767,2017-1-24,PL767,C767,10767,item767,BI767,10767
PC768,2017-1-24,PL768,C768,10768,item768,BI768,10768
PC769,2017-1-24,PL769,C769,10769,item769,BI769,10769
PC770,2017-1-24,PL770,C770,10770,item770,BI770,10770
PC771,2017-1-24,PL771,C771,10771,item771,BI771,10771
PC772,2017-1-24,PL772,C772,10772,item772,BI772,10772
PC773,2017-1-24,PL773,C773,10773,item773,BI773,10773
PC774,2017-1-24,PL774,C774,10774,item774,BI774,10774
PC775,2017-1-24,PL775,C775,10775,item775,BI775,10775
PC776,2017-1-24,PL776,C776,10776,item776,BI776,10776
PC777,2017-1-24,PL777,C777,10777,item777,BI777,10777
PC778,2017-1-24,PL778,C778,10778,item778,BI778,10778
PC779,2017-1-24,PL779,C779,10779,item779,BI779,10779
PC780,2017-1-24,PL780,C780,10780,item780,BI780,10780
PC781,2017-1-24,PL781,C781,10781,item781,BI781,10781
PC782,2017-1-24,PL782,C782,10782,item782,BI782,10782
PC783,2017-1-24,PL783,C783,10783,item783,BI783,10783
PC784,2017-1-24,PL784,C784,10784,item784,BI784,10784
PC785,2017-1-24,PL785,C785,10785,item785,BI785,10785
PC786,2017-1-24,PL786,C786,10786,item786,BI786,10786
PC787,2017-1-24,PL787,C787,10787,item787,BI787,10787
PC788,2017-1-24,PL788,C788,10788,item788,BI788,10788
PC789,2017-1-24,PL789,C789,10789,item789,BI789,10789
PC790,2017-1-24,PL790,C790,10790,item790,BI790,10790
PC791,2017-1-24,PL791,C791,10791,item791,BI791,10791
PC792,2017-1-24,PL792,C792,10792,item792,BI792,10792
PC793,2017-1-24,PL793,C793,10793,item793,BI793,10793
PC794,2017-1-24,PL794,C794,10794,item794,BI794,10794
PC795,2017-1-24,PL795,C795,10795,item795,BI795,10795
PC796,2017-1-24,PL796,C796,10796,item796,BI796,10796
PC797,2017-1-24,PL797,C797,10797,item797,BI797,10797
PC798,2017-1-24,PL798,C798,10798,item798,BI798,10798
PC799,2017-1-24,PL799,C799,10799,item799,BI799,10799
PC800,2017-1-24,PL800,C800,10800,item800,BI800,10800
PC801,2017-1-24,PL801,C801,10801,item801,BI801,10801
PC802,2017-1-24,PL802,C802,10802,item802,BI802,10802
PC803,2017-1-24,PL803,C803,10803,item803,BI803,10803
PC804,2017-1-24,PL804,C804,10804,item804,BI804,10804
PC805,2017-1-24,PL805,C805,10805,item805,BI805,10805
PC806,2017-1-24,PL806,C806,10806,item806,BI806,10806
PC807,2017-1-24,PL807,C807,10807,item807,BI807,10807
PC808,2017-1-24,PL808,C808,10808,item808,BI808,10808
PC809,2017-1-24,PL809,C809,10809,item809,BI809,10809
PC810,2017-1-24,PL810,C810,10810,item810,BI810,10810
PC811,2017-1-24,PL811,C811,10811,item811,BI811,10811
PC812,2017-1-24,PL812,C812,10812,item812,BI812,10812
PC813,2017-1-24,PL813,C813,10813,item813,BI813,10813
PC814,2017-1-24,PL814,C814,10814,item814,BI814,10814
PC815,2017-1-24,PL815,C815,10815,item815,BI815,10815
PC816,2017-1-24,PL816,C816,10816,item816,BI816,10816
PC817,2017-1-24,PL817,C817,10817,item817,BI817,10817
PC818,2017-1-24,PL818,C818,10818,item818,BI818,10818
PC819,2017-1-24,PL819,C819,10819,item819,BI819,10819
PC820,2017-1-24,PL820,C820,10820,item820,BI820,10820
PC821,2017-1-24,PL821,C821,10821,item821,BI821,10821
PC822,2017-1-24,PL822,C822,10822,item822,BI822,10822
PC823,2017-1-24,PL823,C823,10823,item823,BI823,10823
PC824,2017-1-24,PL824,C824,10824,item824,BI824,10824
PC825,2017-1-24,PL825,C825,10825,item825,BI825,10825
PC826,2017-1-24,PL826,C826,10826,item826,BI826,10826
PC827,2017-1-24,PL827,C827,10827,item827,BI827,10827
PC828,2017-1-24,PL828,C828,10828,item828,BI828,10828
PC829,2017-1-24,PL829,C829,10829,item829,BI829,10829
PC830,2017-1-24,PL830,C830,10830,item830,BI830,10830
PC831,2017-1-24,PL831,C831,10831,item831,BI831,10831
PC832,2017-1-24,PL832,C832,10832,item832,BI832,10832
PC833,2017-1-24,PL833,C833,10833,item833,BI833,10833
PC834,2017-1-24,PL834,C834,10834,item834,BI834,10834
PC835,2017-1-24,PL835,C835,10835,item835,BI835,10835
PC836,2017-1-24,PL836,C836,10836,item836,BI836,10836
PC837,2017-1-24,PL837,C837,10837,item837,BI837,10837
PC838,2017-1-24,PL838,C838,10838,item838,BI838,10838
PC839,2017-1-24,PL839,C839,10839,item839,BI839,10839
PC840,2017-1-24,PL840,C840,10840,item840,BI840,10840
PC841,2017-1-24,PL841,C841,10841,item841,BI841,10841
PC842,2017-1-24,PL842,C842,10842,item842,BI842,10842
PC843,2017-1-24,PL843,C843,10843,item843,BI843,10843
PC844,2017-1-24,PL844,C844,10844,item844,BI844,10844
PC845,2017-1-24,PL845,C845,10845,item845,BI845,10845
PC846,2017-1-24,PL846,C846,10846,item846,BI846,10846
PC847,2017-1-24,PL847,C847,10847,item847,BI847,10847
PC848,2017-1-24,PL848,C848,10848,item848,BI848,10848
PC849,2017-1-24,PL849,C849,10849,item849,BI849,10849
PC850,2017-1-24,PL850,C850,10850,item850,BI850,10850
PC851,2017-1-24,PL851,C851,10851,item851,BI851,10851
PC852,2017-1-24,PL852,C852,10852,item852,BI852,10852
PC853,2017-1-24,PL853,C853,10853,item853,BI853,10853
PC854,2017-1-24,PL854,C854,10854,item854,BI854,10854
PC855,2017-1-24,PL855,C855,10855,item855,BI855,10855
PC856,2017-1-24,PL856,C856,10856,item856,BI856,10856
PC857,2017-1-24,PL857,C857,10857,item857,BI857,10857
PC858,2017-1-24,PL858,C858,10858,item858,BI858,10858
PC859,2017-1-24,PL859,C859,10859,item859,BI859,10859
PC860,2017-1-24,PL860,C860,10860,item860,BI860,10860
PC861,2017-1-24,PL861,C861,10861,item861,BI861,10861
PC862,2017-1-24,PL862,C862,10862,item862,BI862,10862
PC863,2017-1-24,PL863,C863,10863,item863,BI863,10863
PC864,2017-1-24,PL864,C864,10864,item864,BI864,10864
PC865,2017-1-24,PL865,C865,10865,item865,BI865,10865
PC866,2017-1-24,PL866,C866,10866,item866,BI866,10866
PC867,2017-1-24,PL867,C867,10867,item867,BI867,10867
PC868,2017-1-24,PL868,C868,10868,item868,BI868,10868
PC869,2017-1-24,PL869,C869,10869,item869,BI869,10869
PC870,2017-1-24,PL870,C870,10870,item870,BI870,10870
PC871,2017-1-24,PL871,C871,10871,item871,BI871,10871
PC872,2017-1-24,PL872,C872,10872,item872,BI872,10872
PC873,2017-1-24,PL873,C873,10873,item873,BI873,10873
PC874,2017-1-24,PL874,C874,10874,item874,BI874,10874
PC875,2017-1-24,PL875,C875,10875,item875,BI875,10875
PC876,2017-1-24,PL876,C876,10876,item876,BI876,10876
PC877,2017-1-24,PL877,C877,10877,item877,BI877,10877
PC878,2017-1-24,PL878,C878,10878,item878,BI878,10878
PC879,2017-1-24,PL879,C879,10879,item879,BI879,10879
PC880,2017-1-24,PL880,C880,10880,item880,BI880,10880
PC881,2017-1-24,PL881,C881,10881,item881,BI881,10881
PC882,2017-1-24,PL882,C882,10882,item882,BI882,10882
PC883,2017-1-24,PL883,C883,10883,item883,BI883,10883
PC884,2017-1-24,PL884,C884,10884,item884,BI884,10884
PC885,2017-1-24,PL885,C885,10885,item885,BI885,10885
PC886,2017-1-24,PL886,C886,10886,item886,BI886,10886
PC887,2017-1-24,PL887,C887,10887,item887,BI887,10887
PC888,2017-1-24,PL888,C888,10888,item888,BI888,10888
PC889,2017-1-24,PL889,C889,10889,item889,BI889,10889
PC890,2017-1-24,PL890,C890,10890,item890,BI890,10890
PC891,2017-1-24,PL891,C891,10891,item891,BI891,10891
PC892,2017-1-24,PL892,C892,10892,item892,BI892,10892
PC893,2017-1-24,PL893,C893,10893,item893,BI893,10893
PC894,2017-1-24,PL894,C894,10894,item894,BI894,10894
PC895,2017-1-24,PL895,C895,10895,item895,BI895,10895
PC896,2017-1-24,PL896,C896,10896,item896,BI896,10896
PC897,2017-1-24,PL897,C897,10897,item897,BI897,10897
PC898,2017-1-24,PL898,C898,10898,item898,BI898,10898
PC899,2017-1-24,PL899,C899,10899,item899,BI899,10899
PC900,2017-1-24,PL900,C900,10900,item900,BI900,10900
PC901,2017-1-24,PL901,C901,10901,item901,BI901,10901
PC902,2017-1-24,PL902,C902,10902,item902,BI902,10902
PC903,2017-1-24,PL903,C903,10903,item903,BI903,10903
PC904,2017-1-24,PL904,C904,10904,item904,BI904,10904
PC905,2017-1-24,PL905,C905,10905,item905,BI905,10905
PC906,2017-1-24,PL906,C906,10906,item906,BI906,10906
PC907,2017-1-24,PL907,C907,10907,item907,BI907,10907
PC908,2017-1-24,PL908,C908,10908,item908,BI908,10908
PC909,2017-1-24,PL909,C909,10909,item909,BI909,10909
PC910,2017-1-24,PL910,C910,10910,item910,BI910,10910
PC911,2017-1-24,PL911,C911,10911,item911,BI911,10911
PC912,2017-1-24,PL912,C912,10912,item912,BI912,10912
PC913,2017-1-24,PL913,C913,10913,item913,BI913,10913
PC914,2017-1-24,PL914,C914,10914,item914,BI914,10914
PC915,2017-1-24,PL915,C915,10915,item915,BI915,10915
PC916,2017-1-24,PL916,C916,10916,item916,BI916,10916
PC917,2017-1-24,PL917,C917,10917,item917,BI917,10917
PC918,2017-1-24,PL918,C918,10918,item918,BI918,10918
PC919,2017-1-24,PL919,C919,10919,item919,BI919,10919
PC920,2017-1-24,PL920,C920,10920,item920,BI920,10920
PC921,2017-1-24,PL921,C921,10921,item921,BI921,10921
PC922,2017-1-24,PL922,C922,10922,item922,BI922,10922
PC923,2017-1-24,PL923,C923,10923,item923,BI923,10923
PC924,2017-1-24,PL924,C924,10924,item924,BI924,10924
PC925,2017-1-24,PL925,C925,10925,item925,BI925,10925
PC926,2017-1-24,PL926,C926,10926,item926,BI926,10926
PC927,2017-1-24,PL927,C927,10927,item927,BI927,10927
PC928,2017-1-24,PL928,C928,10928,item928,BI928,10928
PC929,2017-1-24,PL929,C929,10929,item929,BI929,10929
PC930,2017-1-24,PL930,C930,10930,item930,BI930,10930
PC931,2017-1-24,PL931,C931,10931,item931,BI931,10931
PC932,2017-1-24,PL932,C932,10932,item932,BI932,10932
PC933,2017-1-24,PL933,C933,10933,item933,BI933,10933
PC934,2017-1-24,PL934,C934,10934,item934,BI934,10934
PC935,2017-1-24,PL935,C935,10935,item935,BI935,10935
PC936,2017-1-24,PL936,C936,10936,item936,BI936,10936
PC937,2017-1-24,PL937,C937,10937,item937,BI937,10937
PC938,2017-1-24,PL938,C938,10938,item938,BI938,10938
PC939,2017-1-24,PL939,C939,10939,item939,BI939,10939
PC940,2017-1-24,PL940,C940,10940,item940,BI940,10940
PC941,2017-1-24,PL941,C941,10941,item941,BI941,10941
PC942,2017-1-24,PL942,C942,10942,item942,BI942,10942
PC943,2017-1-24,PL943,C943,10943,item943,BI943,10943
PC944,2017-1-24,PL944,C944,10944,item944,BI944,10944
PC945,2017-1-24,PL945,C945,10945,item945,BI945,10945
PC946,2017-1-24,PL946,C946,10946,item946,BI946,10946
PC947,2017-1-24,PL947,C947,10947,item947,BI947,10947
PC948,2017-1-24,PL948,C948,10948,item948,BI948,10948
PC949,2017-1-24,PL949,C949,10949,item949,BI949,10949
PC950,2017-1-24,PL950,C950,10950,item950,BI950,10950
PC951,2017-1-24,PL951,C951,10951,item951,BI951,10951
PC952,2017-1-24,PL952,C952,10952,item952,BI952,10952
PC953,2017-1-24,PL953,C953,10953,item953,BI953,10953
PC954,2017-1-24,PL954,C954,10954,item954,BI954,10954
PC955,2017-1-24,PL955,C955,10955,item955,BI955,10955
PC956,2017-1-24,PL956,C956,10956,item956,BI956,10956
PC957,2017-1-24,PL957,C957,10957,item957,BI957,10957
PC958,2017-1-24,PL958,C958,10958,item958,BI958,10958
PC959,2017-1-24,PL959,C959,10959,item959,BI959,10959
PC960,2017-1-24,PL960,C960,10960,item960,BI960,10960
PC961,2017-1-24,PL961,C961,10961,item961,BI961,10961
PC962,2017-1-24,PL962,C962,10962,item962,BI962,10962
PC963,2017-1-24,PL963,C963,10963,item963,BI963,10963
PC964,2017-1-24,PL964,C964,10964,item964,BI964,10964
PC965,2017-1-24,PL965,C965,10965,item965,BI965,10965
PC966,2017-1-24,PL966,C966,10966,item966,BI966,10966
PC967,2017-1-24,PL967,C967,10967,item967,BI967,10967
PC968,2017-1-24,PL968,C968,10968,item968,BI968,10968
PC969,2017-1-24,PL969,C969,10969,item969,BI969,10969
PC970,2017-1-24,PL970,C970,10970,item970,BI970,10970
PC971,2017-1-24,PL971,C971,10971,item971,BI971,10971
PC972,2017-1-24,PL972,C972,10972,item972,BI972,10972
PC973,2017-1-24,PL973,C973,10973,item973,BI973,10973
PC974,2017-1-24,PL974,C974,10974,item974,BI974,10974
PC975,2017-1-24,PL975,C975,10975,item975,BI975,10975
PC976,2017-1-24,PL976,C976,10976,item976,BI976,10976
PC977,2017-1-24,PL977,C977,10977,item977,BI977,10977
PC978,2017-1-24,PL978,C978,10978,item978,BI978,10978
PC979,2017-1-24,PL979,C979,10979,item979,BI979,10979
PC980,2017-1-24,PL980,C980,10980,item980,BI980,10980
PC981,2017-1-24,PL981,C981,10981,item981,BI981,10981
PC982,2017-1-24,PL982,C982,10982,item982,BI982,10982
PC983,2017-1-24,PL983,C983,10983,item983,BI983,10983
PC984,2017-1-24,PL984,C984,10984,item984,BI984,10984
PC985,2017-1-24,PL985,C985,10985,item985,BI985,10985
PC986,2017-1-24,PL986,C986,10986,item986,BI986,10986
PC987,2017-1-24,PL987,C987,10987,item987,BI987,10987
PC988,2017-1-24,PL988,C988,10988,item988,BI988,10988
PC989,2017-1-24,PL989,C989,10989,item989,BI989,10989
PC990,2017-1-24,PL990,C990,10990,item990,BI990,10990
PC991,2017-1-24,PL991,C991,10991,item991,BI991,10991
PC992,2017-1-24,PL992,C992,10992,item992,BI992,10992
PC993,2017-1-24,PL993,C993,10993,item993,BI993,10993
PC994,2017-1-24,PL994,C994,10994,item994,BI994,10994
PC995,2017-1-24,PL995,C995,10995,item995,BI995,10995
PC996,2017-1-24,PL996,C996,10996,item996,BI996,10996
PC997,2017-1-24,PL997,C997,10997,item997,BI997,10997
PC998,2017-1-24,PL998,C998,10998,item998,BI998,10998
PC999,2017-1-24,PL999,C999,10999,item999,BI999,10999
PC1000,2017-1-24,PL1000,C1000,101000,item1000,BI1000,101000