so_no,customer_code,co_ords,product_code,quantity,delivery_date
SO1,CC1,C1,PC1,101,2018-3-19
SO2,CC2,C2,PC2,102,2018-3-19
SO3,CC3,C3,PC3,103,2018-3-19
SO4,CC4,C4,PC4,104,2018-3-19
SO5,CC5,C5,PC5,105,2018-3-19
SO6,CC6,C6,PC6,106,2018-3-19
SO7,CC7,C7,PC7,107,2018-3-19
SO8,CC8,C8,PC8,108,2018-3-19
SO9,CC9,C9,PC9,109,2018-3-19
SO10,CC10,C10,PC10,1010,2018-3-19
SO11,CC11,C11,PC11,1011,2018-3-19
SO12,CC12,C12,PC12,1012,2018-3-19
SO13,CC13,C13,PC13,1013,2018-3-19
SO14,CC14,C14,PC14,1014,2018-3-19
SO15,CC15,C15,PC15,1015,2018-3-19
SO16,CC16,C16,PC16,1016,2018-3-19
SO17,CC17,C17,PC17,1017,2018-3-19
SO18,CC18,C18,PC18,1018,2018-3-19
SO19,CC19,C19,PC19,1019,2018-3-19
SO20,CC20,C20,PC20,1020,2018-3-19
SO21,CC21,C21,PC21,1021,2018-3-19
SO22,CC22,C22,PC22,1022,2018-3-19
SO23,CC23,C23,PC23,1023,2018-3-19
SO24,CC24,C24,PC24,1024,2018-3-19
SO25,CC25,C25,PC25,1025,2018-3-19
SO26,CC26,C26,PC26,1026,2018-3-19
SO27,CC27,C27,PC27,1027,2018-3-19
SO28,CC28,C28,PC28,1028,2018-3-19
SO29,CC29,C29,PC29,1029,2018-3-19
SO30,CC30,C30,PC30,1030,2018-3-19
SO31,CC31,C31,PC31,1031,2018-3-19
SO32,CC32,C32,PC32,1032,2018-3-19
SO33,CC33,C33,PC33,1033,2018-3-19
SO34,CC34,C34,PC34,1034,2018-3-19
SO35,CC35,C35,PC35,1035,2018-3-19
SO36,CC36,C36,PC36,1036,2018-3-19
SO37,CC37,C37,PC37,1037,2018-3-19
SO38,CC38,C38,PC38,1038,2018-3-19
SO39,CC39,C39,PC39,1039,2018-3-19
SO40,CC40,C40,PC40,1040,2018-3-19
SO41,CC41,C41,PC41,1041,2018-3-19
SO42,CC42,C42,PC42,1042,2018-3-19
SO43,CC43,C43,PC43,1043,2018-3-19
SO44,CC44,C44,PC44,1044,2018-3-19
SO45,CC45,C45,PC45,1045,2018-3-19
SO46,CC46,C46,PC46,1046,2018-3-19
SO47,CC47,C47,PC47,1047,2018-3-19
SO48,CC48,C48,PC48,1048,2018-3-19
SO49,CC49,C49,PC49,1049,2018-3-19
SO50,CC50,C50,PC50,1050,2018-3-19
SO51,CC51,C51,PC51,1051,2018-3-19
SO52,CC52,C52,PC52,1052,2018-3-19
SO53,CC53,C53,PC53,1053,2018-3-19
SO54,CC54,C54,PC54,1054,2018-3-19
SO55,CC55,C55,PC55,1055,2018-3-19
SO56,CC56,C56,PC56,1056,2018-3-19
SO57,CC57,C57,PC57,1057,2018-3-19
SO58,CC58,C58,PC58,1058,2018-3-19
SO59,CC59,C59,PC59,1059,2018-3-19
SO60,CC60,C60,PC60,1060,2018-3-19
SO61,CC61,C61,PC61,1061,2018-3-19
SO62,CC62,C62,PC62,1062,2018-3-19
SO63,CC63,C63,PC63,1063,2018-3-19
SO64,CC64,C64,PC64,1064,2018-3-19
SO65,CC65,C65,PC65,1065,2018-3-19
SO66,CC66,C66,PC66,1066,2018-3-19
SO67,CC67,C67,PC67,1067,2018-3-19
SO68,CC68,C68,PC68,1068,2018-3-19
SO69,CC69,C69,PC69,1069,2018-3-19
SO70,CC70,C70,PC70,1070,2018-3-19
SO71,CC71,C71,PC71,1071,2018-3-19
SO72,CC72,C72,PC72,1072,2018-3-19
SO73,CC73,C73,PC73,1073,2018-3-19
SO74,CC74,C74,PC74,1074,2018-3-19
SO75,CC75,C75,PC75,1075,2018-3-19
SO76,CC76,C76,PC76,1076,2018-3-19
SO77,CC77,C77,PC77,1077,2018-3-19
SO78,CC78,C78,PC78,1078,2018-3-19
SO79,CC79,C79,PC79,1079,2018-3-19
SO80,CC80,C80,PC80,1080,2018-3-19
SO81,CC81,C81,PC81,1081,2018-3-19
SO82,CC82,C82,PC82,1082,2018-3-19
SO83,CC83,C83,PC83,1083,2018-3-19
SO84,CC84,C84,PC84,1084,2018-3-19
SO85,CC85,C85,PC85,1085,2018-3-19
SO86,CC86,C86,PC86,1086,2018-3-19
SO87,CC87,C87,PC87,1087,2018-3-19
SO88,CC88,C88,PC88,1088,2018-3-19
SO89,CC89,C89,PC89,1089,2018-3-19
SO90,CC90,C90,PC90,1090,2018-3-19
SO91,CC91,C91,PC91,1091,2018-3-19
SO92,CC92,C92,PC92,1092,2018-3-19
SO93,CC93,C93,PC93,1093,2018-3-19
SO94,CC94,C94,PC94,1094,2018-3-19
SO95,CC95,C95,PC95,1095,2018-3-19
SO96,CC96,C96,PC96,1096,2018-3-19
SO97,CC97,C97,PC97,1097,2018-3-19
SO98,CC98,C98,PC98,1098,2018-3-19
SO99,CC99,C99,PC99,1099,2018-3-19
SO100,CC100,C100,PC100,10100,2018-3-19
SO101,CC101,C101,PC101,10101,2018-3-19
SO102,CC102,C102,PC102,10102,2018-3-19
SO103,CC103,C103,PC103,10103,2018-3-19
SO104,CC104,C104,PC104,10104,2018-3-19
SO105,CC105,C105,PC105,10105,2018-3-19
SO106,CC106,C106,PC106,10106,2018-3-19
SO107,CC107,C107,PC107,10107,2018-3-19
SO108,CC108,C108,PC108,10108,2018-3-19
SO109,CC109,C109,PC109,10109,2018-3-19
SO110,CC110,C110,PC110,10110,2018-3-19
SO111,CC111,C111,PC111,10111,2018-3-19
SO112,CC112,C112,PC112,10112,2018-3-19
SO113,CC113,C113,PC113,10113,2018-3-19
SO114,CC114,C114,PC114,10114,2018-3-19
SO115,CC115,C115,PC115,10115,2018-3-19
SO116,CC116,C116,PC116,10116,2018-3-19
SO117,CC117,C117,PC117,10117,2018-3-19
SO118,CC118,C118,PC118,10118,2018-3-19
SO119,CC119,C119,PC119,10119,2018-3-19
SO120,CC120,C120,PC120,10120,2018-3-19
SO121,CC121,C121,PC121,10121,2018-3-19
SO122,CC122,C122,PC122,10122,2018-3-19
SO123,CC123,C123,PC123,10123,2018-3-19
SO124,CC124,C124,PC124,10124,2018-3-19
SO125,CC125,C125,PC125,10125,2018-3-19
SO126,CC126,C126,PC126,10126,2018-3-19
SO127,CC127,C127,PC127,10127,2018-3-19
SO128,CC128,C128,PC128,10128,2018-3-19
SO129,CC129,C129,PC129,10129,2018-3-19
SO130,CC130,C130,PC130,10130,2018-3-19
SO131,CC131,C131,PC131,10131,2018-3-19
SO132,CC132,C132,PC132,10132,2018-3-19
SO133,CC133,C133,PC133,10133,2018-3-19
SO134,CC134,C134,PC134,10134,2018-3-19
SO135,CC135,C135,PC135,10135,2018-3-19
SO136,CC136,C136,PC136,10136,2018-3-19
SO137,CC137,C137,PC137,10137,2018-3-19
SO138,CC138,C138,PC138,10138,2018-3-19
SO139,CC139,C139,PC139,10139,2018-3-19
SO140,CC140,C140,PC140,10140,2018-3-19
SO141,CC141,C141,PC141,10141,2018-3-19
SO142,CC142,C142,PC142,10142,2018-3-19
SO143,CC143,C143,PC143,10143,2018-3-19
SO144,CC144,C144,PC144,10144,2018-3-19
SO145,CC145,C145,PC145,10145,2018-3-19
SO146,CC146,C146,PC146,10146,2018-3-19
SO147,CC147,C147,PC147,10147,2018-3-19
SO148,CC148,C148,PC148,10148,2018-3-19
SO149,CC149,C149,PC149,10149,2018-3-19
SO150,CC150,C150,PC150,10150,2018-3-19
SO151,CC151,C151,PC151,10151,2018-3-19
SO152,CC152,C152,PC152,10152,2018-3-19
SO153,CC153,C153,PC153,10153,2018-3-19
SO154,CC154,C154,PC154,10154,2018-3-19
SO155,CC155,C155,PC155,10155,2018-3-19
SO156,CC156,C156,PC156,10156,2018-3-19
SO157,CC157,C157,PC157,10157,2018-3-19
SO158,CC158,C158,PC158,10158,2018-3-19
SO159,CC159,C159,PC159,10159,2018-3-19
SO160,CC160,C160,PC160,10160,2018-3-19
SO161,CC161,C161,PC161,10161,2018-3-19
SO162,CC162,C162,PC162,10162,2018-3-19
SO163,CC163,C163,PC163,10163,2018-3-19
SO164,CC164,C164,PC164,10164,2018-3-19
SO165,CC165,C165,PC165,10165,2018-3-19
SO166,CC166,C166,PC166,10166,2018-3-19
SO167,CC167,C167,PC167,10167,2018-3-19
SO168,CC168,C168,PC168,10168,2018-3-19
SO169,CC169,C169,PC169,10169,2018-3-19
SO170,CC170,C170,PC170,10170,2018-3-19
SO171,CC171,C171,PC171,10171,2018-3-19
SO172,CC172,C172,PC172,10172,2018-3-19
SO173,CC173,C173,PC173,10173,2018-3-19
SO174,CC174,C174,PC174,10174,2018-3-19
SO175,CC175,C175,PC175,10175,2018-3-19
SO176,CC176,C176,PC176,10176,2018-3-19
SO177,CC177,C177,PC177,10177,2018-3-19
SO178,CC178,C178,PC178,10178,2018-3-19
SO179,CC179,C179,PC179,10179,2018-3-19
SO180,CC180,C180,PC180,10180,2018-3-19
SO181,CC181,C181,PC181,10181,2018-3-19
SO182,CC182,C182,PC182,10182,2018-3-19
SO183,CC183,C183,PC183,10183,2018-3-19
SO184,CC184,C184,PC184,10184,2018-3-19
SO185,CC185,C185,PC185,10185,2018-3-19
SO186,CC186,C186,PC186,10186,2018-3-19
SO187,CC187,C187,PC187,10187,2018-3-19
SO188,CC188,C188,PC188,10188,2018-3-19
SO189,CC189,C189,PC189,10189,2018-3-19
SO190,CC190,C190,PC190,10190,2018-3-19
SO191,CC191,C191,PC191,10191,2018-3-19
SO192,CC192,C192,PC192,10192,2018-3-19
SO193,CC193,C193,PC193,10193,2018-3-19
SO194,CC194,C194,PC194,10194,2018-3-19
SO195,CC195,C195,PC195,10195,2018-3-19
SO196,CC196,C196,PC196,10196,2018-3-19
SO197,CC197,C197,PC197,10197,2018-3-19
SO198,CC198,C198,PC198,10198,2018-3-19
SO199,CC199,C199,PC199,10199,2018-3-19
SO200,CC200,C200,PC200,10200,2018-3-19
SO201,CC201,C201,PC201,10201,2018-3-19
SO202,CC202,C202,PC202,10202,2018-3-19
SO203,CC203,C203,PC203,10203,2018-3-19
SO204,CC204,C204,PC204,10204,2018-3-19
SO205,CC205,C205,PC205,10205,2018-3-19
SO206,CC206,C206,PC206,10206,2018-3-19
SO207,CC207,C207,PC207,10207,2018-3-19
SO208,CC208,C208,PC208,10208,2018-3-19
SO209,CC209,C209,PC209,10209,2018-3-19
SO210,CC210,C210,PC210,10210,2018-3-19
SO211,CC211,C211,PC211,10211,2018-3-19
SO212,CC212,C212,PC212,10212,2018-3-19
SO213,CC213,C213,PC213,10213,2018-3-19
SO214,CC214,C214,PC214,10214,2018-3-19
SO215,CC215,C215,PC215,10215,2018-3-19
SO216,CC216,C216,PC216,10216,2018-3-19
SO217,CC217,C217,PC217,10217,2018-3-19
SO218,CC218,C218,PC218,10218,2018-3-19
SO219,CC219,C219,PC219,10219,2018-3-19
SO220,CC220,C220,PC220,10220,2018-3-19
SO221,CC221,C221,PC221,10221,2018-3-19
SO222,CC222,C222,PC222,10222,2018-3-19
SO223,CC223,C223,PC223,10223,2018-3-19
SO224,CC224,C224,PC224,10224,2018-3-19
SO225,CC225,C225,PC225,10225,2018-3-19
SO226,CC226,C226,PC226,10226,2018-3-19
SO227,CC227,C227,PC227,10227,2018-3-19
SO228,CC228,C228,PC228,10228,2018-3-19
SO229,CC229,C229,PC229,10229,2018-3-19
SO230,CC230,C230,PC230,10230,2018-3-19
SO231,CC231,C231,PC231,10231,2018-3-19
SO232,CC232,C232,PC232,10232,2018-3-19
SO233,CC233,C233,PC233,10233,2018-3-19
SO234,CC234,C234,PC234,10234,2018-3-19
SO235,CC235,C235,PC235,10235,2018-3-19
SO236,CC236,C236,PC236,10236,2018-3-19
SO237,CC237,C237,PC237,10237,2018-3-19
SO238,CC238,C238,PC238,10238,2018-3-19
SO239,CC239,C239,PC239,10239,2018-3-19
SO240,CC240,C240,PC240,10240,2018-3-19
SO241,CC241,C241,PC241,10241,2018-3-19
SO242,CC242,C242,PC242,10242,2018-3-19
SO243,CC243,C243,PC243,10243,2018-3-19
SO244,CC244,C244,PC244,10244,2018-3-19
SO245,CC245,C245,PC245,10245,2018-3-19
SO246,CC246,C246,PC246,10246,2018-3-19
SO247,CC247,C247,PC247,10247,2018-3-19
SO248,CC248,C248,PC248,10248,2018-3-19
SO249,CC249,C249,PC249,10249,2018-3-19
SO250,CC250,C250,PC250,10250,2018-3-19
SO251,CC251,C251,PC251,10251,2018-3-19
SO252,CC252,C252,PC252,10252,2018-3-19
SO253,CC253,C253,PC253,10253,2018-3-19
SO254,CC254,C254,PC254,10254,2018-3-19
SO255,CC255,C255,PC255,10255,2018-3-19
SO256,CC256,C256,PC256,10256,2018-3-19
SO257,CC257,C257,PC257,10257,2018-3-19
SO258,CC258,C258,PC258,10258,2018-3-19
SO259,CC259,C259,PC259,10259,2018-3-19
SO260,CC260,C260,PC260,10260,2018-3-19
SO261,CC261,C261,PC261,10261,2018-3-19
SO262,CC262,C262,PC262,10262,2018-3-19
SO263,CC263,C263,PC263,10263,2018-3-19
SO264,CC264,C264,PC264,10264,2018-3-19
SO265,CC265,C265,PC265,10265,2018-3-19
SO266,CC266,C266,PC266,10266,2018-3-19
SO267,CC267,C267,PC267,10267,2018-3-19
SO268,CC268,C268,PC268,10268,2018-3-19
SO269,CC269,C269,PC269,10269,2018-3-19
SO270,CC270,C270,PC270,10270,2018-3-19
SO271,CC271,C271,PC271,10271,2018-3-19
SO272,CC272,C272,PC272,10272,2018-3-19
SO273,CC273,C273,PC273,10273,2018-3-19
SO274,CC274,C274,PC274,10274,2018-3-19
SO275,CC275,C275,PC275,10275,2018-3-19
SO276,CC276,C276,PC276,10276,2018-3-19
SO277,CC277,C277,PC277,10277,2018-3-19
SO278,CC278,C278,PC278,10278,2018-3-19
SO279,CC279,C279,PC279,10279,2018-3-19
SO280,CC280,C280,PC280,10280,2018-3-19
SO281,CC281,C281,PC281,10281,2018-3-19
SO282,CC282,C282,PC282,10282,2018-3-19
SO283,CC283,C283,PC283,10283,2018-3-19
SO284,CC284,C284,PC284,10284,2018-3-19
SO285,CC285,C285,PC285,10285,2018-3-19
SO286,CC286,C286,PC286,10286,2018-3-19
SO287,CC287,C287,PC287,10287,2018-3-19
SO288,CC288,C288,PC288,10288,2018-3-19
SO289,CC289,C289,PC289,10289,2018-3-19
SO290,CC290,C290,PC290,10290,2018-3-19
SO291,CC291,C291,PC291,10291,2018-3-19
SO292,CC292,C292,PC292,10292,2018-3-19
SO293,CC293,C293,PC293,10293,2018-3-19
SO294,CC294,C294,PC294,10294,2018-3-19
SO295,CC295,C295,PC295,10295,2018-3-19
SO296,CC296,C296,PC296,10296,2018-3-19
SO297,CC297,C297,PC297,10297,2018-3-19
SO298,CC298,C298,PC298,10298,2018-3-19
SO299,CC299,C299,PC299,10299,2018-3-19
SO300,CC300,C300,PC300,10300,2018-3-19
SO301,CC301,C301,PC301,10301,2018-3-19
SO302,CC302,C302,PC302,10302,2018-3-19
SO303,CC303,C303,PC303,10303,2018-3-19
SO304,CC304,C304,PC304,10304,2018-3-19
SO305,CC305,C305,PC305,10305,2018-3-19
SO306,CC306,C306,PC306,10306,2018-3-19
SO307,CC307,C307,PC307,10307,2018-3-19
SO308,CC308,C308,PC308,10308,2018-3-19
SO309,CC309,C309,PC309,10309,2018-3-19
SO310,CC310,C310,PC310,10310,2018-3-19
SO311,CC311,C311,PC311,10311,2018-3-19
SO312,CC312,C312,PC312,10312,2018-3-19
SO313,CC313,C313,PC313,10313,2018-3-19
SO314,CC314,C314,PC314,10314,2018-3-19
SO315,CC315,C315,PC315,10315,2018-3-19
SO316,CC316,C316,PC316,10316,2018-3-19
SO317,CC317,C317,PC317,10317,2018-3-19
SO318,CC318,C318,PC318,10318,2018-3-19
SO319,CC319,C319,PC319,10319,2018-3-19
SO320,CC320,C320,PC320,10320,2018-3-19
SO321,CC321,C321,PC321,10321,2018-3-19
SO322,CC322,C322,PC322,10322,2018-3-19
SO323,CC323,C323,PC323,10323,2018-3-19
SO324,CC324,C324,PC324,10324,2018-3-19
SO325,CC325,C325,PC325,10325,2018-3-19
SO326,CC326,C326,PC326,10326,2018-3-19
SO327,CC327,C327,PC327,10327,2018-3-19
SO328,CC328,C328,PC328,10328,2018-3-19
SO329,CC329,C329,PC329,10329,2018-3-19
SO330,CC330,C330,PC330,10330,2018-3-19
SO331,CC331,C331,PC331,10331,2018-3-19
SO332,CC332,C332,PC332,10332,2018-3-19
SO333,CC333,C333,PC333,10333,2018-3-19
SO334,CC334,C334,PC334,10334,2018-3-19
SO335,CC335,C335,PC335,10335,2018-3-19
SO336,CC336,C336,PC336,10336,2018-3-19
SO337,CC337,C337,PC337,10337,2018-3-19
SO338,CC338,C338,PC338,10338,2018-3-19
SO339,CC339,C339,PC339,10339,2018-3-19
SO340,CC340,C340,PC340,10340,2018-3-19
SO341,CC341,C341,PC341,10341,2018-3-19
SO342,CC342,C342,PC342,10342,2018-3-19
SO343,CC343,C343,PC343,10343,2018-3-19
SO344,CC344,C344,PC344,10344,2018-3-19
SO345,CC345,C345,PC345,10345,2018-3-19
SO346,CC346,C346,PC346,10346,2018-3-19
SO347,CC347,C347,PC347,10347,2018-3-19
SO348,CC348,C348,PC348,10348,2018-3-19
SO349,CC349,C349,PC349,10349,2018-3-19
SO350,CC350,C350,PC350,10350,2018-3-19
SO351,CC351,C351,PC351,10351,2018-3-19
SO352,CC352,C352,PC352,10352,2018-3-19
SO353,CC353,C353,PC353,10353,2018-3-19
SO354,CC354,C354,PC354,10354,2018-3-19
SO355,CC355,C355,PC355,10355,2018-3-19
SO356,CC356,C356,PC356,10356,2018-3-19
SO357,CC357,C357,PC357,10357,2018-3-19
SO358,CC358,C358,PC358,10358,2018-3-19
SO359,CC359,C359,PC359,10359,2018-3-19
SO360,CC360,C360,PC360,10360,2018-3-19
SO361,CC361,C361,PC361,10361,2018-3-19
SO362,CC362,C362,PC362,10362,2018-3-19
SO363,CC363,C363,PC363,10363,2018-3-19
SO364,CC364,C364,PC364,10364,2018-3-19
SO365,CC365,C365,PC365,10365,2018-3-19
SO366,CC366,C366,PC366,10366,2018-3-19
SO367,CC367,C367,PC367,10367,2018-3-19
SO368,CC368,C368,PC368,10368,2018-3-19
SO369,CC369,C369,PC369,10369,2018-3-19
SO370,CC370,C370,PC370,10370,2018-3-19
SO371,CC371,C371,PC371,10371,2018-3-19
SO372,CC372,C372,PC372,10372,2018-3-19
SO373,CC373,C373,PC373,10373,2018-3-19
SO374,CC374,C374,PC374,10374,2018-3-19
SO375,CC375,C375,PC375,10375,2018-3-19
SO376,CC376,C376,PC376,10376,2018-3-19
SO377,CC377,C377,PC377,10377,2018-3-19
SO378,CC378,C378,PC378,10378,2018-3-19
SO379,CC379,C379,PC379,10379,2018-3-19
SO380,CC380,C380,PC380,10380,2018-3-19
SO381,CC381,C381,PC381,10381,2018-3-19
SO382,CC382,C382,PC382,10382,2018-3-19
SO383,CC383,C383,PC383,10383,2018-3-19
SO384,CC384,C384,PC384,10384,2018-3-19
SO385,CC385,C385,PC385,10385,2018-3-19
SO386,CC386,C386,PC386,10386,2018-3-19
SO387,CC387,C387,PC387,10387,2018-3-19
SO388,CC388,C388,PC388,10388,2018-3-19
SO389,CC389,C389,PC389,10389,2018-3-19
SO390,CC390,C390,PC390,10390,2018-3-19
SO391,CC391,C391,PC391,10391,2018-3-19
SO392,CC392,C392,PC392,10392,2018-3-19
SO393,CC393,C393,PC393,10393,2018-3-19
SO394,CC394,C394,PC394,10394,2018-3-19
SO395,CC395,C395,PC395,10395,2018-3-19
SO396,CC396,C396,PC396,10396,2018-3-19
SO397,CC397,C397,PC397,10397,2018-3-19
SO398,CC398,C398,PC398,10398,2018-3-19
SO399,CC399,C399,PC399,10399,2018-3-19
SO400,CC400,C400,PC400,10400,2018-3-19
SO401,CC401,C401,PC401,10401,2018-3-19
SO402,CC402,C402,PC402,10402,2018-3-19
SO403,CC403,C403,PC403,10403,2018-3-19
SO404,CC404,C404,PC404,10404,2018-3-19
SO405,CC405,C405,PC405,10405,2018-3-19
SO406,CC406,C406,PC406,10406,2018-3-19
SO407,CC407,C407,PC407,10407,2018-3-19
SO408,CC408,C408,PC408,10408,2018-3-19
SO409,CC409,C409,PC409,10409,2018-3-19
SO410,CC410,C410,PC410,10410,2018-3-19
SO411,CC411,C411,PC411,10411,2018-3-19
SO412,CC412,C412,PC412,10412,2018-3-19
SO413,CC413,C413,PC413,10413,2018-3-19
SO414,CC414,C414,PC414,10414,2018-3-19
SO415,CC415,C415,PC415,10415,2018-3-19
SO416,CC416,C416,PC416,10416,2018-3-19
SO417,CC417,C417,PC417,10417,2018-3-19
SO418,CC418,C418,PC418,10418,2018-3-19
SO419,CC419,C419,PC419,10419,2018-3-19
SO420,CC420,C420,PC420,10420,2018-3-19
SO421,CC421,C421,PC421,10421,2018-3-19
SO422,CC422,C422,PC422,10422,2018-3-19
SO423,CC423,C423,PC423,10423,2018-3-19
SO424,CC424,C424,PC424,10424,2018-3-19
SO425,CC425,C425,PC425,10425,2018-3-19
SO426,CC426,C426,PC426,10426,2018-3-19
SO427,CC427,C427,PC427,10427,2018-3-19
SO428,CC428,C428,PC428,10428,2018-3-19
SO429,CC429,C429,PC429,10429,2018-3-19
SO430,CC430,C430,PC430,10430,2018-3-19
SO431,CC431,C431,PC431,10431,2018-3-19
SO432,CC432,C432,PC432,10432,2018-3-19
SO433,CC433,C433,PC433,10433,2018-3-19
SO434,CC434,C434,PC434,10434,2018-3-19
SO435,CC435,C435,PC435,10435,2018-3-19
SO436,CC436,C436,PC436,10436,2018-3-19
SO437,CC437,C437,PC437,10437,2018-3-19
SO438,CC438,C438,PC438,10438,2018-3-19
SO439,CC439,C439,PC439,10439,2018-3-19
SO440,CC440,C440,PC440,10440,2018-3-19
SO441,CC441,C441,PC441,10441,2018-3-19
SO442,CC442,C442,PC442,10442,2018-3-19
SO443,CC443,C443,PC443,10443,2018-3-19
SO444,CC444,C444,PC444,10444,2018-3-19
SO445,CC445,C445,PC445,10445,2018-3-19
SO446,CC446,C446,PC446,10446,2018-3-19
SO447,CC447,C447,PC447,10447,2018-3-19
SO448,CC448,C448,PC448,10448,2018-3-19
SO449,CC449,C449,PC449,10449,2018-3-19
SO450,CC450,C450,PC450,10450,2018-3-19
SO451,CC451,C451,PC451,10451,2018-3-19
SO452,CC452,C452,PC452,10452,2018-3-19
SO453,CC453,C453,PC453,10453,2018-3-19
SO454,CC454,C454,PC454,10454,2018-3-19
SO455,CC455,C455,PC455,10455,2018-3-19
SO456,CC456,C456,PC456,10456,2018-3-19
SO457,CC457,C457,PC457,10457,2018-3-19
SO458,CC458,C458,PC458,10458,2018-3-19
SO459,CC459,C459,PC459,10459,2018-3-19
SO460,CC460,C460,PC460,10460,2018-3-19
SO461,CC461,C461,PC461,10461,2018-3-19
SO462,CC462,C462,PC462,10462,2018-3-19
SO463,CC463,C463,PC463,10463,2018-3-19
SO464,CC464,C464,PC464,10464,2018-3-19
SO465,CC465,C465,PC465,10465,2018-3-19
SO466,CC466,C466,PC466,10466,2018-3-19
SO467,CC467,C467,PC467,10467,2018-3-19
SO468,CC468,C468,PC468,10468,2018-3-19
SO469,CC469,C469,PC469,10469,2018-3-19
SO470,CC470,C470,PC470,10470,2018-3-19
SO471,CC471,C471,PC471,10471,2018-3-19
SO472,CC472,C472,PC472,10472,2018-3-19
SO473,CC473,C473,PC473,10473,2018-3-19
SO474,CC474,C474,PC474,10474,2018-3-19
SO475,CC475,C475,PC475,10475,2018-3-19
SO476,CC476,C476,PC476,10476,2018-3-19
SO477,CC477,C477,PC477,10477,2018-3-19
SO478,CC478,C478,PC478,10478,2018-3-19
SO479,CC479,C479,PC479,10479,2018-3-19
SO480,CC480,C480,PC480,10480,2018-3-19
SO481,CC481,C481,PC481,10481,2018-3-19
SO482,CC482,C482,PC482,10482,2018-3-19
SO483,CC483,C483,PC483,10483,2018-3-19
SO484,CC484,C484,PC484,10484,2018-3-19
SO485,CC485,C485,PC485,10485,2018-3-19
SO486,CC486,C486,PC486,10486,2018-3-19
SO487,CC487,C487,PC487,10487,2018-3-19
SO488,CC488,C488,PC488,10488,2018-3-19
SO489,CC489,C489,PC489,10489,2018-3-19
SO490,CC490,C490,PC490,10490,2018-3-19
SO491,CC491,C491,PC491,10491,2018-3-19
SO492,CC492,C492,PC492,10492,2018-3-19
SO493,CC493,C493,PC493,10493,2018-3-19
SO494,CC494,C494,PC494,10494,2018-3-19
SO495,CC495,C495,PC495,10495,2018-3-19
SO496,CC496,C496,PC496,10496,2018-3-19
SO497,CC497,C497,PC497,10497,2018-3-19
SO498,CC498,C498,PC498,10498,2018-3-19
SO499,CC499,C499,PC499,10499,2018-3-19
SO500,CC500,C500,PC500,10500,2018-3-19
SO501,CC501,C501,PC501,10501,2018-3-19
SO502,CC502,C502,PC502,10502,2018-3-19
SO503,CC503,C503,PC503,10503,2018-3-19
SO504,CC504,C504,PC504,10504,2018-3-19
SO505,CC505,C505,PC505,10505,2018-3-19
SO506,CC506,C506,PC506,10506,2018-3-19
SO507,CC507,C507,PC507,10507,2018-3-19
SO508,CC508,C508,PC508,10508,2018-3-19
SO509,CC509,C509,PC509,10509,2018-3-19
SO510,CC510,C510,PC510,10510,2018-3-19
SO511,CC511,C511,PC511,10511,2018-3-19
SO512,CC512,C512,PC512,10512,2018-3-19
SO513,CC513,C513,PC513,10513,2018-3-19
SO514,CC514,C514,PC514,10514,2018-3-19
SO515,CC515,C515,PC515,10515,2018-3-19
SO516,CC516,C516,PC516,10516,2018-3-19
SO517,CC517,C517,PC517,10517,2018-3-19
SO518,CC518,C518,PC518,10518,2018-3-19
SO519,CC519,C519,PC519,10519,2018-3-19
SO520,CC520,C520,PC520,10520,2018-3-19
SO521,CC521,C521,PC521,10521,2018-3-19
SO522,CC522,C522,PC522,10522,2018-3-19
SO523,CC523,C523,PC523,10523,2018-3-19
SO524,CC524,C524,PC524,10524,2018-3-19
SO525,CC525,C525,PC525,10525,2018-3-19
SO526,CC526,C526,PC526,10526,2018-3-19
SO527,CC527,C527,PC527,10527,2018-3-19
SO528,CC528,C528,PC528,10528,2018-3-19
SO529,CC529,C529,PC529,10529,2018-3-19
SO530,CC530,C530,PC530,10530,2018-3-19
SO531,CC531,C531,PC531,10531,2018-3-19
SO532,CC532,C532,PC532,10532,2018-3-19
SO533,CC533,C533,PC533,10533,2018-3-19
SO534,CC534,C534,PC534,10534,2018-3-19
SO535,CC535,C535,PC535,10535,2018-3-19
SO536,CC536,C536,PC536,10536,2018-3-19
SO537,CC537,C537,PC537,10537,2018-3-19
SO538,CC538,C538,PC538,10538,2018-3-19
SO539,CC539,C539,PC539,10539,2018-3-19
SO540,CC540,C540,PC540,10540,2018-3-19
SO541,CC541,C541,PC541,10541,2018-3-19
SO542,CC542,C542,PC542,10542,2018-3-19
SO543,CC543,C543,PC543,10543,2018-3-19
SO544,CC544,C544,PC544,10544,2018-3-19
SO545,CC545,C545,PC545,10545,2018-3-19
SO546,CC546,C546,PC546,10546,2018-3-19
SO547,CC547,C547,PC547,10547,2018-3-19
SO548,CC548,C548,PC548,10548,2018-3-19
SO549,CC549,C549,PC549,10549,2018-3-19
SO550,CC550,C550,PC550,10550,2018-3-19
SO551,CC551,C551,PC551,10551,2018-3-19
SO552,CC552,C552,PC552,10552,2018-3-19
SO553,CC553,C553,PC553,10553,2018-3-19
SO554,CC554,C554,PC554,10554,2018-3-19
SO555,CC555,C555,PC555,10555,2018-3-19
SO556,CC556,C556,PC556,10556,2018-3-19
SO557,CC557,C557,PC557,10557,2018-3-19
SO558,CC558,C558,PC558,10558,2018-3-19
SO559,CC559,C559,PC559,10559,2018-3-19
SO560,CC560,C560,PC560,10560,2018-3-19
SO561,CC561,C561,PC561,10561,2018-3-19
SO562,CC562,C562,PC562,10562,2018-3-19
SO563,CC563,C563,PC563,10563,2018-3-19
SO564,CC564,C564,PC564,10564,2018-3-19
SO565,CC565,C565,PC565,10565,2018-3-19
SO566,CC566,C566,PC566,10566,2018-3-19
SO567,CC567,C567,PC567,10567,2018-3-19
SO568,CC568,C568,PC568,10568,2018-3-19
SO569,CC569,C569,PC569,10569,2018-3-19
SO570,CC570,C570,PC570,10570,2018-3-19
SO571,CC571,C571,PC571,10571,2018-3-19
SO572,CC572,C572,PC572,10572,2018-3-19
SO573,CC573,C573,PC573,10573,2018-3-19
SO574,CC574,C574,PC574,10574,2018-3-19
SO575,CC575,C575,PC575,10575,2018-3-19
SO576,CC576,C576,PC576,10576,2018-3-19
SO577,CC577,C577,PC577,10577,2018-3-19
SO578,CC578,C578,PC578,10578,2018-3-19
SO579,CC579,C579,PC579,10579,2018-3-19
SO580,CC580,C580,PC580,10580,2018-3-19
SO581,CC581,C581,PC581,10581,2018-3-19
SO582,CC582,C582,PC582,10582,2018-3-19
SO583,CC583,C583,PC583,10583,2018-3-19
SO584,CC584,C584,PC584,10584,2018-3-19
SO585,CC585,C585,PC585,10585,2018-3-19
SO586,CC586,C586,PC586,10586,2018-3-19
SO587,CC587,C587,PC587,10587,2018-3-19
SO588,CC588,C588,PC588,10588,2018-3-19
SO589,CC589,C589,PC589,10589,2018-3-19
SO590,CC590,C590,PC590,10590,2018-3-19
SO591,CC591,C591,PC591,10591,2018-3-19
SO592,CC592,C592,PC592,10592,2018-3-19
SO593,CC593,C593,PC593,10593,2018-3-19
SO594,CC594,C594,PC594,10594,2018-3-19
SO595,CC595,C595,PC595,10595,2018-3-19
SO596,CC596,C596,PC596,10596,2018-3-19
SO597,CC597,C597,PC597,10597,2018-3-19
SO598,CC598,C598,PC598,10598,2018-3-19
SO599,CC599,C599,PC599,10599,2018-3-19
SO600,CC600,C600,PC600,10600,2018-3-19
SO601,CC601,C601,PC601,10601,2018-3-19
SO602,CC602,C602,PC602,10602,2018-3-19
SO603,CC603,C603,PC603,10603,2018-3-19
SO604,CC604,C604,PC604,10604,2018-3-19
SO605,CC605,C605,PC605,10605,2018-3-19
SO606,CC606,C606,PC606,10606,2018-3-19
SO607,CC607,C607,PC607,10607,2018-3-19
SO608,CC608,C608,PC608,10608,2018-3-19
SO609,CC609,C609,PC609,10609,2018-3-19
SO610,CC610,C610,PC610,10610,2018-3-19
SO611,CC611,C611,PC611,10611,2018-3-19
SO612,CC612,C612,PC612,10612,2018-3-19
SO613,CC613,C613,PC613,10613,2018-3-19
SO614,CC614,C614,PC614,10614,2018-3-19
SO615,CC615,C615,PC615,10615,2018-3-19
SO616,CC616,C616,PC616,10616,2018-3-19
SO617,CC617,C617,PC617,10617,2018-3-19
SO618,CC618,C618,PC618,10618,2018-3-19
SO619,CC619,C619,PC619,10619,2018-3-19
SO620,CC620,C620,PC620,10620,2018-3-19
SO621,CC621,C621,PC621,10621,2018-3-19
SO622,CC622,C622,PC622,10622,2018-3-19
SO623,CC623,C623,PC623,10623,2018-3-19
SO624,CC624,C624,PC624,10624,2018-3-19
SO625,CC625,C625,PC625,10625,2018-3-19
SO626,CC626,C626,PC626,10626,2018-3-19
SO627,CC627,C627,PC627,10627,2018-3-19
SO628,CC628,C628,PC628,10628,2018-3-19
SO629,CC629,C629,PC629,10629,2018-3-19
SO630,CC630,C630,PC630,10630,2018-3-19
SO631,CC631,C631,PC631,10631,2018-3-19
SO632,CC632,C632,PC632,10632,2018-3-19
SO633,CC633,C633,PC633,10633,2018-3-19
SO634,CC634,C634,PC634,10634,2018-3-19
SO635,CC635,C635,PC635,10635,2018-3-19
SO636,CC636,C636,PC636,10636,2018-3-19
SO637,CC637,C637,PC637,10637,2018-3-19
SO638,CC638,C638,PC638,10638,2018-3-19
SO639,CC639,C639,PC639,10639,2018-3-19
SO640,CC640,C640,PC640,10640,2018-3-19
SO641,CC641,C641,PC641,10641,2018-3-19
SO642,CC642,C642,PC642,10642,2018-3-19
SO643,CC643,C643,PC643,10643,2018-3-19
SO644,CC644,C644,PC644,10644,2018-3-19
SO645,CC645,C645,PC645,10645,2018-3-19
SO646,CC646,C646,PC646,10646,2018-3-19
SO647,CC647,C647,PC647,10647,2018-3-19
SO648,CC648,C648,PC648,10648,2018-3-19
SO649,CC649,C649,PC649,10649,2018-3-19
SO650,CC650,C650,PC650,10650,2018-3-19
SO651,CC651,C651,PC651,10651,2018-3-19
SO652,CC652,C652,PC652,10652,2018-3-19
SO653,CC653,C653,PC653,10653,2018-3-19
SO654,CC654,C654,PC654,10654,2018-3-19
SO655,CC655,C655,PC655,10655,2018-3-19
SO656,CC656,C656,PC656,10656,2018-3-19
SO657,CC657,C657,PC657,10657,2018-3-19
SO658,CC658,C658,PC658,10658,2018-3-19
SO659,CC659,C659,PC659,10659,2018-3-19
SO660,CC660,C660,PC660,10660,2018-3-19
SO661,CC661,C661,PC661,10661,2018-3-19
SO662,CC662,C662,PC662,10662,2018-3-19
SO663,CC663,C663,PC663,10663,2018-3-19
SO664,CC664,C664,PC664,10664,2018-3-19
SO665,CC665,C665,PC665,10665,2018-3-19
SO666,CC666,C666,PC666,10666,2018-3-19
SO667,CC667,C667,PC667,10667,2018-3-19
SO668,CC668,C668,PC668,10668,2018-3-19
SO669,CC669,C669,PC669,10669,2018-3-19
SO670,CC670,C670,PC670,10670,2018-3-19
SO671,CC671,C671,PC671,10671,2018-3-19
SO672,CC672,C672,PC672,10672,2018-3-19
SO673,CC673,C673,PC673,10673,2018-3-19
SO674,CC674,C674,PC674,10674,2018-3-19
SO675,CC675,C675,PC675,10675,2018-3-19
SO676,CC676,C676,PC676,10676,2018-3-19
SO677,CC677,C677,PC677,10677,2018-3-19
SO678,CC678,C678,PC678,10678,2018-3-19
SO679,CC679,C679,PC679,10679,2018-3-19
SO680,CC680,C680,PC680,10680,2018-3-19
SO681,CC681,C681,PC681,10681,2018-3-19
SO682,CC682,C682,PC682,10682,2018-3-19
SO683,CC683,C683,PC683,10683,2018-3-19
SO684,CC684,C684,PC684,10684,2018-3-19
SO685,CC685,C685,PC685,10685,2018-3-19
SO686,CC686,C686,PC686,10686,2018-3-19
SO687,CC687,C687,PC687,10687,2018-3-19
SO688,CC688,C688,PC688,10688,2018-3-19
SO689,CC689,C689,PC689,10689,2018-3-19
SO690,CC690,C690,PC690,10690,2018-3-19
SO691,CC691,C691,PC691,10691,2018-3-19
SO692,CC692,C692,PC692,10692,2018-3-19
SO693,CC693,C693,PC693,10693,2018-3-19
SO694,CC694,C694,PC694,10694,2018-3-19
SO695,CC695,C695,PC695,10695,2018-3-19
SO696,CC696,C696,PC696,10696,2018-3-19
SO697,CC697,C697,PC697,10697,2018-3-19
SO698,CC698,C698,PC698,10698,2018-3-19
SO699,CC699,C699,PC699,10699,2018-3-19
SO700,CC700,C700,PC700,10700,2018-3-19
SO701,CC701,C701,PC701,10701,2018-3-19
SO702,CC702,C702,PC702,10702,2018-3-19
SO703,CC703,C703,PC703,10703,2018-3-19
SO704,CC704,C704,PC704,10704,2018-3-19
SO705,CC705,C705,PC705,10705,2018-3-19
SO706,CC706,C706,PC706,10706,2018-3-19
SO707,CC707,C707,PC707,10707,2018-3-19
SO708,CC708,C708,PC708,10708,2018-3-19
SO709,CC709,C709,PC709,10709,2018-3-19
SO710,CC710,C710,PC710,10710,2018-3-19
SO711,CC711,C711,PC711,10711,2018-3-19
SO712,CC712,C712,PC712,10712,2018-3-19
SO713,CC713,C713,PC713,10713,2018-3-19
SO714,CC714,C714,PC714,10714,2018-3-19
SO715,CC715,C715,PC715,10715,2018-3-19
SO716,CC716,C716,PC716,10716,2018-3-19
SO717,CC717,C717,PC717,10717,2018-3-19
SO718,CC718,C718,PC718,10718,2018-3-19
SO719,CC719,C719,PC719,10719,2018-3-19
SO720,CC720,C720,PC720,10720,2018-3-19
SO721,CC721,C721,PC721,10721,2018-3-19
SO722,CC722,C722,PC722,10722,2018-3-19
SO723,CC723,C723,PC723,10723,2018-3-19
SO724,CC724,C724,PC724,10724,2018-3-19
SO725,CC725,C725,PC725,10725,2018-3-19
SO726,CC726,C726,PC726,10726,2018-3-19
SO727,CC727,C727,PC727,10727,2018-3-19
SO728,CC728,C728,PC728,10728,2018-3-19
SO729,CC729,C729,PC729,10729,2018-3-19
SO730,CC730,C730,PC730,10730,2018-3-19
SO731,CC731,C731,PC731,10731,2018-3-19
SO732,CC732,C732,PC732,10732,2018-3-19
SO733,CC733,C733,PC733,10733,2018-3-19
SO734,CC734,C734,PC734,10734,2018-3-19
SO735,CC735,C735,PC735,10735,2018-3-19
SO736,CC736,C736,PC736,10736,2018-3-19
SO737,CC737,C737,PC737,10737,2018-3-19
SO738,CC738,C738,PC738,10738,2018-3-19
SO739,CC739,C739,PC739,10739,2018-3-19
SO740,CC740,C740,PC740,10740,2018-3-19
SO741,CC741,C741,PC741,10741,2018-3-19
SO742,CC742,C742,PC742,10742,2018-3-19
SO743,CC743,C743,PC743,10743,2018-3-19
SO744,CC744,C744,PC744,10744,2018-3-19
SO745,CC745,C745,PC745,10745,2018-3-19
SO746,CC746,C746,PC746,10746,2018-3-19
SO747,CC747,C747,PC747,10747,2018-3-19
SO748,CC748,C748,PC748,10748,2018-3-19
SO749,CC749,C749,PC749,10749,2018-3-19
SO750,CC750,C750,PC750,10750,2018-3-19
SO751,CC751,C751,PC751,10751,2018-3-19
SO752,CC752,C752,PC752,10752,2018-3-19
SO753,CC753,C753,PC753,10753,2018-3-19
SO754,CC754,C754,PC754,10754,2018-3-19
SO755,CC755,C755,PC755,10755,2018-3-19
SO756,CC756,C756,PC756,10756,2018-3-19
SO757,CC757,C757,PC757,10757,2018-3-19
SO758,CC758,C758,PC758,10758,2018-3-19
SO759,CC759,C759,PC759,10759,2018-3-19
SO760,CC760,C760,PC760,10760,2018-3-19
SO761,CC761,C761,PC761,10761,2018-3-19
SO762,CC762,C762,PC762,10762,2018-3-19
SO763,CC763,C763,PC763,10763,2018-3-19
SO764,CC764,C764,PC764,10764,2018-3-19
SO765,CC765,C765,PC765,10765,2018-3-19
SO766,CC766,C766,PC766,10766,2018-3-19
SO767,CC767,C767,PC767,10767,2018-3-19
SO768,CC768,C768,PC768,10768,2018-3-19
SO769,CC769,C769,PC769,10769,2018-3-19
SO770,CC770,C770,PC770,10770,2018-3-19
SO771,CC771,C771,PC771,10771,2018-3-19
SO772,CC772,C772,PC772,10772,2018-3-19
SO773,CC773,C773,PC773,10773,2018-3-19
SO774,CC774,C774,PC774,10774,2018-3-19
SO775,CC775,C775,PC775,10775,2018-3-19
SO776,CC776,C776,PC776,10776,2018-3-19
SO777,CC777,C777,PC777,10777,2018-3-19
SO778,CC778,C778,PC778,10778,2018-3-19
SO779,CC779,C779,PC779,10779,2018-3-19
SO780,CC780,C780,PC780,10780,2018-3-19
SO781,CC781,C781,PC781,10781,2018-3-19
SO782,CC782,C782,PC782,10782,2018-3-19
SO783,CC783,C783,PC783,10783,2018-3-19
SO784,CC784,C784,PC784,10784,2018-3-19
SO785,CC785,C785,PC785,10785,2018-3-19
SO786,CC786,C786,PC786,10786,2018-3-19
SO787,CC787,C787,PC787,10787,2018-3-19
SO788,CC788,C788,PC788,10788,2018-3-19
SO789,CC789,C789,PC789,10789,2018-3-19
SO790,CC790,C790,PC790,10790,2018-3-19
SO791,CC791,C791,PC791,10791,2018-3-19
SO792,CC792,C792,PC792,10792,2018-3-19
SO793,CC793,C793,PC793,10793,2018-3-19
SO794,CC794,C794,PC794,10794,2018-3-19
SO795,CC795,C795,PC795,10795,2018-3-19
SO796,CC796,C796,PC796,10796,2018-3-19
SO797,CC797,C797,PC797,10797,2018-3-19
SO798,CC798,C798,PC798,10798,2018-3-19
SO799,CC799,C799,PC799,10799,2018-3-19
SO800,CC800,C800,PC800,10800,2018-3-19
SO801,CC801,C801,PC801,10801,2018-3-19
SO802,CC802,C802,PC802,10802,2018-3-19
SO803,CC803,C803,PC803,10803,2018-3-19
SO804,CC804,C804,PC804,10804,2018-3-19
SO805,CC805,C805,PC805,10805,2018-3-19
SO806,CC806,C806,PC806,10806,2018-3-19
SO807,CC807,C807,PC807,10807,2018-3-19
SO808,CC808,C808,PC808,10808,2018-3-19
SO809,CC809,C809,PC809,10809,2018-3-19
SO810,CC810,C810,PC810,10810,2018-3-19
SO811,CC811,C811,PC811,10811,2018-3-19
SO812,CC812,C812,PC812,10812,2018-3-19
SO813,CC813,C813,PC813,10813,2018-3-19
SO814,CC814,C814,PC814,10814,2018-3-19
SO815,CC815,C815,PC815,10815,2018-3-19
SO816,CC816,C816,PC816,10816,2018-3-19
SO817,CC817,C817,PC817,10817,2018-3-19
SO818,CC818,C818,PC818,10818,2018-3-19
SO819,CC819,C819,PC819,10819,2018-3-19
SO820,CC820,C820,PC820,10820,2018-3-19
SO821,CC821,C821,PC821,10821,2018-3-19
SO822,CC822,C822,PC822,10822,2018-3-19
SO823,CC823,C823,PC823,10823,2018-3-19
SO824,CC824,C824,PC824,10824,2018-3-19
SO825,CC825,C825,PC825,10825,2018-3-19
SO826,CC826,C826,PC826,10826,2018-3-19
SO827,CC827,C827,PC827,10827,2018-3-19
SO828,CC828,C828,PC828,10828,2018-3-19
SO829,CC829,C829,PC829,10829,2018-3-19
SO830,CC830,C830,PC830,10830,2018-3-19
SO831,CC831,C831,PC831,10831,2018-3-19
SO832,CC832,C832,PC832,10832,2018-3-19
SO833,CC833,C833,PC833,10833,2018-3-19
SO834,CC834,C834,PC834,10834,2018-3-19
SO835,CC835,C835,PC835,10835,2018-3-19
SO836,CC836,C836,PC836,10836,2018-3-19
SO837,CC837,C837,PC837,10837,2018-3-19
SO838,CC838,C838,PC838,10838,2018-3-19
SO839,CC839,C839,PC839,10839,2018-3-19
SO840,CC840,C840,PC840,10840,2018-3-19
SO841,CC841,C841,PC841,10841,2018-3-19
SO842,CC842,C842,PC842,10842,2018-3-19
SO843,CC843,C843,PC843,10843,2018-3-19
SO844,CC844,C844,PC844,10844,2018-3-19
SO845,CC845,C845,PC845,10845,2018-3-19
SO846,CC846,C846,PC846,10846,2018-3-19
SO847,CC847,C847,PC847,10847,2018-3-19
SO848,CC848,C848,PC848,10848,2018-3-19
SO849,CC849,C849,PC849,10849,2018-3-19
SO850,CC850,C850,PC850,10850,2018-3-19
SO851,CC851,C851,PC851,10851,2018-3-19
SO852,CC852,C852,PC852,10852,2018-3-19
SO853,CC853,C853,PC853,10853,2018-3-19
SO854,CC854,C854,PC854,10854,2018-3-19
SO855,CC855,C855,PC855,10855,2018-3-19
SO856,CC856,C856,PC856,10856,2018-3-19
SO857,CC857,C857,PC857,10857,2018-3-19
SO858,CC858,C858,PC858,10858,2018-3-19
SO859,CC859,C859,PC859,10859,2018-3-19
SO860,CC860,C860,PC860,10860,2018-3-19
SO861,CC861,C861,PC861,10861,2018-3-19
SO862,CC862,C862,PC862,10862,2018-3-19
SO863,CC863,C863,PC863,10863,2018-3-19
SO864,CC864,C864,PC864,10864,2018-3-19
SO865,CC865,C865,PC865,10865,2018-3-19
SO866,CC866,C866,PC866,10866,2018-3-19
SO867,CC867,C867,PC867,10867,2018-3-19
SO868,CC868,C868,PC868,10868,2018-3-19
SO869,CC869,C869,PC869,10869,2018-3-19
SO870,CC870,C870,PC870,10870,2018-3-19
SO871,CC871,C871,PC871,10871,2018-3-19
SO872,CC872,C872,PC872,10872,2018-3-19
SO873,CC873,C873,PC873,10873,2018-3-19
SO874,CC874,C874,PC874,10874,2018-3-19
SO875,CC875,C875,PC875,10875,2018-3-19
SO876,CC876,C876,PC876,10876,2018-3-19
SO877,CC877,C877,PC877,10877,2018-3-19
SO878,CC878,C878,PC878,10878,2018-3-19
SO879,CC879,C879,PC879,10879,2018-3-19
SO880,CC880,C880,PC880,10880,2018-3-19
SO881,CC881,C881,PC881,10881,2018-3-19
SO882,CC882,C882,PC882,10882,2018-3-19
SO883,CC883,C883,PC883,10883,2018-3-19
SO884,CC884,C884,PC884,10884,2018-3-19
SO885,CC885,C885,PC885,10885,2018-3-19
SO886,CC886,C886,PC886,10886,2018-3-19
SO887,CC887,C887,PC887,10887,2018-3-19
SO888,CC888,C888,PC888,10888,2018-3-19
SO889,CC889,C889,PC889,10889,2018-3-19
SO890,CC890,C890,PC890,10890,2018-3-19
SO891,CC891,C891,PC891,10891,2018-3-19
SO892,CC892,C892,PC892,10892,2018-3-19
SO893,CC893,C893,PC893,10893,2018-3-19
SO894,CC894,C894,PC894,10894,2018-3-19
SO895,CC895,C895,PC895,10895,2018-3-19
SO896,CC896,C896,PC896,10896,2018-3-19
SO897,CC897,C897,PC897,10897,2018-3-19
SO898,CC898,C898,PC898,10898,2018-3-19
SO899,CC899,C899,PC899,10899,2018-3-19
SO900,CC900,C900,PC900,10900,2018-3-19
SO901,CC901,C901,PC901,10901,2018-3-19
SO902,CC902,C902,PC902,10902,2018-3-19
SO903,CC903,C903,PC903,10903,2018-3-19
SO904,CC904,C904,PC904,10904,2018-3-19
SO905,CC905,C905,PC905,10905,2018-3-19
SO906,CC906,C906,PC906,10906,2018-3-19
SO907,CC907,C907,PC907,10907,2018-3-19
SO908,CC908,C908,PC908,10908,2018-3-19
SO909,CC909,C909,PC909,10909,2018-3-19
SO910,CC910,C910,PC910,10910,2018-3-19
SO911,CC911,C911,PC911,10911,2018-3-19
SO912,CC912,C912,PC912,10912,2018-3-19
SO913,CC913,C913,PC913,10913,2018-3-19
SO914,CC914,C914,PC914,10914,2018-3-19
SO915,CC915,C915,PC915,10915,2018-3-19
SO916,CC916,C916,PC916,10916,2018-3-19
SO917,CC917,C917,PC917,10917,2018-3-19
SO918,CC918,C918,PC918,10918,2018-3-19
SO919,CC919,C919,PC919,10919,2018-3-19
SO920,CC920,C920,PC920,10920,2018-3-19
SO921,CC921,C921,PC921,10921,2018-3-19
SO922,CC922,C922,PC922,10922,2018-3-19
SO923,CC923,C923,PC923,10923,2018-3-19
SO924,CC924,C924,PC924,10924,2018-3-19
SO925,CC925,C925,PC925,10925,2018-3-19
SO926,CC926,C926,PC926,10926,2018-3-19
SO927,CC927,C927,PC927,10927,2018-3-19
SO928,CC928,C928,PC928,10928,2018-3-19
SO929,CC929,C929,PC929,10929,2018-3-19
SO930,CC930,C930,PC930,10930,2018-3-19
SO931,CC931,C931,PC931,10931,2018-3-19
SO932,CC932,C932,PC932,10932,2018-3-19
SO933,CC933,C933,PC933,10933,2018-3-19
SO934,CC934,C934,PC934,10934,2018-3-19
SO935,CC935,C935,PC935,10935,2018-3-19
SO936,CC936,C936,PC936,10936,2018-3-19
SO937,CC937,C937,PC937,10937,2018-3-19
SO938,CC938,C938,PC938,10938,2018-3-19
SO939,CC939,C939,PC939,10939,2018-3-19
SO940,CC940,C940,PC940,10940,2018-3-19
SO941,CC941,C941,PC941,10941,2018-3-19
SO942,CC942,C942,PC942,10942,2018-3-19
SO943,CC943,C943,PC943,10943,2018-3-19
SO944,CC944,C944,PC944,10944,2018-3-19
SO945,CC945,C945,PC945,10945,2018-3-19
SO946,CC946,C946,PC946,10946,2018-3-19
SO947,CC947,C947,PC947,10947,2018-3-19
SO948,CC948,C948,PC948,10948,2018-3-19
SO949,CC949,C949,PC949,10949,2018-3-19
SO950,CC950,C950,PC950,10950,2018-3-19
SO951,CC951,C951,PC951,10951,2018-3-19
SO952,CC952,C952,PC952,10952,2018-3-19
SO953,CC953,C953,PC953,10953,2018-3-19
SO954,CC954,C954,PC954,10954,2018-3-19
SO955,CC955,C955,PC955,10955,2018-3-19
SO956,CC956,C956,PC956,10956,2018-3-19
SO957,CC957,C957,PC957,10957,2018-3-19
SO958,CC958,C958,PC958,10958,2018-3-19
SO959,CC959,C959,PC959,10959,2018-3-19
SO960,CC960,C960,PC960,10960,2018-3-19
SO961,CC961,C961,PC961,10961,2018-3-19
SO962,CC962,C962,PC962,10962,2018-3-19
SO963,CC963,C963,PC963,10963,2018-3-19
SO964,CC964,C964,PC964,10964,2018-3-19
SO965,CC965,C965,PC965,10965,2018-3-19
SO966,CC966,C966,PC966,10966,2018-3-19
SO967,CC967,C967,PC967,10967,2018-3-19
SO968,CC968,C968,PC968,10968,2018-3-19
SO969,CC969,C969,PC969,10969,2018-3-19
SO970,CC970,C970,PC970,10970,2018-3-19
SO971,CC971,C971,PC971,10971,2018-3-19
SO972,CC972,C972,PC972,10972,2018-3-19
SO973,CC973,C973,PC973,10973,2018-3-19
SO974,CC974,C974,PC974,10974,2018-3-19
SO975,CC975,C975,PC975,10975,2018-3-19
SO976,CC976,C976,PC976,10976,2018-3-19
SO977,CC977,C977,PC977,10977,2018-3-19
SO978,CC978,C978,PC978,10978,2018-3-19
SO979,CC979,C979,PC979,10979,2018-3-19
SO980,CC980,C980,PC980,10980,2018-3-19
SO981,CC981,C981,PC981,10981,2018-3-19
SO982,CC982,C982,PC982,10982,2018-3-19
SO983,CC983,C983,PC983,10983,2018-3-19
SO984,CC984,C984,PC984,10984,2018-3-19
SO985,CC985,C985,PC985,10985,2018-3-19
SO986,CC986,C986,PC986,10986,2018-3-19
SO987,CC987,C987,PC987,10987,2018-3-19
SO988,CC988,C988,PC988,10988,2018-3-19
SO989,CC989,C989,PC989,10989,2018-3-19
SO990,CC990,C990,PC990,10990,2018-3-19
SO991,CC991,C991,PC991,10991,2018-3-19
SO992,CC992,C992,PC992,10992,2018-3-19
SO993,CC993,C993,PC993,10993,2018-3-19
SO994,CC994,C994,PC994,10994,2018-3-19
SO995,CC995,C995,PC995,10995,2018-3-19
SO996,CC996,C996,PC996,10996,2018-3-19
SO997,CC997,C997,PC997,10997,2018-3-19
SO998,CC998,C998,PC998,10998,2018-3-19
SO999,CC999,C999,PC999,10999,2018-3-19
SO1000,CC1000,C1000,PC1000,101000,2018-3-19