so_no,customer_code,co_ords,dispatched_id,delivery_date,product_code,qty_delivered,production_lotNo,expiry_date
SO1,CC1,C1,DI1,2018-3-19,PC1,101,PL1,2019-1-18
SO2,CC2,C2,DI2,2018-3-19,PC2,102,PL2,2019-1-18
SO3,CC3,C3,DI3,2018-3-19,PC3,103,PL3,2019-1-18
SO4,CC4,C4,DI4,2018-3-19,PC4,104,PL4,2019-1-18
SO5,CC5,C5,DI5,2018-3-19,PC5,105,PL5,2019-1-18
SO6,CC6,C6,DI6,2018-3-19,PC6,106,PL6,2019-1-18
SO7,CC7,C7,DI7,2018-3-19,PC7,107,PL7,2019-1-18
SO8,CC8,C8,DI8,2018-3-19,PC8,108,PL8,2019-1-18
SO9,CC9,C9,DI9,2018-3-19,PC9,109,PL9,2019-1-18
SO10,CC10,C10,DI10,2018-3-19,PC10,1010,PL10,2019-1-18
SO11,CC11,C11,DI11,2018-3-19,PC11,1011,PL11,2019-1-18
SO12,CC12,C12,DI12,2018-3-19,PC12,1012,PL12,2019-1-18
SO13,CC13,C13,DI13,2018-3-19,PC13,1013,PL13,2019-1-18
SO14,CC14,C14,DI14,2018-3-19,PC14,1014,PL14,2019-1-18
SO15,CC15,C15,DI15,2018-3-19,PC15,1015,PL15,2019-1-18
SO16,CC16,C16,DI16,2018-3-19,PC16,1016,PL16,2019-1-18
SO17,CC17,C17,DI17,2018-3-19,PC17,1017,PL17,2019-1-18
SO18,CC18,C18,DI18,2018-3-19,PC18,1018,PL18,2019-1-18
SO19,CC19,C19,DI19,2018-3-19,PC19,1019,PL19,2019-1-18
SO20,CC20,C20,DI20,2018-3-19,PC20,1020,PL20,2019-1-18
SO21,CC21,C21,DI21,2018-3-19,PC21,1021,PL21,2019-1-18
SO22,CC22,C22,DI22,2018-3-19,PC22,1022,PL22,2019-1-18
SO23,CC23,C23,DI23,2018-3-19,PC23,1023,PL23,2019-1-18
SO24,CC24,C24,DI24,2018-3-19,PC24,1024,PL24,2019-1-18
SO25,CC25,C25,DI25,2018-3-19,PC25,1025,PL25,2019-1-18
SO26,CC26,C26,DI26,2018-3-19,PC26,1026,PL26,2019-1-18
SO27,CC27,C27,DI27,2018-3-19,PC27,1027,PL27,2019-1-18
SO28,CC28,C28,DI28,2018-3-19,PC28,1028,PL28,2019-1-18
SO29,CC29,C29,DI29,2018-3-19,PC29,1029,PL29,2019-1-18
SO30,CC30,C30,DI30,2018-3-19,PC30,1030,PL30,2019-1-18
SO31,CC31,C31,DI31,2018-3-19,PC31,1031,PL31,2019-1-18
SO32,CC32,C32,DI32,2018-3-19,PC32,1032,PL32,2019-1-18
SO33,CC33,C33,DI33,2018-3-19,PC33,1033,PL33,2019-1-18
SO34,CC34,C34,DI34,2018-3-19,PC34,1034,PL34,2019-1-18
SO35,CC35,C35,DI35,2018-3-19,PC35,1035,PL35,2019-1-18
SO36,CC36,C36,DI36,2018-3-19,PC36,1036,PL36,2019-1-18
SO37,CC37,C37,DI37,2018-3-19,PC37,1037,PL37,2019-1-18
SO38,CC38,C38,DI38,2018-3-19,PC38,1038,PL38,2019-1-18
SO39,CC39,C39,DI39,2018-3-19,PC39,1039,PL39,2019-1-18
SO40,CC40,C40,DI40,2018-3-19,PC40,1040,PL40,2019-1-18
SO41,CC41,C41,DI41,2018-3-19,PC41,1041,PL41,2019-1-18
SO42,CC42,C42,DI42,2018-3-19,PC42,1042,PL42,2019-1-18
SO43,CC43,C43,DI43,2018-3-19,PC43,1043,PL43,2019-1-18
SO44,CC44,C44,DI44,2018-3-19,PC44,1044,PL44,2019-1-18
SO45,CC45,C45,DI45,2018-3-19,PC45,1045,PL45,2019-1-18
SO46,CC46,C46,DI46,2018-3-19,PC46,1046,PL46,2019-1-18
SO47,CC47,C47,DI47,2018-3-19,PC47,1047,PL47,2019-1-18
SO48,CC48,C48,DI48,2018-3-19,PC48,1048,PL48,2019-1-18
SO49,CC49,C49,DI49,2018-3-19,PC49,1049,PL49,2019-1-18
SO50,CC50,C50,DI50,2018-3-19,PC50,1050,PL50,2019-1-18
SO51,CC51,C51,DI51,2018-3-19,PC51,1051,PL51,2019-1-18
SO52,CC52,C52,DI52,2018-3-19,PC52,1052,PL52,2019-1-18
SO53,CC53,C53,DI53,2018-3-19,PC53,1053,PL53,2019-1-18
SO54,CC54,C54,DI54,2018-3-19,PC54,1054,PL54,2019-1-18
SO55,CC55,C55,DI55,2018-3-19,PC55,1055,PL55,2019-1-18
SO56,CC56,C56,DI56,2018-3-19,PC56,1056,PL56,2019-1-18
SO57,CC57,C57,DI57,2018-3-19,PC57,1057,PL57,2019-1-18
SO58,CC58,C58,DI58,2018-3-19,PC58,1058,PL58,2019-1-18
SO59,CC59,C59,DI59,2018-3-19,PC59,1059,PL59,2019-1-18
SO60,CC60,C60,DI60,2018-3-19,PC60,1060,PL60,2019-1-18
SO61,CC61,C61,DI61,2018-3-19,PC61,1061,PL61,2019-1-18
SO62,CC62,C62,DI62,2018-3-19,PC62,1062,PL62,2019-1-18
SO63,CC63,C63,DI63,2018-3-19,PC63,1063,PL63,2019-1-18
SO64,CC64,C64,DI64,2018-3-19,PC64,1064,PL64,2019-1-18
SO65,CC65,C65,DI65,2018-3-19,PC65,1065,PL65,2019-1-18
SO66,CC66,C66,DI66,2018-3-19,PC66,1066,PL66,2019-1-18
SO67,CC67,C67,DI67,2018-3-19,PC67,1067,PL67,2019-1-18
SO68,CC68,C68,DI68,2018-3-19,PC68,1068,PL68,2019-1-18
SO69,CC69,C69,DI69,2018-3-19,PC69,1069,PL69,2019-1-18
SO70,CC70,C70,DI70,2018-3-19,PC70,1070,PL70,2019-1-18
SO71,CC71,C71,DI71,2018-3-19,PC71,1071,PL71,2019-1-18
SO72,CC72,C72,DI72,2018-3-19,PC72,1072,PL72,2019-1-18
SO73,CC73,C73,DI73,2018-3-19,PC73,1073,PL73,2019-1-18
SO74,CC74,C74,DI74,2018-3-19,PC74,1074,PL74,2019-1-18
SO75,CC75,C75,DI75,2018-3-19,PC75,1075,PL75,2019-1-18
SO76,CC76,C76,DI76,2018-3-19,PC76,1076,PL76,2019-1-18
SO77,CC77,C77,DI77,2018-3-19,PC77,1077,PL77,2019-1-18
SO78,CC78,C78,DI78,2018-3-19,PC78,1078,PL78,2019-1-18
SO79,CC79,C79,DI79,2018-3-19,PC79,1079,PL79,2019-1-18
SO80,CC80,C80,DI80,2018-3-19,PC80,1080,PL80,2019-1-18
SO81,CC81,C81,DI81,2018-3-19,PC81,1081,PL81,2019-1-18
SO82,CC82,C82,DI82,2018-3-19,PC82,1082,PL82,2019-1-18
SO83,CC83,C83,DI83,2018-3-19,PC83,1083,PL83,2019-1-18
SO84,CC84,C84,DI84,2018-3-19,PC84,1084,PL84,2019-1-18
SO85,CC85,C85,DI85,2018-3-19,PC85,1085,PL85,2019-1-18
SO86,CC86,C86,DI86,2018-3-19,PC86,1086,PL86,2019-1-18
SO87,CC87,C87,DI87,2018-3-19,PC87,1087,PL87,2019-1-18
SO88,CC88,C88,DI88,2018-3-19,PC88,1088,PL88,2019-1-18
SO89,CC89,C89,DI89,2018-3-19,PC89,1089,PL89,2019-1-18
SO90,CC90,C90,DI90,2018-3-19,PC90,1090,PL90,2019-1-18
SO91,CC91,C91,DI91,2018-3-19,PC91,1091,PL91,2019-1-18
SO92,CC92,C92,DI92,2018-3-19,PC92,1092,PL92,2019-1-18
SO93,CC93,C93,DI93,2018-3-19,PC93,1093,PL93,2019-1-18
SO94,CC94,C94,DI94,2018-3-19,PC94,1094,PL94,2019-1-18
SO95,CC95,C95,DI95,2018-3-19,PC95,1095,PL95,2019-1-18
SO96,CC96,C96,DI96,2018-3-19,PC96,1096,PL96,2019-1-18
SO97,CC97,C97,DI97,2018-3-19,PC97,1097,PL97,2019-1-18
SO98,CC98,C98,DI98,2018-3-19,PC98,1098,PL98,2019-1-18
SO99,CC99,C99,DI99,2018-3-19,PC99,1099,PL99,2019-1-18
SO100,CC100,C100,DI100,2018-3-19,PC100,10100,PL100,2019-1-18
SO101,CC101,C101,DI101,2018-3-19,PC101,10101,PL101,2019-1-18
SO102,CC102,C102,DI102,2018-3-19,PC102,10102,PL102,2019-1-18
SO103,CC103,C103,DI103,2018-3-19,PC103,10103,PL103,2019-1-18
SO104,CC104,C104,DI104,2018-3-19,PC104,10104,PL104,2019-1-18
SO105,CC105,C105,DI105,2018-3-19,PC105,10105,PL105,2019-1-18
SO106,CC106,C106,DI106,2018-3-19,PC106,10106,PL106,2019-1-18
SO107,CC107,C107,DI107,2018-3-19,PC107,10107,PL107,2019-1-18
SO108,CC108,C108,DI108,2018-3-19,PC108,10108,PL108,2019-1-18
SO109,CC109,C109,DI109,2018-3-19,PC109,10109,PL109,2019-1-18
SO110,CC110,C110,DI110,2018-3-19,PC110,10110,PL110,2019-1-18
SO111,CC111,C111,DI111,2018-3-19,PC111,10111,PL111,2019-1-18
SO112,CC112,C112,DI112,2018-3-19,PC112,10112,PL112,2019-1-18
SO113,CC113,C113,DI113,2018-3-19,PC113,10113,PL113,2019-1-18
SO114,CC114,C114,DI114,2018-3-19,PC114,10114,PL114,2019-1-18
SO115,CC115,C115,DI115,2018-3-19,PC115,10115,PL115,2019-1-18
SO116,CC116,C116,DI116,2018-3-19,PC116,10116,PL116,2019-1-18
SO117,CC117,C117,DI117,2018-3-19,PC117,10117,PL117,2019-1-18
SO118,CC118,C118,DI118,2018-3-19,PC118,10118,PL118,2019-1-18
SO119,CC119,C119,DI119,2018-3-19,PC119,10119,PL119,2019-1-18
SO120,CC120,C120,DI120,2018-3-19,PC120,10120,PL120,2019-1-18
SO121,CC121,C121,DI121,2018-3-19,PC121,10121,PL121,2019-1-18
SO122,CC122,C122,DI122,2018-3-19,PC122,10122,PL122,2019-1-18
SO123,CC123,C123,DI123,2018-3-19,PC123,10123,PL123,2019-1-18
SO124,CC124,C124,DI124,2018-3-19,PC124,10124,PL124,2019-1-18
SO125,CC125,C125,DI125,2018-3-19,PC125,10125,PL125,2019-1-18
SO126,CC126,C126,DI126,2018-3-19,PC126,10126,PL126,2019-1-18
SO127,CC127,C127,DI127,2018-3-19,PC127,10127,PL127,2019-1-18
SO128,CC128,C128,DI128,2018-3-19,PC128,10128,PL128,2019-1-18
SO129,CC129,C129,DI129,2018-3-19,PC129,10129,PL129,2019-1-18
SO130,CC130,C130,DI130,2018-3-19,PC130,10130,PL130,2019-1-18
SO131,CC131,C131,DI131,2018-3-19,PC131,10131,PL131,2019-1-18
SO132,CC132,C132,DI132,2018-3-19,PC132,10132,PL132,2019-1-18
SO133,CC133,C133,DI133,2018-3-19,PC133,10133,PL133,2019-1-18
SO134,CC134,C134,DI134,2018-3-19,PC134,10134,PL134,2019-1-18
SO135,CC135,C135,DI135,2018-3-19,PC135,10135,PL135,2019-1-18
SO136,CC136,C136,DI136,2018-3-19,PC136,10136,PL136,2019-1-18
SO137,CC137,C137,DI137,2018-3-19,PC137,10137,PL137,2019-1-18
SO138,CC138,C138,DI138,2018-3-19,PC138,10138,PL138,2019-1-18
SO139,CC139,C139,DI139,2018-3-19,PC139,10139,PL139,2019-1-18
SO140,CC140,C140,DI140,2018-3-19,PC140,10140,PL140,2019-1-18
SO141,CC141,C141,DI141,2018-3-19,PC141,10141,PL141,2019-1-18
SO142,CC142,C142,DI142,2018-3-19,PC142,10142,PL142,2019-1-18
SO143,CC143,C143,DI143,2018-3-19,PC143,10143,PL143,2019-1-18
SO144,CC144,C144,DI144,2018-3-19,PC144,10144,PL144,2019-1-18
SO145,CC145,C145,DI145,2018-3-19,PC145,10145,PL145,2019-1-18
SO146,CC146,C146,DI146,2018-3-19,PC146,10146,PL146,2019-1-18
SO147,CC147,C147,DI147,2018-3-19,PC147,10147,PL147,2019-1-18
SO148,CC148,C148,DI148,2018-3-19,PC148,10148,PL148,2019-1-18
SO149,CC149,C149,DI149,2018-3-19,PC149,10149,PL149,2019-1-18
SO150,CC150,C150,DI150,2018-3-19,PC150,10150,PL150,2019-1-18
SO151,CC151,C151,DI151,2018-3-19,PC151,10151,PL151,2019-1-18
SO152,CC152,C152,DI152,2018-3-19,PC152,10152,PL152,2019-1-18
SO153,CC153,C153,DI153,2018-3-19,PC153,10153,PL153,2019-1-18
SO154,CC154,C154,DI154,2018-3-19,PC154,10154,PL154,2019-1-18
SO155,CC155,C155,DI155,2018-3-19,PC155,10155,PL155,2019-1-18
SO156,CC156,C156,DI156,2018-3-19,PC156,10156,PL156,2019-1-18
SO157,CC157,C157,DI157,2018-3-19,PC157,10157,PL157,2019-1-18
SO158,CC158,C158,DI158,2018-3-19,PC158,10158,PL158,2019-1-18
SO159,CC159,C159,DI159,2018-3-19,PC159,10159,PL159,2019-1-18
SO160,CC160,C160,DI160,2018-3-19,PC160,10160,PL160,2019-1-18
SO161,CC161,C161,DI161,2018-3-19,PC161,10161,PL161,2019-1-18
SO162,CC162,C162,DI162,2018-3-19,PC162,10162,PL162,2019-1-18
SO163,CC163,C163,DI163,2018-3-19,PC163,10163,PL163,2019-1-18
SO164,CC164,C164,DI164,2018-3-19,PC164,10164,PL164,2019-1-18
SO165,CC165,C165,DI165,2018-3-19,PC165,10165,PL165,2019-1-18
SO166,CC166,C166,DI166,2018-3-19,PC166,10166,PL166,2019-1-18
SO167,CC167,C167,DI167,2018-3-19,PC167,10167,PL167,2019-1-18
SO168,CC168,C168,DI168,2018-3-19,PC168,10168,PL168,2019-1-18
SO169,CC169,C169,DI169,2018-3-19,PC169,10169,PL169,2019-1-18
SO170,CC170,C170,DI170,2018-3-19,PC170,10170,PL170,2019-1-18
SO171,CC171,C171,DI171,2018-3-19,PC171,10171,PL171,2019-1-18
SO172,CC172,C172,DI172,2018-3-19,PC172,10172,PL172,2019-1-18
SO173,CC173,C173,DI173,2018-3-19,PC173,10173,PL173,2019-1-18
SO174,CC174,C174,DI174,2018-3-19,PC174,10174,PL174,2019-1-18
SO175,CC175,C175,DI175,2018-3-19,PC175,10175,PL175,2019-1-18
SO176,CC176,C176,DI176,2018-3-19,PC176,10176,PL176,2019-1-18
SO177,CC177,C177,DI177,2018-3-19,PC177,10177,PL177,2019-1-18
SO178,CC178,C178,DI178,2018-3-19,PC178,10178,PL178,2019-1-18
SO179,CC179,C179,DI179,2018-3-19,PC179,10179,PL179,2019-1-18
SO180,CC180,C180,DI180,2018-3-19,PC180,10180,PL180,2019-1-18
SO181,CC181,C181,DI181,2018-3-19,PC181,10181,PL181,2019-1-18
SO182,CC182,C182,DI182,2018-3-19,PC182,10182,PL182,2019-1-18
SO183,CC183,C183,DI183,2018-3-19,PC183,10183,PL183,2019-1-18
SO184,CC184,C184,DI184,2018-3-19,PC184,10184,PL184,2019-1-18
SO185,CC185,C185,DI185,2018-3-19,PC185,10185,PL185,2019-1-18
SO186,CC186,C186,DI186,2018-3-19,PC186,10186,PL186,2019-1-18
SO187,CC187,C187,DI187,2018-3-19,PC187,10187,PL187,2019-1-18
SO188,CC188,C188,DI188,2018-3-19,PC188,10188,PL188,2019-1-18
SO189,CC189,C189,DI189,2018-3-19,PC189,10189,PL189,2019-1-18
SO190,CC190,C190,DI190,2018-3-19,PC190,10190,PL190,2019-1-18
SO191,CC191,C191,DI191,2018-3-19,PC191,10191,PL191,2019-1-18
SO192,CC192,C192,DI192,2018-3-19,PC192,10192,PL192,2019-1-18
SO193,CC193,C193,DI193,2018-3-19,PC193,10193,PL193,2019-1-18
SO194,CC194,C194,DI194,2018-3-19,PC194,10194,PL194,2019-1-18
SO195,CC195,C195,DI195,2018-3-19,PC195,10195,PL195,2019-1-18
SO196,CC196,C196,DI196,2018-3-19,PC196,10196,PL196,2019-1-18
SO197,CC197,C197,DI197,2018-3-19,PC197,10197,PL197,2019-1-18
SO198,CC198,C198,DI198,2018-3-19,PC198,10198,PL198,2019-1-18
SO199,CC199,C199,DI199,2018-3-19,PC199,10199,PL199,2019-1-18
SO200,CC200,C200,DI200,2018-3-19,PC200,10200,PL200,2019-1-18
SO201,CC201,C201,DI201,2018-3-19,PC201,10201,PL201,2019-1-18
SO202,CC202,C202,DI202,2018-3-19,PC202,10202,PL202,2019-1-18
SO203,CC203,C203,DI203,2018-3-19,PC203,10203,PL203,2019-1-18
SO204,CC204,C204,DI204,2018-3-19,PC204,10204,PL204,2019-1-18
SO205,CC205,C205,DI205,2018-3-19,PC205,10205,PL205,2019-1-18
SO206,CC206,C206,DI206,2018-3-19,PC206,10206,PL206,2019-1-18
SO207,CC207,C207,DI207,2018-3-19,PC207,10207,PL207,2019-1-18
SO208,CC208,C208,DI208,2018-3-19,PC208,10208,PL208,2019-1-18
SO209,CC209,C209,DI209,2018-3-19,PC209,10209,PL209,2019-1-18
SO210,CC210,C210,DI210,2018-3-19,PC210,10210,PL210,2019-1-18
SO211,CC211,C211,DI211,2018-3-19,PC211,10211,PL211,2019-1-18
SO212,CC212,C212,DI212,2018-3-19,PC212,10212,PL212,2019-1-18
SO213,CC213,C213,DI213,2018-3-19,PC213,10213,PL213,2019-1-18
SO214,CC214,C214,DI214,2018-3-19,PC214,10214,PL214,2019-1-18
SO215,CC215,C215,DI215,2018-3-19,PC215,10215,PL215,2019-1-18
SO216,CC216,C216,DI216,2018-3-19,PC216,10216,PL216,2019-1-18
SO217,CC217,C217,DI217,2018-3-19,PC217,10217,PL217,2019-1-18
SO218,CC218,C218,DI218,2018-3-19,PC218,10218,PL218,2019-1-18
SO219,CC219,C219,DI219,2018-3-19,PC219,10219,PL219,2019-1-18
SO220,CC220,C220,DI220,2018-3-19,PC220,10220,PL220,2019-1-18
SO221,CC221,C221,DI221,2018-3-19,PC221,10221,PL221,2019-1-18
SO222,CC222,C222,DI222,2018-3-19,PC222,10222,PL222,2019-1-18
SO223,CC223,C223,DI223,2018-3-19,PC223,10223,PL223,2019-1-18
SO224,CC224,C224,DI224,2018-3-19,PC224,10224,PL224,2019-1-18
SO225,CC225,C225,DI225,2018-3-19,PC225,10225,PL225,2019-1-18
SO226,CC226,C226,DI226,2018-3-19,PC226,10226,PL226,2019-1-18
SO227,CC227,C227,DI227,2018-3-19,PC227,10227,PL227,2019-1-18
SO228,CC228,C228,DI228,2018-3-19,PC228,10228,PL228,2019-1-18
SO229,CC229,C229,DI229,2018-3-19,PC229,10229,PL229,2019-1-18
SO230,CC230,C230,DI230,2018-3-19,PC230,10230,PL230,2019-1-18
SO231,CC231,C231,DI231,2018-3-19,PC231,10231,PL231,2019-1-18
SO232,CC232,C232,DI232,2018-3-19,PC232,10232,PL232,2019-1-18
SO233,CC233,C233,DI233,2018-3-19,PC233,10233,PL233,2019-1-18
SO234,CC234,C234,DI234,2018-3-19,PC234,10234,PL234,2019-1-18
SO235,CC235,C235,DI235,2018-3-19,PC235,10235,PL235,2019-1-18
SO236,CC236,C236,DI236,2018-3-19,PC236,10236,PL236,2019-1-18
SO237,CC237,C237,DI237,2018-3-19,PC237,10237,PL237,2019-1-18
SO238,CC238,C238,DI238,2018-3-19,PC238,10238,PL238,2019-1-18
SO239,CC239,C239,DI239,2018-3-19,PC239,10239,PL239,2019-1-18
SO240,CC240,C240,DI240,2018-3-19,PC240,10240,PL240,2019-1-18
SO241,CC241,C241,DI241,2018-3-19,PC241,10241,PL241,2019-1-18
SO242,CC242,C242,DI242,2018-3-19,PC242,10242,PL242,2019-1-18
SO243,CC243,C243,DI243,2018-3-19,PC243,10243,PL243,2019-1-18
SO244,CC244,C244,DI244,2018-3-19,PC244,10244,PL244,2019-1-18
SO245,CC245,C245,DI245,2018-3-19,PC245,10245,PL245,2019-1-18
SO246,CC246,C246,DI246,2018-3-19,PC246,10246,PL246,2019-1-18
SO247,CC247,C247,DI247,2018-3-19,PC247,10247,PL247,2019-1-18
SO248,CC248,C248,DI248,2018-3-19,PC248,10248,PL248,2019-1-18
SO249,CC249,C249,DI249,2018-3-19,PC249,10249,PL249,2019-1-18
SO250,CC250,C250,DI250,2018-3-19,PC250,10250,PL250,2019-1-18
SO251,CC251,C251,DI251,2018-3-19,PC251,10251,PL251,2019-1-18
SO252,CC252,C252,DI252,2018-3-19,PC252,10252,PL252,2019-1-18
SO253,CC253,C253,DI253,2018-3-19,PC253,10253,PL253,2019-1-18
SO254,CC254,C254,DI254,2018-3-19,PC254,10254,PL254,2019-1-18
SO255,CC255,C255,DI255,2018-3-19,PC255,10255,PL255,2019-1-18
SO256,CC256,C256,DI256,2018-3-19,PC256,10256,PL256,2019-1-18
SO257,CC257,C257,DI257,2018-3-19,PC257,10257,PL257,2019-1-18
SO258,CC258,C258,DI258,2018-3-19,PC258,10258,PL258,2019-1-18
SO259,CC259,C259,DI259,2018-3-19,PC259,10259,PL259,2019-1-18
SO260,CC260,C260,DI260,2018-3-19,PC260,10260,PL260,2019-1-18
SO261,CC261,C261,DI261,2018-3-19,PC261,10261,PL261,2019-1-18
SO262,CC262,C262,DI262,2018-3-19,PC262,10262,PL262,2019-1-18
SO263,CC263,C263,DI263,2018-3-19,PC263,10263,PL263,2019-1-18
SO264,CC264,C264,DI264,2018-3-19,PC264,10264,PL264,2019-1-18
SO265,CC265,C265,DI265,2018-3-19,PC265,10265,PL265,2019-1-18
SO266,CC266,C266,DI266,2018-3-19,PC266,10266,PL266,2019-1-18
SO267,CC267,C267,DI267,2018-3-19,PC267,10267,PL267,2019-1-18
SO268,CC268,C268,DI268,2018-3-19,PC268,10268,PL268,2019-1-18
SO269,CC269,C269,DI269,2018-3-19,PC269,10269,PL269,2019-1-18
SO270,CC270,C270,DI270,2018-3-19,PC270,10270,PL270,2019-1-18
SO271,CC271,C271,DI271,2018-3-19,PC271,10271,PL271,2019-1-18
SO272,CC272,C272,DI272,2018-3-19,PC272,10272,PL272,2019-1-18
SO273,CC273,C273,DI273,2018-3-19,PC273,10273,PL273,2019-1-18
SO274,CC274,C274,DI274,2018-3-19,PC274,10274,PL274,2019-1-18
SO275,CC275,C275,DI275,2018-3-19,PC275,10275,PL275,2019-1-18
SO276,CC276,C276,DI276,2018-3-19,PC276,10276,PL276,2019-1-18
SO277,CC277,C277,DI277,2018-3-19,PC277,10277,PL277,2019-1-18
SO278,CC278,C278,DI278,2018-3-19,PC278,10278,PL278,2019-1-18
SO279,CC279,C279,DI279,2018-3-19,PC279,10279,PL279,2019-1-18
SO280,CC280,C280,DI280,2018-3-19,PC280,10280,PL280,2019-1-18
SO281,CC281,C281,DI281,2018-3-19,PC281,10281,PL281,2019-1-18
SO282,CC282,C282,DI282,2018-3-19,PC282,10282,PL282,2019-1-18
SO283,CC283,C283,DI283,2018-3-19,PC283,10283,PL283,2019-1-18
SO284,CC284,C284,DI284,2018-3-19,PC284,10284,PL284,2019-1-18
SO285,CC285,C285,DI285,2018-3-19,PC285,10285,PL285,2019-1-18
SO286,CC286,C286,DI286,2018-3-19,PC286,10286,PL286,2019-1-18
SO287,CC287,C287,DI287,2018-3-19,PC287,10287,PL287,2019-1-18
SO288,CC288,C288,DI288,2018-3-19,PC288,10288,PL288,2019-1-18
SO289,CC289,C289,DI289,2018-3-19,PC289,10289,PL289,2019-1-18
SO290,CC290,C290,DI290,2018-3-19,PC290,10290,PL290,2019-1-18
SO291,CC291,C291,DI291,2018-3-19,PC291,10291,PL291,2019-1-18
SO292,CC292,C292,DI292,2018-3-19,PC292,10292,PL292,2019-1-18
SO293,CC293,C293,DI293,2018-3-19,PC293,10293,PL293,2019-1-18
SO294,CC294,C294,DI294,2018-3-19,PC294,10294,PL294,2019-1-18
SO295,CC295,C295,DI295,2018-3-19,PC295,10295,PL295,2019-1-18
SO296,CC296,C296,DI296,2018-3-19,PC296,10296,PL296,2019-1-18
SO297,CC297,C297,DI297,2018-3-19,PC297,10297,PL297,2019-1-18
SO298,CC298,C298,DI298,2018-3-19,PC298,10298,PL298,2019-1-18
SO299,CC299,C299,DI299,2018-3-19,PC299,10299,PL299,2019-1-18
SO300,CC300,C300,DI300,2018-3-19,PC300,10300,PL300,2019-1-18
SO301,CC301,C301,DI301,2018-3-19,PC301,10301,PL301,2019-1-18
SO302,CC302,C302,DI302,2018-3-19,PC302,10302,PL302,2019-1-18
SO303,CC303,C303,DI303,2018-3-19,PC303,10303,PL303,2019-1-18
SO304,CC304,C304,DI304,2018-3-19,PC304,10304,PL304,2019-1-18
SO305,CC305,C305,DI305,2018-3-19,PC305,10305,PL305,2019-1-18
SO306,CC306,C306,DI306,2018-3-19,PC306,10306,PL306,2019-1-18
SO307,CC307,C307,DI307,2018-3-19,PC307,10307,PL307,2019-1-18
SO308,CC308,C308,DI308,2018-3-19,PC308,10308,PL308,2019-1-18
SO309,CC309,C309,DI309,2018-3-19,PC309,10309,PL309,2019-1-18
SO310,CC310,C310,DI310,2018-3-19,PC310,10310,PL310,2019-1-18
SO311,CC311,C311,DI311,2018-3-19,PC311,10311,PL311,2019-1-18
SO312,CC312,C312,DI312,2018-3-19,PC312,10312,PL312,2019-1-18
SO313,CC313,C313,DI313,2018-3-19,PC313,10313,PL313,2019-1-18
SO314,CC314,C314,DI314,2018-3-19,PC314,10314,PL314,2019-1-18
SO315,CC315,C315,DI315,2018-3-19,PC315,10315,PL315,2019-1-18
SO316,CC316,C316,DI316,2018-3-19,PC316,10316,PL316,2019-1-18
SO317,CC317,C317,DI317,2018-3-19,PC317,10317,PL317,2019-1-18
SO318,CC318,C318,DI318,2018-3-19,PC318,10318,PL318,2019-1-18
SO319,CC319,C319,DI319,2018-3-19,PC319,10319,PL319,2019-1-18
SO320,CC320,C320,DI320,2018-3-19,PC320,10320,PL320,2019-1-18
SO321,CC321,C321,DI321,2018-3-19,PC321,10321,PL321,2019-1-18
SO322,CC322,C322,DI322,2018-3-19,PC322,10322,PL322,2019-1-18
SO323,CC323,C323,DI323,2018-3-19,PC323,10323,PL323,2019-1-18
SO324,CC324,C324,DI324,2018-3-19,PC324,10324,PL324,2019-1-18
SO325,CC325,C325,DI325,2018-3-19,PC325,10325,PL325,2019-1-18
SO326,CC326,C326,DI326,2018-3-19,PC326,10326,PL326,2019-1-18
SO327,CC327,C327,DI327,2018-3-19,PC327,10327,PL327,2019-1-18
SO328,CC328,C328,DI328,2018-3-19,PC328,10328,PL328,2019-1-18
SO329,CC329,C329,DI329,2018-3-19,PC329,10329,PL329,2019-1-18
SO330,CC330,C330,DI330,2018-3-19,PC330,10330,PL330,2019-1-18
SO331,CC331,C331,DI331,2018-3-19,PC331,10331,PL331,2019-1-18
SO332,CC332,C332,DI332,2018-3-19,PC332,10332,PL332,2019-1-18
SO333,CC333,C333,DI333,2018-3-19,PC333,10333,PL333,2019-1-18
SO334,CC334,C334,DI334,2018-3-19,PC334,10334,PL334,2019-1-18
SO335,CC335,C335,DI335,2018-3-19,PC335,10335,PL335,2019-1-18
SO336,CC336,C336,DI336,2018-3-19,PC336,10336,PL336,2019-1-18
SO337,CC337,C337,DI337,2018-3-19,PC337,10337,PL337,2019-1-18
SO338,CC338,C338,DI338,2018-3-19,PC338,10338,PL338,2019-1-18
SO339,CC339,C339,DI339,2018-3-19,PC339,10339,PL339,2019-1-18
SO340,CC340,C340,DI340,2018-3-19,PC340,10340,PL340,2019-1-18
SO341,CC341,C341,DI341,2018-3-19,PC341,10341,PL341,2019-1-18
SO342,CC342,C342,DI342,2018-3-19,PC342,10342,PL342,2019-1-18
SO343,CC343,C343,DI343,2018-3-19,PC343,10343,PL343,2019-1-18
SO344,CC344,C344,DI344,2018-3-19,PC344,10344,PL344,2019-1-18
SO345,CC345,C345,DI345,2018-3-19,PC345,10345,PL345,2019-1-18
SO346,CC346,C346,DI346,2018-3-19,PC346,10346,PL346,2019-1-18
SO347,CC347,C347,DI347,2018-3-19,PC347,10347,PL347,2019-1-18
SO348,CC348,C348,DI348,2018-3-19,PC348,10348,PL348,2019-1-18
SO349,CC349,C349,DI349,2018-3-19,PC349,10349,PL349,2019-1-18
SO350,CC350,C350,DI350,2018-3-19,PC350,10350,PL350,2019-1-18
SO351,CC351,C351,DI351,2018-3-19,PC351,10351,PL351,2019-1-18
SO352,CC352,C352,DI352,2018-3-19,PC352,10352,PL352,2019-1-18
SO353,CC353,C353,DI353,2018-3-19,PC353,10353,PL353,2019-1-18
SO354,CC354,C354,DI354,2018-3-19,PC354,10354,PL354,2019-1-18
SO355,CC355,C355,DI355,2018-3-19,PC355,10355,PL355,2019-1-18
SO356,CC356,C356,DI356,2018-3-19,PC356,10356,PL356,2019-1-18
SO357,CC357,C357,DI357,2018-3-19,PC357,10357,PL357,2019-1-18
SO358,CC358,C358,DI358,2018-3-19,PC358,10358,PL358,2019-1-18
SO359,CC359,C359,DI359,2018-3-19,PC359,10359,PL359,2019-1-18
SO360,CC360,C360,DI360,2018-3-19,PC360,10360,PL360,2019-1-18
SO361,CC361,C361,DI361,2018-3-19,PC361,10361,PL361,2019-1-18
SO362,CC362,C362,DI362,2018-3-19,PC362,10362,PL362,2019-1-18
SO363,CC363,C363,DI363,2018-3-19,PC363,10363,PL363,2019-1-18
SO364,CC364,C364,DI364,2018-3-19,PC364,10364,PL364,2019-1-18
SO365,CC365,C365,DI365,2018-3-19,PC365,10365,PL365,2019-1-18
SO366,CC366,C366,DI366,2018-3-19,PC366,10366,PL366,2019-1-18
SO367,CC367,C367,DI367,2018-3-19,PC367,10367,PL367,2019-1-18
SO368,CC368,C368,DI368,2018-3-19,PC368,10368,PL368,2019-1-18
SO369,CC369,C369,DI369,2018-3-19,PC369,10369,PL369,2019-1-18
SO370,CC370,C370,DI370,2018-3-19,PC370,10370,PL370,2019-1-18
SO371,CC371,C371,DI371,2018-3-19,PC371,10371,PL371,2019-1-18
SO372,CC372,C372,DI372,2018-3-19,PC372,10372,PL372,2019-1-18
SO373,CC373,C373,DI373,2018-3-19,PC373,10373,PL373,2019-1-18
SO374,CC374,C374,DI374,2018-3-19,PC374,10374,PL374,2019-1-18
SO375,CC375,C375,DI375,2018-3-19,PC375,10375,PL375,2019-1-18
SO376,CC376,C376,DI376,2018-3-19,PC376,10376,PL376,2019-1-18
SO377,CC377,C377,DI377,2018-3-19,PC377,10377,PL377,2019-1-18
SO378,CC378,C378,DI378,2018-3-19,PC378,10378,PL378,2019-1-18
SO379,CC379,C379,DI379,2018-3-19,PC379,10379,PL379,2019-1-18
SO380,CC380,C380,DI380,2018-3-19,PC380,10380,PL380,2019-1-18
SO381,CC381,C381,DI381,2018-3-19,PC381,10381,PL381,2019-1-18
SO382,CC382,C382,DI382,2018-3-19,PC382,10382,PL382,2019-1-18
SO383,CC383,C383,DI383,2018-3-19,PC383,10383,PL383,2019-1-18
SO384,CC384,C384,DI384,2018-3-19,PC384,10384,PL384,2019-1-18
SO385,CC385,C385,DI385,2018-3-19,PC385,10385,PL385,2019-1-18
SO386,CC386,C386,DI386,2018-3-19,PC386,10386,PL386,2019-1-18
SO387,CC387,C387,DI387,2018-3-19,PC387,10387,PL387,2019-1-18
SO388,CC388,C388,DI388,2018-3-19,PC388,10388,PL388,2019-1-18
SO389,CC389,C389,DI389,2018-3-19,PC389,10389,PL389,2019-1-18
SO390,CC390,C390,DI390,2018-3-19,PC390,10390,PL390,2019-1-18
SO391,CC391,C391,DI391,2018-3-19,PC391,10391,PL391,2019-1-18
SO392,CC392,C392,DI392,2018-3-19,PC392,10392,PL392,2019-1-18
SO393,CC393,C393,DI393,2018-3-19,PC393,10393,PL393,2019-1-18
SO394,CC394,C394,DI394,2018-3-19,PC394,10394,PL394,2019-1-18
SO395,CC395,C395,DI395,2018-3-19,PC395,10395,PL395,2019-1-18
SO396,CC396,C396,DI396,2018-3-19,PC396,10396,PL396,2019-1-18
SO397,CC397,C397,DI397,2018-3-19,PC397,10397,PL397,2019-1-18
SO398,CC398,C398,DI398,2018-3-19,PC398,10398,PL398,2019-1-18
SO399,CC399,C399,DI399,2018-3-19,PC399,10399,PL399,2019-1-18
SO400,CC400,C400,DI400,2018-3-19,PC400,10400,PL400,2019-1-18
SO401,CC401,C401,DI401,2018-3-19,PC401,10401,PL401,2019-1-18
SO402,CC402,C402,DI402,2018-3-19,PC402,10402,PL402,2019-1-18
SO403,CC403,C403,DI403,2018-3-19,PC403,10403,PL403,2019-1-18
SO404,CC404,C404,DI404,2018-3-19,PC404,10404,PL404,2019-1-18
SO405,CC405,C405,DI405,2018-3-19,PC405,10405,PL405,2019-1-18
SO406,CC406,C406,DI406,2018-3-19,PC406,10406,PL406,2019-1-18
SO407,CC407,C407,DI407,2018-3-19,PC407,10407,PL407,2019-1-18
SO408,CC408,C408,DI408,2018-3-19,PC408,10408,PL408,2019-1-18
SO409,CC409,C409,DI409,2018-3-19,PC409,10409,PL409,2019-1-18
SO410,CC410,C410,DI410,2018-3-19,PC410,10410,PL410,2019-1-18
SO411,CC411,C411,DI411,2018-3-19,PC411,10411,PL411,2019-1-18
SO412,CC412,C412,DI412,2018-3-19,PC412,10412,PL412,2019-1-18
SO413,CC413,C413,DI413,2018-3-19,PC413,10413,PL413,2019-1-18
SO414,CC414,C414,DI414,2018-3-19,PC414,10414,PL414,2019-1-18
SO415,CC415,C415,DI415,2018-3-19,PC415,10415,PL415,2019-1-18
SO416,CC416,C416,DI416,2018-3-19,PC416,10416,PL416,2019-1-18
SO417,CC417,C417,DI417,2018-3-19,PC417,10417,PL417,2019-1-18
SO418,CC418,C418,DI418,2018-3-19,PC418,10418,PL418,2019-1-18
SO419,CC419,C419,DI419,2018-3-19,PC419,10419,PL419,2019-1-18
SO420,CC420,C420,DI420,2018-3-19,PC420,10420,PL420,2019-1-18
SO421,CC421,C421,DI421,2018-3-19,PC421,10421,PL421,2019-1-18
SO422,CC422,C422,DI422,2018-3-19,PC422,10422,PL422,2019-1-18
SO423,CC423,C423,DI423,2018-3-19,PC423,10423,PL423,2019-1-18
SO424,CC424,C424,DI424,2018-3-19,PC424,10424,PL424,2019-1-18
SO425,CC425,C425,DI425,2018-3-19,PC425,10425,PL425,2019-1-18
SO426,CC426,C426,DI426,2018-3-19,PC426,10426,PL426,2019-1-18
SO427,CC427,C427,DI427,2018-3-19,PC427,10427,PL427,2019-1-18
SO428,CC428,C428,DI428,2018-3-19,PC428,10428,PL428,2019-1-18
SO429,CC429,C429,DI429,2018-3-19,PC429,10429,PL429,2019-1-18
SO430,CC430,C430,DI430,2018-3-19,PC430,10430,PL430,2019-1-18
SO431,CC431,C431,DI431,2018-3-19,PC431,10431,PL431,2019-1-18
SO432,CC432,C432,DI432,2018-3-19,PC432,10432,PL432,2019-1-18
SO433,CC433,C433,DI433,2018-3-19,PC433,10433,PL433,2019-1-18
SO434,CC434,C434,DI434,2018-3-19,PC434,10434,PL434,2019-1-18
SO435,CC435,C435,DI435,2018-3-19,PC435,10435,PL435,2019-1-18
SO436,CC436,C436,DI436,2018-3-19,PC436,10436,PL436,2019-1-18
SO437,CC437,C437,DI437,2018-3-19,PC437,10437,PL437,2019-1-18
SO438,CC438,C438,DI438,2018-3-19,PC438,10438,PL438,2019-1-18
SO439,CC439,C439,DI439,2018-3-19,PC439,10439,PL439,2019-1-18
SO440,CC440,C440,DI440,2018-3-19,PC440,10440,PL440,2019-1-18
SO441,CC441,C441,DI441,2018-3-19,PC441,10441,PL441,2019-1-18
SO442,CC442,C442,DI442,2018-3-19,PC442,10442,PL442,2019-1-18
SO443,CC443,C443,DI443,2018-3-19,PC443,10443,PL443,2019-1-18
SO444,CC444,C444,DI444,2018-3-19,PC444,10444,PL444,2019-1-18
SO445,CC445,C445,DI445,2018-3-19,PC445,10445,PL445,2019-1-18
SO446,CC446,C446,DI446,2018-3-19,PC446,10446,PL446,2019-1-18
SO447,CC447,C447,DI447,2018-3-19,PC447,10447,PL447,2019-1-18
SO448,CC448,C448,DI448,2018-3-19,PC448,10448,PL448,2019-1-18
SO449,CC449,C449,DI449,2018-3-19,PC449,10449,PL449,2019-1-18
SO450,CC450,C450,DI450,2018-3-19,PC450,10450,PL450,2019-1-18
SO451,CC451,C451,DI451,2018-3-19,PC451,10451,PL451,2019-1-18
SO452,CC452,C452,DI452,2018-3-19,PC452,10452,PL452,2019-1-18
SO453,CC453,C453,DI453,2018-3-19,PC453,10453,PL453,2019-1-18
SO454,CC454,C454,DI454,2018-3-19,PC454,10454,PL454,2019-1-18
SO455,CC455,C455,DI455,2018-3-19,PC455,10455,PL455,2019-1-18
SO456,CC456,C456,DI456,2018-3-19,PC456,10456,PL456,2019-1-18
SO457,CC457,C457,DI457,2018-3-19,PC457,10457,PL457,2019-1-18
SO458,CC458,C458,DI458,2018-3-19,PC458,10458,PL458,2019-1-18
SO459,CC459,C459,DI459,2018-3-19,PC459,10459,PL459,2019-1-18
SO460,CC460,C460,DI460,2018-3-19,PC460,10460,PL460,2019-1-18
SO461,CC461,C461,DI461,2018-3-19,PC461,10461,PL461,2019-1-18
SO462,CC462,C462,DI462,2018-3-19,PC462,10462,PL462,2019-1-18
SO463,CC463,C463,DI463,2018-3-19,PC463,10463,PL463,2019-1-18
SO464,CC464,C464,DI464,2018-3-19,PC464,10464,PL464,2019-1-18
SO465,CC465,C465,DI465,2018-3-19,PC465,10465,PL465,2019-1-18
SO466,CC466,C466,DI466,2018-3-19,PC466,10466,PL466,2019-1-18
SO467,CC467,C467,DI467,2018-3-19,PC467,10467,PL467,2019-1-18
SO468,CC468,C468,DI468,2018-3-19,PC468,10468,PL468,2019-1-18
SO469,CC469,C469,DI469,2018-3-19,PC469,10469,PL469,2019-1-18
SO470,CC470,C470,DI470,2018-3-19,PC470,10470,PL470,2019-1-18
SO471,CC471,C471,DI471,2018-3-19,PC471,10471,PL471,2019-1-18
SO472,CC472,C472,DI472,2018-3-19,PC472,10472,PL472,2019-1-18
SO473,CC473,C473,DI473,2018-3-19,PC473,10473,PL473,2019-1-18
SO474,CC474,C474,DI474,2018-3-19,PC474,10474,PL474,2019-1-18
SO475,CC475,C475,DI475,2018-3-19,PC475,10475,PL475,2019-1-18
SO476,CC476,C476,DI476,2018-3-19,PC476,10476,PL476,2019-1-18
SO477,CC477,C477,DI477,2018-3-19,PC477,10477,PL477,2019-1-18
SO478,CC478,C478,DI478,2018-3-19,PC478,10478,PL478,2019-1-18
SO479,CC479,C479,DI479,2018-3-19,PC479,10479,PL479,2019-1-18
SO480,CC480,C480,DI480,2018-3-19,PC480,10480,PL480,2019-1-18
SO481,CC481,C481,DI481,2018-3-19,PC481,10481,PL481,2019-1-18
SO482,CC482,C482,DI482,2018-3-19,PC482,10482,PL482,2019-1-18
SO483,CC483,C483,DI483,2018-3-19,PC483,10483,PL483,2019-1-18
SO484,CC484,C484,DI484,2018-3-19,PC484,10484,PL484,2019-1-18
SO485,CC485,C485,DI485,2018-3-19,PC485,10485,PL485,2019-1-18
SO486,CC486,C486,DI486,2018-3-19,PC486,10486,PL486,2019-1-18
SO487,CC487,C487,DI487,2018-3-19,PC487,10487,PL487,2019-1-18
SO488,CC488,C488,DI488,2018-3-19,PC488,10488,PL488,2019-1-18
SO489,CC489,C489,DI489,2018-3-19,PC489,10489,PL489,2019-1-18
SO490,CC490,C490,DI490,2018-3-19,PC490,10490,PL490,2019-1-18
SO491,CC491,C491,DI491,2018-3-19,PC491,10491,PL491,2019-1-18
SO492,CC492,C492,DI492,2018-3-19,PC492,10492,PL492,2019-1-18
SO493,CC493,C493,DI493,2018-3-19,PC493,10493,PL493,2019-1-18
SO494,CC494,C494,DI494,2018-3-19,PC494,10494,PL494,2019-1-18
SO495,CC495,C495,DI495,2018-3-19,PC495,10495,PL495,2019-1-18
SO496,CC496,C496,DI496,2018-3-19,PC496,10496,PL496,2019-1-18
SO497,CC497,C497,DI497,2018-3-19,PC497,10497,PL497,2019-1-18
SO498,CC498,C498,DI498,2018-3-19,PC498,10498,PL498,2019-1-18
SO499,CC499,C499,DI499,2018-3-19,PC499,10499,PL499,2019-1-18
SO500,CC500,C500,DI500,2018-3-19,PC500,10500,PL500,2019-1-18
SO501,CC501,C501,DI501,2018-3-19,PC501,10501,PL501,2019-1-18
SO502,CC502,C502,DI502,2018-3-19,PC502,10502,PL502,2019-1-18
SO503,CC503,C503,DI503,2018-3-19,PC503,10503,PL503,2019-1-18
SO504,CC504,C504,DI504,2018-3-19,PC504,10504,PL504,2019-1-18
SO505,CC505,C505,DI505,2018-3-19,PC505,10505,PL505,2019-1-18
SO506,CC506,C506,DI506,2018-3-19,PC506,10506,PL506,2019-1-18
SO507,CC507,C507,DI507,2018-3-19,PC507,10507,PL507,2019-1-18
SO508,CC508,C508,DI508,2018-3-19,PC508,10508,PL508,2019-1-18
SO509,CC509,C509,DI509,2018-3-19,PC509,10509,PL509,2019-1-18
SO510,CC510,C510,DI510,2018-3-19,PC510,10510,PL510,2019-1-18
SO511,CC511,C511,DI511,2018-3-19,PC511,10511,PL511,2019-1-18
SO512,CC512,C512,DI512,2018-3-19,PC512,10512,PL512,2019-1-18
SO513,CC513,C513,DI513,2018-3-19,PC513,10513,PL513,2019-1-18
SO514,CC514,C514,DI514,2018-3-19,PC514,10514,PL514,2019-1-18
SO515,CC515,C515,DI515,2018-3-19,PC515,10515,PL515,2019-1-18
SO516,CC516,C516,DI516,2018-3-19,PC516,10516,PL516,2019-1-18
SO517,CC517,C517,DI517,2018-3-19,PC517,10517,PL517,2019-1-18
SO518,CC518,C518,DI518,2018-3-19,PC518,10518,PL518,2019-1-18
SO519,CC519,C519,DI519,2018-3-19,PC519,10519,PL519,2019-1-18
SO520,CC520,C520,DI520,2018-3-19,PC520,10520,PL520,2019-1-18
SO521,CC521,C521,DI521,2018-3-19,PC521,10521,PL521,2019-1-18
SO522,CC522,C522,DI522,2018-3-19,PC522,10522,PL522,2019-1-18
SO523,CC523,C523,DI523,2018-3-19,PC523,10523,PL523,2019-1-18
SO524,CC524,C524,DI524,2018-3-19,PC524,10524,PL524,2019-1-18
SO525,CC525,C525,DI525,2018-3-19,PC525,10525,PL525,2019-1-18
SO526,CC526,C526,DI526,2018-3-19,PC526,10526,PL526,2019-1-18
SO527,CC527,C527,DI527,2018-3-19,PC527,10527,PL527,2019-1-18
SO528,CC528,C528,DI528,2018-3-19,PC528,10528,PL528,2019-1-18
SO529,CC529,C529,DI529,2018-3-19,PC529,10529,PL529,2019-1-18
SO530,CC530,C530,DI530,2018-3-19,PC530,10530,PL530,2019-1-18
SO531,CC531,C531,DI531,2018-3-19,PC531,10531,PL531,2019-1-18
SO532,CC532,C532,DI532,2018-3-19,PC532,10532,PL532,2019-1-18
SO533,CC533,C533,DI533,2018-3-19,PC533,10533,PL533,2019-1-18
SO534,CC534,C534,DI534,2018-3-19,PC534,10534,PL534,2019-1-18
SO535,CC535,C535,DI535,2018-3-19,PC535,10535,PL535,2019-1-18
SO536,CC536,C536,DI536,2018-3-19,PC536,10536,PL536,2019-1-18
SO537,CC537,C537,DI537,2018-3-19,PC537,10537,PL537,2019-1-18
SO538,CC538,C538,DI538,2018-3-19,PC538,10538,PL538,2019-1-18
SO539,CC539,C539,DI539,2018-3-19,PC539,10539,PL539,2019-1-18
SO540,CC540,C540,DI540,2018-3-19,PC540,10540,PL540,2019-1-18
SO541,CC541,C541,DI541,2018-3-19,PC541,10541,PL541,2019-1-18
SO542,CC542,C542,DI542,2018-3-19,PC542,10542,PL542,2019-1-18
SO543,CC543,C543,DI543,2018-3-19,PC543,10543,PL543,2019-1-18
SO544,CC544,C544,DI544,2018-3-19,PC544,10544,PL544,2019-1-18
SO545,CC545,C545,DI545,2018-3-19,PC545,10545,PL545,2019-1-18
SO546,CC546,C546,DI546,2018-3-19,PC546,10546,PL546,2019-1-18
SO547,CC547,C547,DI547,2018-3-19,PC547,10547,PL547,2019-1-18
SO548,CC548,C548,DI548,2018-3-19,PC548,10548,PL548,2019-1-18
SO549,CC549,C549,DI549,2018-3-19,PC549,10549,PL549,2019-1-18
SO550,CC550,C550,DI550,2018-3-19,PC550,10550,PL550,2019-1-18
SO551,CC551,C551,DI551,2018-3-19,PC551,10551,PL551,2019-1-18
SO552,CC552,C552,DI552,2018-3-19,PC552,10552,PL552,2019-1-18
SO553,CC553,C553,DI553,2018-3-19,PC553,10553,PL553,2019-1-18
SO554,CC554,C554,DI554,2018-3-19,PC554,10554,PL554,2019-1-18
SO555,CC555,C555,DI555,2018-3-19,PC555,10555,PL555,2019-1-18
SO556,CC556,C556,DI556,2018-3-19,PC556,10556,PL556,2019-1-18
SO557,CC557,C557,DI557,2018-3-19,PC557,10557,PL557,2019-1-18
SO558,CC558,C558,DI558,2018-3-19,PC558,10558,PL558,2019-1-18
SO559,CC559,C559,DI559,2018-3-19,PC559,10559,PL559,2019-1-18
SO560,CC560,C560,DI560,2018-3-19,PC560,10560,PL560,2019-1-18
SO561,CC561,C561,DI561,2018-3-19,PC561,10561,PL561,2019-1-18
SO562,CC562,C562,DI562,2018-3-19,PC562,10562,PL562,2019-1-18
SO563,CC563,C563,DI563,2018-3-19,PC563,10563,PL563,2019-1-18
SO564,CC564,C564,DI564,2018-3-19,PC564,10564,PL564,2019-1-18
SO565,CC565,C565,DI565,2018-3-19,PC565,10565,PL565,2019-1-18
SO566,CC566,C566,DI566,2018-3-19,PC566,10566,PL566,2019-1-18
SO567,CC567,C567,DI567,2018-3-19,PC567,10567,PL567,2019-1-18
SO568,CC568,C568,DI568,2018-3-19,PC568,10568,PL568,2019-1-18
SO569,CC569,C569,DI569,2018-3-19,PC569,10569,PL569,2019-1-18
SO570,CC570,C570,DI570,2018-3-19,PC570,10570,PL570,2019-1-18
SO571,CC571,C571,DI571,2018-3-19,PC571,10571,PL571,2019-1-18
SO572,CC572,C572,DI572,2018-3-19,PC572,10572,PL572,2019-1-18
SO573,CC573,C573,DI573,2018-3-19,PC573,10573,PL573,2019-1-18
SO574,CC574,C574,DI574,2018-3-19,PC574,10574,PL574,2019-1-18
SO575,CC575,C575,DI575,2018-3-19,PC575,10575,PL575,2019-1-18
SO576,CC576,C576,DI576,2018-3-19,PC576,10576,PL576,2019-1-18
SO577,CC577,C577,DI577,2018-3-19,PC577,10577,PL577,2019-1-18
SO578,CC578,C578,DI578,2018-3-19,PC578,10578,PL578,2019-1-18
SO579,CC579,C579,DI579,2018-3-19,PC579,10579,PL579,2019-1-18
SO580,CC580,C580,DI580,2018-3-19,PC580,10580,PL580,2019-1-18
SO581,CC581,C581,DI581,2018-3-19,PC581,10581,PL581,2019-1-18
SO582,CC582,C582,DI582,2018-3-19,PC582,10582,PL582,2019-1-18
SO583,CC583,C583,DI583,2018-3-19,PC583,10583,PL583,2019-1-18
SO584,CC584,C584,DI584,2018-3-19,PC584,10584,PL584,2019-1-18
SO585,CC585,C585,DI585,2018-3-19,PC585,10585,PL585,2019-1-18
SO586,CC586,C586,DI586,2018-3-19,PC586,10586,PL586,2019-1-18
SO587,CC587,C587,DI587,2018-3-19,PC587,10587,PL587,2019-1-18
SO588,CC588,C588,DI588,2018-3-19,PC588,10588,PL588,2019-1-18
SO589,CC589,C589,DI589,2018-3-19,PC589,10589,PL589,2019-1-18
SO590,CC590,C590,DI590,2018-3-19,PC590,10590,PL590,2019-1-18
SO591,CC591,C591,DI591,2018-3-19,PC591,10591,PL591,2019-1-18
SO592,CC592,C592,DI592,2018-3-19,PC592,10592,PL592,2019-1-18
SO593,CC593,C593,DI593,2018-3-19,PC593,10593,PL593,2019-1-18
SO594,CC594,C594,DI594,2018-3-19,PC594,10594,PL594,2019-1-18
SO595,CC595,C595,DI595,2018-3-19,PC595,10595,PL595,2019-1-18
SO596,CC596,C596,DI596,2018-3-19,PC596,10596,PL596,2019-1-18
SO597,CC597,C597,DI597,2018-3-19,PC597,10597,PL597,2019-1-18
SO598,CC598,C598,DI598,2018-3-19,PC598,10598,PL598,2019-1-18
SO599,CC599,C599,DI599,2018-3-19,PC599,10599,PL599,2019-1-18
SO600,CC600,C600,DI600,2018-3-19,PC600,10600,PL600,2019-1-18
SO601,CC601,C601,DI601,2018-3-19,PC601,10601,PL601,2019-1-18
SO602,CC602,C602,DI602,2018-3-19,PC602,10602,PL602,2019-1-18
SO603,CC603,C603,DI603,2018-3-19,PC603,10603,PL603,2019-1-18
SO604,CC604,C604,DI604,2018-3-19,PC604,10604,PL604,2019-1-18
SO605,CC605,C605,DI605,2018-3-19,PC605,10605,PL605,2019-1-18
SO606,CC606,C606,DI606,2018-3-19,PC606,10606,PL606,2019-1-18
SO607,CC607,C607,DI607,2018-3-19,PC607,10607,PL607,2019-1-18
SO608,CC608,C608,DI608,2018-3-19,PC608,10608,PL608,2019-1-18
SO609,CC609,C609,DI609,2018-3-19,PC609,10609,PL609,2019-1-18
SO610,CC610,C610,DI610,2018-3-19,PC610,10610,PL610,2019-1-18
SO611,CC611,C611,DI611,2018-3-19,PC611,10611,PL611,2019-1-18
SO612,CC612,C612,DI612,2018-3-19,PC612,10612,PL612,2019-1-18
SO613,CC613,C613,DI613,2018-3-19,PC613,10613,PL613,2019-1-18
SO614,CC614,C614,DI614,2018-3-19,PC614,10614,PL614,2019-1-18
SO615,CC615,C615,DI615,2018-3-19,PC615,10615,PL615,2019-1-18
SO616,CC616,C616,DI616,2018-3-19,PC616,10616,PL616,2019-1-18
SO617,CC617,C617,DI617,2018-3-19,PC617,10617,PL617,2019-1-18
SO618,CC618,C618,DI618,2018-3-19,PC618,10618,PL618,2019-1-18
SO619,CC619,C619,DI619,2018-3-19,PC619,10619,PL619,2019-1-18
SO620,CC620,C620,DI620,2018-3-19,PC620,10620,PL620,2019-1-18
SO621,CC621,C621,DI621,2018-3-19,PC621,10621,PL621,2019-1-18
SO622,CC622,C622,DI622,2018-3-19,PC622,10622,PL622,2019-1-18
SO623,CC623,C623,DI623,2018-3-19,PC623,10623,PL623,2019-1-18
SO624,CC624,C624,DI624,2018-3-19,PC624,10624,PL624,2019-1-18
SO625,CC625,C625,DI625,2018-3-19,PC625,10625,PL625,2019-1-18
SO626,CC626,C626,DI626,2018-3-19,PC626,10626,PL626,2019-1-18
SO627,CC627,C627,DI627,2018-3-19,PC627,10627,PL627,2019-1-18
SO628,CC628,C628,DI628,2018-3-19,PC628,10628,PL628,2019-1-18
SO629,CC629,C629,DI629,2018-3-19,PC629,10629,PL629,2019-1-18
SO630,CC630,C630,DI630,2018-3-19,PC630,10630,PL630,2019-1-18
SO631,CC631,C631,DI631,2018-3-19,PC631,10631,PL631,2019-1-18
SO632,CC632,C632,DI632,2018-3-19,PC632,10632,PL632,2019-1-18
SO633,CC633,C633,DI633,2018-3-19,PC633,10633,PL633,2019-1-18
SO634,CC634,C634,DI634,2018-3-19,PC634,10634,PL634,2019-1-18
SO635,CC635,C635,DI635,2018-3-19,PC635,10635,PL635,2019-1-18
SO636,CC636,C636,DI636,2018-3-19,PC636,10636,PL636,2019-1-18
SO637,CC637,C637,DI637,2018-3-19,PC637,10637,PL637,2019-1-18
SO638,CC638,C638,DI638,2018-3-19,PC638,10638,PL638,2019-1-18
SO639,CC639,C639,DI639,2018-3-19,PC639,10639,PL639,2019-1-18
SO640,CC640,C640,DI640,2018-3-19,PC640,10640,PL640,2019-1-18
SO641,CC641,C641,DI641,2018-3-19,PC641,10641,PL641,2019-1-18
SO642,CC642,C642,DI642,2018-3-19,PC642,10642,PL642,2019-1-18
SO643,CC643,C643,DI643,2018-3-19,PC643,10643,PL643,2019-1-18
SO644,CC644,C644,DI644,2018-3-19,PC644,10644,PL644,2019-1-18
SO645,CC645,C645,DI645,2018-3-19,PC645,10645,PL645,2019-1-18
SO646,CC646,C646,DI646,2018-3-19,PC646,10646,PL646,2019-1-18
SO647,CC647,C647,DI647,2018-3-19,PC647,10647,PL647,2019-1-18
SO648,CC648,C648,DI648,2018-3-19,PC648,10648,PL648,2019-1-18
SO649,CC649,C649,DI649,2018-3-19,PC649,10649,PL649,2019-1-18
SO650,CC650,C650,DI650,2018-3-19,PC650,10650,PL650,2019-1-18
SO651,CC651,C651,DI651,2018-3-19,PC651,10651,PL651,2019-1-18
SO652,CC652,C652,DI652,2018-3-19,PC652,10652,PL652,2019-1-18
SO653,CC653,C653,DI653,2018-3-19,PC653,10653,PL653,2019-1-18
SO654,CC654,C654,DI654,2018-3-19,PC654,10654,PL654,2019-1-18
SO655,CC655,C655,DI655,2018-3-19,PC655,10655,PL655,2019-1-18
SO656,CC656,C656,DI656,2018-3-19,PC656,10656,PL656,2019-1-18
SO657,CC657,C657,DI657,2018-3-19,PC657,10657,PL657,2019-1-18
SO658,CC658,C658,DI658,2018-3-19,PC658,10658,PL658,2019-1-18
SO659,CC659,C659,DI659,2018-3-19,PC659,10659,PL659,2019-1-18
SO660,CC660,C660,DI660,2018-3-19,PC660,10660,PL660,2019-1-18
SO661,CC661,C661,DI661,2018-3-19,PC661,10661,PL661,2019-1-18
SO662,CC662,C662,DI662,2018-3-19,PC662,10662,PL662,2019-1-18
SO663,CC663,C663,DI663,2018-3-19,PC663,10663,PL663,2019-1-18
SO664,CC664,C664,DI664,2018-3-19,PC664,10664,PL664,2019-1-18
SO665,CC665,C665,DI665,2018-3-19,PC665,10665,PL665,2019-1-18
SO666,CC666,C666,DI666,2018-3-19,PC666,10666,PL666,2019-1-18
SO667,CC667,C667,DI667,2018-3-19,PC667,10667,PL667,2019-1-18
SO668,CC668,C668,DI668,2018-3-19,PC668,10668,PL668,2019-1-18
SO669,CC669,C669,DI669,2018-3-19,PC669,10669,PL669,2019-1-18
SO670,CC670,C670,DI670,2018-3-19,PC670,10670,PL670,2019-1-18
SO671,CC671,C671,DI671,2018-3-19,PC671,10671,PL671,2019-1-18
SO672,CC672,C672,DI672,2018-3-19,PC672,10672,PL672,2019-1-18
SO673,CC673,C673,DI673,2018-3-19,PC673,10673,PL673,2019-1-18
SO674,CC674,C674,DI674,2018-3-19,PC674,10674,PL674,2019-1-18
SO675,CC675,C675,DI675,2018-3-19,PC675,10675,PL675,2019-1-18
SO676,CC676,C676,DI676,2018-3-19,PC676,10676,PL676,2019-1-18
SO677,CC677,C677,DI677,2018-3-19,PC677,10677,PL677,2019-1-18
SO678,CC678,C678,DI678,2018-3-19,PC678,10678,PL678,2019-1-18
SO679,CC679,C679,DI679,2018-3-19,PC679,10679,PL679,2019-1-18
SO680,CC680,C680,DI680,2018-3-19,PC680,10680,PL680,2019-1-18
SO681,CC681,C681,DI681,2018-3-19,PC681,10681,PL681,2019-1-18
SO682,CC682,C682,DI682,2018-3-19,PC682,10682,PL682,2019-1-18
SO683,CC683,C683,DI683,2018-3-19,PC683,10683,PL683,2019-1-18
SO684,CC684,C684,DI684,2018-3-19,PC684,10684,PL684,2019-1-18
SO685,CC685,C685,DI685,2018-3-19,PC685,10685,PL685,2019-1-18
SO686,CC686,C686,DI686,2018-3-19,PC686,10686,PL686,2019-1-18
SO687,CC687,C687,DI687,2018-3-19,PC687,10687,PL687,2019-1-18
SO688,CC688,C688,DI688,2018-3-19,PC688,10688,PL688,2019-1-18
SO689,CC689,C689,DI689,2018-3-19,PC689,10689,PL689,2019-1-18
SO690,CC690,C690,DI690,2018-3-19,PC690,10690,PL690,2019-1-18
SO691,CC691,C691,DI691,2018-3-19,PC691,10691,PL691,2019-1-18
SO692,CC692,C692,DI692,2018-3-19,PC692,10692,PL692,2019-1-18
SO693,CC693,C693,DI693,2018-3-19,PC693,10693,PL693,2019-1-18
SO694,CC694,C694,DI694,2018-3-19,PC694,10694,PL694,2019-1-18
SO695,CC695,C695,DI695,2018-3-19,PC695,10695,PL695,2019-1-18
SO696,CC696,C696,DI696,2018-3-19,PC696,10696,PL696,2019-1-18
SO697,CC697,C697,DI697,2018-3-19,PC697,10697,PL697,2019-1-18
SO698,CC698,C698,DI698,2018-3-19,PC698,10698,PL698,2019-1-18
SO699,CC699,C699,DI699,2018-3-19,PC699,10699,PL699,2019-1-18
SO700,CC700,C700,DI700,2018-3-19,PC700,10700,PL700,2019-1-18
SO701,CC701,C701,DI701,2018-3-19,PC701,10701,PL701,2019-1-18
SO702,CC702,C702,DI702,2018-3-19,PC702,10702,PL702,2019-1-18
SO703,CC703,C703,DI703,2018-3-19,PC703,10703,PL703,2019-1-18
SO704,CC704,C704,DI704,2018-3-19,PC704,10704,PL704,2019-1-18
SO705,CC705,C705,DI705,2018-3-19,PC705,10705,PL705,2019-1-18
SO706,CC706,C706,DI706,2018-3-19,PC706,10706,PL706,2019-1-18
SO707,CC707,C707,DI707,2018-3-19,PC707,10707,PL707,2019-1-18
SO708,CC708,C708,DI708,2018-3-19,PC708,10708,PL708,2019-1-18
SO709,CC709,C709,DI709,2018-3-19,PC709,10709,PL709,2019-1-18
SO710,CC710,C710,DI710,2018-3-19,PC710,10710,PL710,2019-1-18
SO711,CC711,C711,DI711,2018-3-19,PC711,10711,PL711,2019-1-18
SO712,CC712,C712,DI712,2018-3-19,PC712,10712,PL712,2019-1-18
SO713,CC713,C713,DI713,2018-3-19,PC713,10713,PL713,2019-1-18
SO714,CC714,C714,DI714,2018-3-19,PC714,10714,PL714,2019-1-18
SO715,CC715,C715,DI715,2018-3-19,PC715,10715,PL715,2019-1-18
SO716,CC716,C716,DI716,2018-3-19,PC716,10716,PL716,2019-1-18
SO717,CC717,C717,DI717,2018-3-19,PC717,10717,PL717,2019-1-18
SO718,CC718,C718,DI718,2018-3-19,PC718,10718,PL718,2019-1-18
SO719,CC719,C719,DI719,2018-3-19,PC719,10719,PL719,2019-1-18
SO720,CC720,C720,DI720,2018-3-19,PC720,10720,PL720,2019-1-18
SO721,CC721,C721,DI721,2018-3-19,PC721,10721,PL721,2019-1-18
SO722,CC722,C722,DI722,2018-3-19,PC722,10722,PL722,2019-1-18
SO723,CC723,C723,DI723,2018-3-19,PC723,10723,PL723,2019-1-18
SO724,CC724,C724,DI724,2018-3-19,PC724,10724,PL724,2019-1-18
SO725,CC725,C725,DI725,2018-3-19,PC725,10725,PL725,2019-1-18
SO726,CC726,C726,DI726,2018-3-19,PC726,10726,PL726,2019-1-18
SO727,CC727,C727,DI727,2018-3-19,PC727,10727,PL727,2019-1-18
SO728,CC728,C728,DI728,2018-3-19,PC728,10728,PL728,2019-1-18
SO729,CC729,C729,DI729,2018-3-19,PC729,10729,PL729,2019-1-18
SO730,CC730,C730,DI730,2018-3-19,PC730,10730,PL730,2019-1-18
SO731,CC731,C731,DI731,2018-3-19,PC731,10731,PL731,2019-1-18
SO732,CC732,C732,DI732,2018-3-19,PC732,10732,PL732,2019-1-18
SO733,CC733,C733,DI733,2018-3-19,PC733,10733,PL733,2019-1-18
SO734,CC734,C734,DI734,2018-3-19,PC734,10734,PL734,2019-1-18
SO735,CC735,C735,DI735,2018-3-19,PC735,10735,PL735,2019-1-18
SO736,CC736,C736,DI736,2018-3-19,PC736,10736,PL736,2019-1-18
SO737,CC737,C737,DI737,2018-3-19,PC737,10737,PL737,2019-1-18
SO738,CC738,C738,DI738,2018-3-19,PC738,10738,PL738,2019-1-18
SO739,CC739,C739,DI739,2018-3-19,PC739,10739,PL739,2019-1-18
SO740,CC740,C740,DI740,2018-3-19,PC740,10740,PL740,2019-1-18
SO741,CC741,C741,DI741,2018-3-19,PC741,10741,PL741,2019-1-18
SO742,CC742,C742,DI742,2018-3-19,PC742,10742,PL742,2019-1-18
SO743,CC743,C743,DI743,2018-3-19,PC743,10743,PL743,2019-1-18
SO744,CC744,C744,DI744,2018-3-19,PC744,10744,PL744,2019-1-18
SO745,CC745,C745,DI745,2018-3-19,PC745,10745,PL745,2019-1-18
SO746,CC746,C746,DI746,2018-3-19,PC746,10746,PL746,2019-1-18
SO747,CC747,C747,DI747,2018-3-19,PC747,10747,PL747,2019-1-18
SO748,CC748,C748,DI748,2018-3-19,PC748,10748,PL748,2019-1-18
SO749,CC749,C749,DI749,2018-3-19,PC749,10749,PL749,2019-1-18
SO750,CC750,C750,DI750,2018-3-19,PC750,10750,PL750,2019-1-18
SO751,CC751,C751,DI751,2018-3-19,PC751,10751,PL751,2019-1-18
SO752,CC752,C752,DI752,2018-3-19,PC752,10752,PL752,2019-1-18
SO753,CC753,C753,DI753,2018-3-19,PC753,10753,PL753,2019-1-18
SO754,CC754,C754,DI754,2018-3-19,PC754,10754,PL754,2019-1-18
SO755,CC755,C755,DI755,2018-3-19,PC755,10755,PL755,2019-1-18
SO756,CC756,C756,DI756,2018-3-19,PC756,10756,PL756,2019-1-18
SO757,CC757,C757,DI757,2018-3-19,PC757,10757,PL757,2019-1-18
SO758,CC758,C758,DI758,2018-3-19,PC758,10758,PL758,2019-1-18
SO759,CC759,C759,DI759,2018-3-19,PC759,10759,PL759,2019-1-18
SO760,CC760,C760,DI760,2018-3-19,PC760,10760,PL760,2019-1-18
SO761,CC761,C761,DI761,2018-3-19,PC761,10761,PL761,2019-1-18
SO762,CC762,C762,DI762,2018-3-19,PC762,10762,PL762,2019-1-18
SO763,CC763,C763,DI763,2018-3-19,PC763,10763,PL763,2019-1-18
SO764,CC764,C764,DI764,2018-3-19,PC764,10764,PL764,2019-1-18
SO765,CC765,C765,DI765,2018-3-19,PC765,10765,PL765,2019-1-18
SO766,CC766,C766,DI766,2018-3-19,PC766,10766,PL766,2019-1-18
SO767,CC767,C767,DI767,2018-3-19,PC767,10767,PL767,2019-1-18
SO768,CC768,C768,DI768,2018-3-19,PC768,10768,PL768,2019-1-18
SO769,CC769,C769,DI769,2018-3-19,PC769,10769,PL769,2019-1-18
SO770,CC770,C770,DI770,2018-3-19,PC770,10770,PL770,2019-1-18
SO771,CC771,C771,DI771,2018-3-19,PC771,10771,PL771,2019-1-18
SO772,CC772,C772,DI772,2018-3-19,PC772,10772,PL772,2019-1-18
SO773,CC773,C773,DI773,2018-3-19,PC773,10773,PL773,2019-1-18
SO774,CC774,C774,DI774,2018-3-19,PC774,10774,PL774,2019-1-18
SO775,CC775,C775,DI775,2018-3-19,PC775,10775,PL775,2019-1-18
SO776,CC776,C776,DI776,2018-3-19,PC776,10776,PL776,2019-1-18
SO777,CC777,C777,DI777,2018-3-19,PC777,10777,PL777,2019-1-18
SO778,CC778,C778,DI778,2018-3-19,PC778,10778,PL778,2019-1-18
SO779,CC779,C779,DI779,2018-3-19,PC779,10779,PL779,2019-1-18
SO780,CC780,C780,DI780,2018-3-19,PC780,10780,PL780,2019-1-18
SO781,CC781,C781,DI781,2018-3-19,PC781,10781,PL781,2019-1-18
SO782,CC782,C782,DI782,2018-3-19,PC782,10782,PL782,2019-1-18
SO783,CC783,C783,DI783,2018-3-19,PC783,10783,PL783,2019-1-18
SO784,CC784,C784,DI784,2018-3-19,PC784,10784,PL784,2019-1-18
SO785,CC785,C785,DI785,2018-3-19,PC785,10785,PL785,2019-1-18
SO786,CC786,C786,DI786,2018-3-19,PC786,10786,PL786,2019-1-18
SO787,CC787,C787,DI787,2018-3-19,PC787,10787,PL787,2019-1-18
SO788,CC788,C788,DI788,2018-3-19,PC788,10788,PL788,2019-1-18
SO789,CC789,C789,DI789,2018-3-19,PC789,10789,PL789,2019-1-18
SO790,CC790,C790,DI790,2018-3-19,PC790,10790,PL790,2019-1-18
SO791,CC791,C791,DI791,2018-3-19,PC791,10791,PL791,2019-1-18
SO792,CC792,C792,DI792,2018-3-19,PC792,10792,PL792,2019-1-18
SO793,CC793,C793,DI793,2018-3-19,PC793,10793,PL793,2019-1-18
SO794,CC794,C794,DI794,2018-3-19,PC794,10794,PL794,2019-1-18
SO795,CC795,C795,DI795,2018-3-19,PC795,10795,PL795,2019-1-18
SO796,CC796,C796,DI796,2018-3-19,PC796,10796,PL796,2019-1-18
SO797,CC797,C797,DI797,2018-3-19,PC797,10797,PL797,2019-1-18
SO798,CC798,C798,DI798,2018-3-19,PC798,10798,PL798,2019-1-18
SO799,CC799,C799,DI799,2018-3-19,PC799,10799,PL799,2019-1-18
SO800,CC800,C800,DI800,2018-3-19,PC800,10800,PL800,2019-1-18
SO801,CC801,C801,DI801,2018-3-19,PC801,10801,PL801,2019-1-18
SO802,CC802,C802,DI802,2018-3-19,PC802,10802,PL802,2019-1-18
SO803,CC803,C803,DI803,2018-3-19,PC803,10803,PL803,2019-1-18
SO804,CC804,C804,DI804,2018-3-19,PC804,10804,PL804,2019-1-18
SO805,CC805,C805,DI805,2018-3-19,PC805,10805,PL805,2019-1-18
SO806,CC806,C806,DI806,2018-3-19,PC806,10806,PL806,2019-1-18
SO807,CC807,C807,DI807,2018-3-19,PC807,10807,PL807,2019-1-18
SO808,CC808,C808,DI808,2018-3-19,PC808,10808,PL808,2019-1-18
SO809,CC809,C809,DI809,2018-3-19,PC809,10809,PL809,2019-1-18
SO810,CC810,C810,DI810,2018-3-19,PC810,10810,PL810,2019-1-18
SO811,CC811,C811,DI811,2018-3-19,PC811,10811,PL811,2019-1-18
SO812,CC812,C812,DI812,2018-3-19,PC812,10812,PL812,2019-1-18
SO813,CC813,C813,DI813,2018-3-19,PC813,10813,PL813,2019-1-18
SO814,CC814,C814,DI814,2018-3-19,PC814,10814,PL814,2019-1-18
SO815,CC815,C815,DI815,2018-3-19,PC815,10815,PL815,2019-1-18
SO816,CC816,C816,DI816,2018-3-19,PC816,10816,PL816,2019-1-18
SO817,CC817,C817,DI817,2018-3-19,PC817,10817,PL817,2019-1-18
SO818,CC818,C818,DI818,2018-3-19,PC818,10818,PL818,2019-1-18
SO819,CC819,C819,DI819,2018-3-19,PC819,10819,PL819,2019-1-18
SO820,CC820,C820,DI820,2018-3-19,PC820,10820,PL820,2019-1-18
SO821,CC821,C821,DI821,2018-3-19,PC821,10821,PL821,2019-1-18
SO822,CC822,C822,DI822,2018-3-19,PC822,10822,PL822,2019-1-18
SO823,CC823,C823,DI823,2018-3-19,PC823,10823,PL823,2019-1-18
SO824,CC824,C824,DI824,2018-3-19,PC824,10824,PL824,2019-1-18
SO825,CC825,C825,DI825,2018-3-19,PC825,10825,PL825,2019-1-18
SO826,CC826,C826,DI826,2018-3-19,PC826,10826,PL826,2019-1-18
SO827,CC827,C827,DI827,2018-3-19,PC827,10827,PL827,2019-1-18
SO828,CC828,C828,DI828,2018-3-19,PC828,10828,PL828,2019-1-18
SO829,CC829,C829,DI829,2018-3-19,PC829,10829,PL829,2019-1-18
SO830,CC830,C830,DI830,2018-3-19,PC830,10830,PL830,2019-1-18
SO831,CC831,C831,DI831,2018-3-19,PC831,10831,PL831,2019-1-18
SO832,CC832,C832,DI832,2018-3-19,PC832,10832,PL832,2019-1-18
SO833,CC833,C833,DI833,2018-3-19,PC833,10833,PL833,2019-1-18
SO834,CC834,C834,DI834,2018-3-19,PC834,10834,PL834,2019-1-18
SO835,CC835,C835,DI835,2018-3-19,PC835,10835,PL835,2019-1-18
SO836,CC836,C836,DI836,2018-3-19,PC836,10836,PL836,2019-1-18
SO837,CC837,C837,DI837,2018-3-19,PC837,10837,PL837,2019-1-18
SO838,CC838,C838,DI838,2018-3-19,PC838,10838,PL838,2019-1-18
SO839,CC839,C839,DI839,2018-3-19,PC839,10839,PL839,2019-1-18
SO840,CC840,C840,DI840,2018-3-19,PC840,10840,PL840,2019-1-18
SO841,CC841,C841,DI841,2018-3-19,PC841,10841,PL841,2019-1-18
SO842,CC842,C842,DI842,2018-3-19,PC842,10842,PL842,2019-1-18
SO843,CC843,C843,DI843,2018-3-19,PC843,10843,PL843,2019-1-18
SO844,CC844,C844,DI844,2018-3-19,PC844,10844,PL844,2019-1-18
SO845,CC845,C845,DI845,2018-3-19,PC845,10845,PL845,2019-1-18
SO846,CC846,C846,DI846,2018-3-19,PC846,10846,PL846,2019-1-18
SO847,CC847,C847,DI847,2018-3-19,PC847,10847,PL847,2019-1-18
SO848,CC848,C848,DI848,2018-3-19,PC848,10848,PL848,2019-1-18
SO849,CC849,C849,DI849,2018-3-19,PC849,10849,PL849,2019-1-18
SO850,CC850,C850,DI850,2018-3-19,PC850,10850,PL850,2019-1-18
SO851,CC851,C851,DI851,2018-3-19,PC851,10851,PL851,2019-1-18
SO852,CC852,C852,DI852,2018-3-19,PC852,10852,PL852,2019-1-18
SO853,CC853,C853,DI853,2018-3-19,PC853,10853,PL853,2019-1-18
SO854,CC854,C854,DI854,2018-3-19,PC854,10854,PL854,2019-1-18
SO855,CC855,C855,DI855,2018-3-19,PC855,10855,PL855,2019-1-18
SO856,CC856,C856,DI856,2018-3-19,PC856,10856,PL856,2019-1-18
SO857,CC857,C857,DI857,2018-3-19,PC857,10857,PL857,2019-1-18
SO858,CC858,C858,DI858,2018-3-19,PC858,10858,PL858,2019-1-18
SO859,CC859,C859,DI859,2018-3-19,PC859,10859,PL859,2019-1-18
SO860,CC860,C860,DI860,2018-3-19,PC860,10860,PL860,2019-1-18
SO861,CC861,C861,DI861,2018-3-19,PC861,10861,PL861,2019-1-18
SO862,CC862,C862,DI862,2018-3-19,PC862,10862,PL862,2019-1-18
SO863,CC863,C863,DI863,2018-3-19,PC863,10863,PL863,2019-1-18
SO864,CC864,C864,DI864,2018-3-19,PC864,10864,PL864,2019-1-18
SO865,CC865,C865,DI865,2018-3-19,PC865,10865,PL865,2019-1-18
SO866,CC866,C866,DI866,2018-3-19,PC866,10866,PL866,2019-1-18
SO867,CC867,C867,DI867,2018-3-19,PC867,10867,PL867,2019-1-18
SO868,CC868,C868,DI868,2018-3-19,PC868,10868,PL868,2019-1-18
SO869,CC869,C869,DI869,2018-3-19,PC869,10869,PL869,2019-1-18
SO870,CC870,C870,DI870,2018-3-19,PC870,10870,PL870,2019-1-18
SO871,CC871,C871,DI871,2018-3-19,PC871,10871,PL871,2019-1-18
SO872,CC872,C872,DI872,2018-3-19,PC872,10872,PL872,2019-1-18
SO873,CC873,C873,DI873,2018-3-19,PC873,10873,PL873,2019-1-18
SO874,CC874,C874,DI874,2018-3-19,PC874,10874,PL874,2019-1-18
SO875,CC875,C875,DI875,2018-3-19,PC875,10875,PL875,2019-1-18
SO876,CC876,C876,DI876,2018-3-19,PC876,10876,PL876,2019-1-18
SO877,CC877,C877,DI877,2018-3-19,PC877,10877,PL877,2019-1-18
SO878,CC878,C878,DI878,2018-3-19,PC878,10878,PL878,2019-1-18
SO879,CC879,C879,DI879,2018-3-19,PC879,10879,PL879,2019-1-18
SO880,CC880,C880,DI880,2018-3-19,PC880,10880,PL880,2019-1-18
SO881,CC881,C881,DI881,2018-3-19,PC881,10881,PL881,2019-1-18
SO882,CC882,C882,DI882,2018-3-19,PC882,10882,PL882,2019-1-18
SO883,CC883,C883,DI883,2018-3-19,PC883,10883,PL883,2019-1-18
SO884,CC884,C884,DI884,2018-3-19,PC884,10884,PL884,2019-1-18
SO885,CC885,C885,DI885,2018-3-19,PC885,10885,PL885,2019-1-18
SO886,CC886,C886,DI886,2018-3-19,PC886,10886,PL886,2019-1-18
SO887,CC887,C887,DI887,2018-3-19,PC887,10887,PL887,2019-1-18
SO888,CC888,C888,DI888,2018-3-19,PC888,10888,PL888,2019-1-18
SO889,CC889,C889,DI889,2018-3-19,PC889,10889,PL889,2019-1-18
SO890,CC890,C890,DI890,2018-3-19,PC890,10890,PL890,2019-1-18
SO891,CC891,C891,DI891,2018-3-19,PC891,10891,PL891,2019-1-18
SO892,CC892,C892,DI892,2018-3-19,PC892,10892,PL892,2019-1-18
SO893,CC893,C893,DI893,2018-3-19,PC893,10893,PL893,2019-1-18
SO894,CC894,C894,DI894,2018-3-19,PC894,10894,PL894,2019-1-18
SO895,CC895,C895,DI895,2018-3-19,PC895,10895,PL895,2019-1-18
SO896,CC896,C896,DI896,2018-3-19,PC896,10896,PL896,2019-1-18
SO897,CC897,C897,DI897,2018-3-19,PC897,10897,PL897,2019-1-18
SO898,CC898,C898,DI898,2018-3-19,PC898,10898,PL898,2019-1-18
SO899,CC899,C899,DI899,2018-3-19,PC899,10899,PL899,2019-1-18
SO900,CC900,C900,DI900,2018-3-19,PC900,10900,PL900,2019-1-18
SO901,CC901,C901,DI901,2018-3-19,PC901,10901,PL901,2019-1-18
SO902,CC902,C902,DI902,2018-3-19,PC902,10902,PL902,2019-1-18
SO903,CC903,C903,DI903,2018-3-19,PC903,10903,PL903,2019-1-18
SO904,CC904,C904,DI904,2018-3-19,PC904,10904,PL904,2019-1-18
SO905,CC905,C905,DI905,2018-3-19,PC905,10905,PL905,2019-1-18
SO906,CC906,C906,DI906,2018-3-19,PC906,10906,PL906,2019-1-18
SO907,CC907,C907,DI907,2018-3-19,PC907,10907,PL907,2019-1-18
SO908,CC908,C908,DI908,2018-3-19,PC908,10908,PL908,2019-1-18
SO909,CC909,C909,DI909,2018-3-19,PC909,10909,PL909,2019-1-18
SO910,CC910,C910,DI910,2018-3-19,PC910,10910,PL910,2019-1-18
SO911,CC911,C911,DI911,2018-3-19,PC911,10911,PL911,2019-1-18
SO912,CC912,C912,DI912,2018-3-19,PC912,10912,PL912,2019-1-18
SO913,CC913,C913,DI913,2018-3-19,PC913,10913,PL913,2019-1-18
SO914,CC914,C914,DI914,2018-3-19,PC914,10914,PL914,2019-1-18
SO915,CC915,C915,DI915,2018-3-19,PC915,10915,PL915,2019-1-18
SO916,CC916,C916,DI916,2018-3-19,PC916,10916,PL916,2019-1-18
SO917,CC917,C917,DI917,2018-3-19,PC917,10917,PL917,2019-1-18
SO918,CC918,C918,DI918,2018-3-19,PC918,10918,PL918,2019-1-18
SO919,CC919,C919,DI919,2018-3-19,PC919,10919,PL919,2019-1-18
SO920,CC920,C920,DI920,2018-3-19,PC920,10920,PL920,2019-1-18
SO921,CC921,C921,DI921,2018-3-19,PC921,10921,PL921,2019-1-18
SO922,CC922,C922,DI922,2018-3-19,PC922,10922,PL922,2019-1-18
SO923,CC923,C923,DI923,2018-3-19,PC923,10923,PL923,2019-1-18
SO924,CC924,C924,DI924,2018-3-19,PC924,10924,PL924,2019-1-18
SO925,CC925,C925,DI925,2018-3-19,PC925,10925,PL925,2019-1-18
SO926,CC926,C926,DI926,2018-3-19,PC926,10926,PL926,2019-1-18
SO927,CC927,C927,DI927,2018-3-19,PC927,10927,PL927,2019-1-18
SO928,CC928,C928,DI928,2018-3-19,PC928,10928,PL928,2019-1-18
SO929,CC929,C929,DI929,2018-3-19,PC929,10929,PL929,2019-1-18
SO930,CC930,C930,DI930,2018-3-19,PC930,10930,PL930,2019-1-18
SO931,CC931,C931,DI931,2018-3-19,PC931,10931,PL931,2019-1-18
SO932,CC932,C932,DI932,2018-3-19,PC932,10932,PL932,2019-1-18
SO933,CC933,C933,DI933,2018-3-19,PC933,10933,PL933,2019-1-18
SO934,CC934,C934,DI934,2018-3-19,PC934,10934,PL934,2019-1-18
SO935,CC935,C935,DI935,2018-3-19,PC935,10935,PL935,2019-1-18
SO936,CC936,C936,DI936,2018-3-19,PC936,10936,PL936,2019-1-18
SO937,CC937,C937,DI937,2018-3-19,PC937,10937,PL937,2019-1-18
SO938,CC938,C938,DI938,2018-3-19,PC938,10938,PL938,2019-1-18
SO939,CC939,C939,DI939,2018-3-19,PC939,10939,PL939,2019-1-18
SO940,CC940,C940,DI940,2018-3-19,PC940,10940,PL940,2019-1-18
SO941,CC941,C941,DI941,2018-3-19,PC941,10941,PL941,2019-1-18
SO942,CC942,C942,DI942,2018-3-19,PC942,10942,PL942,2019-1-18
SO943,CC943,C943,DI943,2018-3-19,PC943,10943,PL943,2019-1-18
SO944,CC944,C944,DI944,2018-3-19,PC944,10944,PL944,2019-1-18
SO945,CC945,C945,DI945,2018-3-19,PC945,10945,PL945,2019-1-18
SO946,CC946,C946,DI946,2018-3-19,PC946,10946,PL946,2019-1-18
SO947,CC947,C947,DI947,2018-3-19,PC947,10947,PL947,2019-1-18
SO948,CC948,C948,DI948,2018-3-19,PC948,10948,PL948,2019-1-18
SO949,CC949,C949,DI949,2018-3-19,PC949,10949,PL949,2019-1-18
SO950,CC950,C950,DI950,2018-3-19,PC950,10950,PL950,2019-1-18
SO951,CC951,C951,DI951,2018-3-19,PC951,10951,PL951,2019-1-18
SO952,CC952,C952,DI952,2018-3-19,PC952,10952,PL952,2019-1-18
SO953,CC953,C953,DI953,2018-3-19,PC953,10953,PL953,2019-1-18
SO954,CC954,C954,DI954,2018-3-19,PC954,10954,PL954,2019-1-18
SO955,CC955,C955,DI955,2018-3-19,PC955,10955,PL955,2019-1-18
SO956,CC956,C956,DI956,2018-3-19,PC956,10956,PL956,2019-1-18
SO957,CC957,C957,DI957,2018-3-19,PC957,10957,PL957,2019-1-18
SO958,CC958,C958,DI958,2018-3-19,PC958,10958,PL958,2019-1-18
SO959,CC959,C959,DI959,2018-3-19,PC959,10959,PL959,2019-1-18
SO960,CC960,C960,DI960,2018-3-19,PC960,10960,PL960,2019-1-18
SO961,CC961,C961,DI961,2018-3-19,PC961,10961,PL961,2019-1-18
SO962,CC962,C962,DI962,2018-3-19,PC962,10962,PL962,2019-1-18
SO963,CC963,C963,DI963,2018-3-19,PC963,10963,PL963,2019-1-18
SO964,CC964,C964,DI964,2018-3-19,PC964,10964,PL964,2019-1-18
SO965,CC965,C965,DI965,2018-3-19,PC965,10965,PL965,2019-1-18
SO966,CC966,C966,DI966,2018-3-19,PC966,10966,PL966,2019-1-18
SO967,CC967,C967,DI967,2018-3-19,PC967,10967,PL967,2019-1-18
SO968,CC968,C968,DI968,2018-3-19,PC968,10968,PL968,2019-1-18
SO969,CC969,C969,DI969,2018-3-19,PC969,10969,PL969,2019-1-18
SO970,CC970,C970,DI970,2018-3-19,PC970,10970,PL970,2019-1-18
SO971,CC971,C971,DI971,2018-3-19,PC971,10971,PL971,2019-1-18
SO972,CC972,C972,DI972,2018-3-19,PC972,10972,PL972,2019-1-18
SO973,CC973,C973,DI973,2018-3-19,PC973,10973,PL973,2019-1-18
SO974,CC974,C974,DI974,2018-3-19,PC974,10974,PL974,2019-1-18
SO975,CC975,C975,DI975,2018-3-19,PC975,10975,PL975,2019-1-18
SO976,CC976,C976,DI976,2018-3-19,PC976,10976,PL976,2019-1-18
SO977,CC977,C977,DI977,2018-3-19,PC977,10977,PL977,2019-1-18
SO978,CC978,C978,DI978,2018-3-19,PC978,10978,PL978,2019-1-18
SO979,CC979,C979,DI979,2018-3-19,PC979,10979,PL979,2019-1-18
SO980,CC980,C980,DI980,2018-3-19,PC980,10980,PL980,2019-1-18
SO981,CC981,C981,DI981,2018-3-19,PC981,10981,PL981,2019-1-18
SO982,CC982,C982,DI982,2018-3-19,PC982,10982,PL982,2019-1-18
SO983,CC983,C983,DI983,2018-3-19,PC983,10983,PL983,2019-1-18
SO984,CC984,C984,DI984,2018-3-19,PC984,10984,PL984,2019-1-18
SO985,CC985,C985,DI985,2018-3-19,PC985,10985,PL985,2019-1-18
SO986,CC986,C986,DI986,2018-3-19,PC986,10986,PL986,2019-1-18
SO987,CC987,C987,DI987,2018-3-19,PC987,10987,PL987,2019-1-18
SO988,CC988,C988,DI988,2018-3-19,PC988,10988,PL988,2019-1-18
SO989,CC989,C989,DI989,2018-3-19,PC989,10989,PL989,2019-1-18
SO990,CC990,C990,DI990,2018-3-19,PC990,10990,PL990,2019-1-18
SO991,CC991,C991,DI991,2018-3-19,PC991,10991,PL991,2019-1-18
SO992,CC992,C992,DI992,2018-3-19,PC992,10992,PL992,2019-1-18
SO993,CC993,C993,DI993,2018-3-19,PC993,10993,PL993,2019-1-18
SO994,CC994,C994,DI994,2018-3-19,PC994,10994,PL994,2019-1-18
SO995,CC995,C995,DI995,2018-3-19,PC995,10995,PL995,2019-1-18
SO996,CC996,C996,DI996,2018-3-19,PC996,10996,PL996,2019-1-18
SO997,CC997,C997,DI997,2018-3-19,PC997,10997,PL997,2019-1-18
SO998,CC998,C998,DI998,2018-3-19,PC998,10998,PL998,2019-1-18
SO999,CC999,C999,DI999,2018-3-19,PC999,10999,PL999,2019-1-18
SO1000,CC1000,C1000,DI1000,2018-3-19,PC1000,101000,PL1000,2019-1-18