po_id,batch_id,dispatched_date,item_id,quantity,expiry_date,supplier_code,co_ords
PO1,BI1,2019-1-18,item1,101,2019-1-18,SC1,C1
PO2,BI2,2019-1-18,item2,102,2019-1-18,SC2,C2
PO3,BI3,2019-1-18,item3,103,2019-1-18,SC3,C3
PO4,BI4,2019-1-18,item4,104,2019-1-18,SC4,C4
PO5,BI5,2019-1-18,item5,105,2019-1-18,SC5,C5
PO6,BI6,2019-1-18,item6,106,2019-1-18,SC6,C6
PO7,BI7,2019-1-18,item7,107,2019-1-18,SC7,C7
PO8,BI8,2019-1-18,item8,108,2019-1-18,SC8,C8
PO9,BI9,2019-1-18,item9,109,2019-1-18,SC9,C9
PO10,BI10,2019-1-18,item10,1010,2019-1-18,SC10,C10
PO11,BI11,2019-1-18,item11,1011,2019-1-18,SC11,C11
PO12,BI12,2019-1-18,item12,1012,2019-1-18,SC12,C12
PO13,BI13,2019-1-18,item13,1013,2019-1-18,SC13,C13
PO14,BI14,2019-1-18,item14,1014,2019-1-18,SC14,C14
PO15,BI15,2019-1-18,item15,1015,2019-1-18,SC15,C15
PO16,BI16,2019-1-18,item16,1016,2019-1-18,SC16,C16
PO17,BI17,2019-1-18,item17,1017,2019-1-18,SC17,C17
PO18,BI18,2019-1-18,item18,1018,2019-1-18,SC18,C18
PO19,BI19,2019-1-18,item19,1019,2019-1-18,SC19,C19
PO20,BI20,2019-1-18,item20,1020,2019-1-18,SC20,C20
PO21,BI21,2019-1-18,item21,1021,2019-1-18,SC21,C21
PO22,BI22,2019-1-18,item22,1022,2019-1-18,SC22,C22
PO23,BI23,2019-1-18,item23,1023,2019-1-18,SC23,C23
PO24,BI24,2019-1-18,item24,1024,2019-1-18,SC24,C24
PO25,BI25,2019-1-18,item25,1025,2019-1-18,SC25,C25
PO26,BI26,2019-1-18,item26,1026,2019-1-18,SC26,C26
PO27,BI27,2019-1-18,item27,1027,2019-1-18,SC27,C27
PO28,BI28,2019-1-18,item28,1028,2019-1-18,SC28,C28
PO29,BI29,2019-1-18,item29,1029,2019-1-18,SC29,C29
PO30,BI30,2019-1-18,item30,1030,2019-1-18,SC30,C30
PO31,BI31,2019-1-18,item31,1031,2019-1-18,SC31,C31
PO32,BI32,2019-1-18,item32,1032,2019-1-18,SC32,C32
PO33,BI33,2019-1-18,item33,1033,2019-1-18,SC33,C33
PO34,BI34,2019-1-18,item34,1034,2019-1-18,SC34,C34
PO35,BI35,2019-1-18,item35,1035,2019-1-18,SC35,C35
PO36,BI36,2019-1-18,item36,1036,2019-1-18,SC36,C36
PO37,BI37,2019-1-18,item37,1037,2019-1-18,SC37,C37
PO38,BI38,2019-1-18,item38,1038,2019-1-18,SC38,C38
PO39,BI39,2019-1-18,item39,1039,2019-1-18,SC39,C39
PO40,BI40,2019-1-18,item40,1040,2019-1-18,SC40,C40
PO41,BI41,2019-1-18,item41,1041,2019-1-18,SC41,C41
PO42,BI42,2019-1-18,item42,1042,2019-1-18,SC42,C42
PO43,BI43,2019-1-18,item43,1043,2019-1-18,SC43,C43
PO44,BI44,2019-1-18,item44,1044,2019-1-18,SC44,C44
PO45,BI45,2019-1-18,item45,1045,2019-1-18,SC45,C45
PO46,BI46,2019-1-18,item46,1046,2019-1-18,SC46,C46
PO47,BI47,2019-1-18,item47,1047,2019-1-18,SC47,C47
PO48,BI48,2019-1-18,item48,1048,2019-1-18,SC48,C48
PO49,BI49,2019-1-18,item49,1049,2019-1-18,SC49,C49
PO50,BI50,2019-1-18,item50,1050,2019-1-18,SC50,C50
PO51,BI51,2019-1-18,item51,1051,2019-1-18,SC51,C51
PO52,BI52,2019-1-18,item52,1052,2019-1-18,SC52,C52
PO53,BI53,2019-1-18,item53,1053,2019-1-18,SC53,C53
PO54,BI54,2019-1-18,item54,1054,2019-1-18,SC54,C54
PO55,BI55,2019-1-18,item55,1055,2019-1-18,SC55,C55
PO56,BI56,2019-1-18,item56,1056,2019-1-18,SC56,C56
PO57,BI57,2019-1-18,item57,1057,2019-1-18,SC57,C57
PO58,BI58,2019-1-18,item58,1058,2019-1-18,SC58,C58
PO59,BI59,2019-1-18,item59,1059,2019-1-18,SC59,C59
PO60,BI60,2019-1-18,item60,1060,2019-1-18,SC60,C60
PO61,BI61,2019-1-18,item61,1061,2019-1-18,SC61,C61
PO62,BI62,2019-1-18,item62,1062,2019-1-18,SC62,C62
PO63,BI63,2019-1-18,item63,1063,2019-1-18,SC63,C63
PO64,BI64,2019-1-18,item64,1064,2019-1-18,SC64,C64
PO65,BI65,2019-1-18,item65,1065,2019-1-18,SC65,C65
PO66,BI66,2019-1-18,item66,1066,2019-1-18,SC66,C66
PO67,BI67,2019-1-18,item67,1067,2019-1-18,SC67,C67
PO68,BI68,2019-1-18,item68,1068,2019-1-18,SC68,C68
PO69,BI69,2019-1-18,item69,1069,2019-1-18,SC69,C69
PO70,BI70,2019-1-18,item70,1070,2019-1-18,SC70,C70
PO71,BI71,2019-1-18,item71,1071,2019-1-18,SC71,C71
PO72,BI72,2019-1-18,item72,1072,2019-1-18,SC72,C72
PO73,BI73,2019-1-18,item73,1073,2019-1-18,SC73,C73
PO74,BI74,2019-1-18,item74,1074,2019-1-18,SC74,C74
PO75,BI75,2019-1-18,item75,1075,2019-1-18,SC75,C75
PO76,BI76,2019-1-18,item76,1076,2019-1-18,SC76,C76
PO77,BI77,2019-1-18,item77,1077,2019-1-18,SC77,C77
PO78,BI78,2019-1-18,item78,1078,2019-1-18,SC78,C78
PO79,BI79,2019-1-18,item79,1079,2019-1-18,SC79,C79
PO80,BI80,2019-1-18,item80,1080,2019-1-18,SC80,C80
PO81,BI81,2019-1-18,item81,1081,2019-1-18,SC81,C81
PO82,BI82,2019-1-18,item82,1082,2019-1-18,SC82,C82
PO83,BI83,2019-1-18,item83,1083,2019-1-18,SC83,C83
PO84,BI84,2019-1-18,item84,1084,2019-1-18,SC84,C84
PO85,BI85,2019-1-18,item85,1085,2019-1-18,SC85,C85
PO86,BI86,2019-1-18,item86,1086,2019-1-18,SC86,C86
PO87,BI87,2019-1-18,item87,1087,2019-1-18,SC87,C87
PO88,BI88,2019-1-18,item88,1088,2019-1-18,SC88,C88
PO89,BI89,2019-1-18,item89,1089,2019-1-18,SC89,C89
PO90,BI90,2019-1-18,item90,1090,2019-1-18,SC90,C90
PO91,BI91,2019-1-18,item91,1091,2019-1-18,SC91,C91
PO92,BI92,2019-1-18,item92,1092,2019-1-18,SC92,C92
PO93,BI93,2019-1-18,item93,1093,2019-1-18,SC93,C93
PO94,BI94,2019-1-18,item94,1094,2019-1-18,SC94,C94
PO95,BI95,2019-1-18,item95,1095,2019-1-18,SC95,C95
PO96,BI96,2019-1-18,item96,1096,2019-1-18,SC96,C96
PO97,BI97,2019-1-18,item97,1097,2019-1-18,SC97,C97
PO98,BI98,2019-1-18,item98,1098,2019-1-18,SC98,C98
PO99,BI99,2019-1-18,item99,1099,2019-1-18,SC99,C99
PO100,BI100,2019-1-18,item100,10100,2019-1-18,SC100,C100
PO101,BI101,2019-1-18,item101,10101,2019-1-18,SC101,C101
PO102,BI102,2019-1-18,item102,10102,2019-1-18,SC102,C102
PO103,BI103,2019-1-18,item103,10103,2019-1-18,SC103,C103
PO104,BI104,2019-1-18,item104,10104,2019-1-18,SC104,C104
PO105,BI105,2019-1-18,item105,10105,2019-1-18,SC105,C105
PO106,BI106,2019-1-18,item106,10106,2019-1-18,SC106,C106
PO107,BI107,2019-1-18,item107,10107,2019-1-18,SC107,C107
PO108,BI108,2019-1-18,item108,10108,2019-1-18,SC108,C108
PO109,BI109,2019-1-18,item109,10109,2019-1-18,SC109,C109
PO110,BI110,2019-1-18,item110,10110,2019-1-18,SC110,C110
PO111,BI111,2019-1-18,item111,10111,2019-1-18,SC111,C111
PO112,BI112,2019-1-18,item112,10112,2019-1-18,SC112,C112
PO113,BI113,2019-1-18,item113,10113,2019-1-18,SC113,C113
PO114,BI114,2019-1-18,item114,10114,2019-1-18,SC114,C114
PO115,BI115,2019-1-18,item115,10115,2019-1-18,SC115,C115
PO116,BI116,2019-1-18,item116,10116,2019-1-18,SC116,C116
PO117,BI117,2019-1-18,item117,10117,2019-1-18,SC117,C117
PO118,BI118,2019-1-18,item118,10118,2019-1-18,SC118,C118
PO119,BI119,2019-1-18,item119,10119,2019-1-18,SC119,C119
PO120,BI120,2019-1-18,item120,10120,2019-1-18,SC120,C120
PO121,BI121,2019-1-18,item121,10121,2019-1-18,SC121,C121
PO122,BI122,2019-1-18,item122,10122,2019-1-18,SC122,C122
PO123,BI123,2019-1-18,item123,10123,2019-1-18,SC123,C123
PO124,BI124,2019-1-18,item124,10124,2019-1-18,SC124,C124
PO125,BI125,2019-1-18,item125,10125,2019-1-18,SC125,C125
PO126,BI126,2019-1-18,item126,10126,2019-1-18,SC126,C126
PO127,BI127,2019-1-18,item127,10127,2019-1-18,SC127,C127
PO128,BI128,2019-1-18,item128,10128,2019-1-18,SC128,C128
PO129,BI129,2019-1-18,item129,10129,2019-1-18,SC129,C129
PO130,BI130,2019-1-18,item130,10130,2019-1-18,SC130,C130
PO131,BI131,2019-1-18,item131,10131,2019-1-18,SC131,C131
PO132,BI132,2019-1-18,item132,10132,2019-1-18,SC132,C132
PO133,BI133,2019-1-18,item133,10133,2019-1-18,SC133,C133
PO134,BI134,2019-1-18,item134,10134,2019-1-18,SC134,C134
PO135,BI135,2019-1-18,item135,10135,2019-1-18,SC135,C135
PO136,BI136,2019-1-18,item136,10136,2019-1-18,SC136,C136
PO137,BI137,2019-1-18,item137,10137,2019-1-18,SC137,C137
PO138,BI138,2019-1-18,item138,10138,2019-1-18,SC138,C138
PO139,BI139,2019-1-18,item139,10139,2019-1-18,SC139,C139
PO140,BI140,2019-1-18,item140,10140,2019-1-18,SC140,C140
PO141,BI141,2019-1-18,item141,10141,2019-1-18,SC141,C141
PO142,BI142,2019-1-18,item142,10142,2019-1-18,SC142,C142
PO143,BI143,2019-1-18,item143,10143,2019-1-18,SC143,C143
PO144,BI144,2019-1-18,item144,10144,2019-1-18,SC144,C144
PO145,BI145,2019-1-18,item145,10145,2019-1-18,SC145,C145
PO146,BI146,2019-1-18,item146,10146,2019-1-18,SC146,C146
PO147,BI147,2019-1-18,item147,10147,2019-1-18,SC147,C147
PO148,BI148,2019-1-18,item148,10148,2019-1-18,SC148,C148
PO149,BI149,2019-1-18,item149,10149,2019-1-18,SC149,C149
PO150,BI150,2019-1-18,item150,10150,2019-1-18,SC150,C150
PO151,BI151,2019-1-18,item151,10151,2019-1-18,SC151,C151
PO152,BI152,2019-1-18,item152,10152,2019-1-18,SC152,C152
PO153,BI153,2019-1-18,item153,10153,2019-1-18,SC153,C153
PO154,BI154,2019-1-18,item154,10154,2019-1-18,SC154,C154
PO155,BI155,2019-1-18,item155,10155,2019-1-18,SC155,C155
PO156,BI156,2019-1-18,item156,10156,2019-1-18,SC156,C156
PO157,BI157,2019-1-18,item157,10157,2019-1-18,SC157,C157
PO158,BI158,2019-1-18,item158,10158,2019-1-18,SC158,C158
PO159,BI159,2019-1-18,item159,10159,2019-1-18,SC159,C159
PO160,BI160,2019-1-18,item160,10160,2019-1-18,SC160,C160
PO161,BI161,2019-1-18,item161,10161,2019-1-18,SC161,C161
PO162,BI162,2019-1-18,item162,10162,2019-1-18,SC162,C162
PO163,BI163,2019-1-18,item163,10163,2019-1-18,SC163,C163
PO164,BI164,2019-1-18,item164,10164,2019-1-18,SC164,C164
PO165,BI165,2019-1-18,item165,10165,2019-1-18,SC165,C165
PO166,BI166,2019-1-18,item166,10166,2019-1-18,SC166,C166
PO167,BI167,2019-1-18,item167,10167,2019-1-18,SC167,C167
PO168,BI168,2019-1-18,item168,10168,2019-1-18,SC168,C168
PO169,BI169,2019-1-18,item169,10169,2019-1-18,SC169,C169
PO170,BI170,2019-1-18,item170,10170,2019-1-18,SC170,C170
PO171,BI171,2019-1-18,item171,10171,2019-1-18,SC171,C171
PO172,BI172,2019-1-18,item172,10172,2019-1-18,SC172,C172
PO173,BI173,2019-1-18,item173,10173,2019-1-18,SC173,C173
PO174,BI174,2019-1-18,item174,10174,2019-1-18,SC174,C174
PO175,BI175,2019-1-18,item175,10175,2019-1-18,SC175,C175
PO176,BI176,2019-1-18,item176,10176,2019-1-18,SC176,C176
PO177,BI177,2019-1-18,item177,10177,2019-1-18,SC177,C177
PO178,BI178,2019-1-18,item178,10178,2019-1-18,SC178,C178
PO179,BI179,2019-1-18,item179,10179,2019-1-18,SC179,C179
PO180,BI180,2019-1-18,item180,10180,2019-1-18,SC180,C180
PO181,BI181,2019-1-18,item181,10181,2019-1-18,SC181,C181
PO182,BI182,2019-1-18,item182,10182,2019-1-18,SC182,C182
PO183,BI183,2019-1-18,item183,10183,2019-1-18,SC183,C183
PO184,BI184,2019-1-18,item184,10184,2019-1-18,SC184,C184
PO185,BI185,2019-1-18,item185,10185,2019-1-18,SC185,C185
PO186,BI186,2019-1-18,item186,10186,2019-1-18,SC186,C186
PO187,BI187,2019-1-18,item187,10187,2019-1-18,SC187,C187
PO188,BI188,2019-1-18,item188,10188,2019-1-18,SC188,C188
PO189,BI189,2019-1-18,item189,10189,2019-1-18,SC189,C189
PO190,BI190,2019-1-18,item190,10190,2019-1-18,SC190,C190
PO191,BI191,2019-1-18,item191,10191,2019-1-18,SC191,C191
PO192,BI192,2019-1-18,item192,10192,2019-1-18,SC192,C192
PO193,BI193,2019-1-18,item193,10193,2019-1-18,SC193,C193
PO194,BI194,2019-1-18,item194,10194,2019-1-18,SC194,C194
PO195,BI195,2019-1-18,item195,10195,2019-1-18,SC195,C195
PO196,BI196,2019-1-18,item196,10196,2019-1-18,SC196,C196
PO197,BI197,2019-1-18,item197,10197,2019-1-18,SC197,C197
PO198,BI198,2019-1-18,item198,10198,2019-1-18,SC198,C198
PO199,BI199,2019-1-18,item199,10199,2019-1-18,SC199,C199
PO200,BI200,2019-1-18,item200,10200,2019-1-18,SC200,C200
PO201,BI201,2019-1-18,item201,10201,2019-1-18,SC201,C201
PO202,BI202,2019-1-18,item202,10202,2019-1-18,SC202,C202
PO203,BI203,2019-1-18,item203,10203,2019-1-18,SC203,C203
PO204,BI204,2019-1-18,item204,10204,2019-1-18,SC204,C204
PO205,BI205,2019-1-18,item205,10205,2019-1-18,SC205,C205
PO206,BI206,2019-1-18,item206,10206,2019-1-18,SC206,C206
PO207,BI207,2019-1-18,item207,10207,2019-1-18,SC207,C207
PO208,BI208,2019-1-18,item208,10208,2019-1-18,SC208,C208
PO209,BI209,2019-1-18,item209,10209,2019-1-18,SC209,C209
PO210,BI210,2019-1-18,item210,10210,2019-1-18,SC210,C210
PO211,BI211,2019-1-18,item211,10211,2019-1-18,SC211,C211
PO212,BI212,2019-1-18,item212,10212,2019-1-18,SC212,C212
PO213,BI213,2019-1-18,item213,10213,2019-1-18,SC213,C213
PO214,BI214,2019-1-18,item214,10214,2019-1-18,SC214,C214
PO215,BI215,2019-1-18,item215,10215,2019-1-18,SC215,C215
PO216,BI216,2019-1-18,item216,10216,2019-1-18,SC216,C216
PO217,BI217,2019-1-18,item217,10217,2019-1-18,SC217,C217
PO218,BI218,2019-1-18,item218,10218,2019-1-18,SC218,C218
PO219,BI219,2019-1-18,item219,10219,2019-1-18,SC219,C219
PO220,BI220,2019-1-18,item220,10220,2019-1-18,SC220,C220
PO221,BI221,2019-1-18,item221,10221,2019-1-18,SC221,C221
PO222,BI222,2019-1-18,item222,10222,2019-1-18,SC222,C222
PO223,BI223,2019-1-18,item223,10223,2019-1-18,SC223,C223
PO224,BI224,2019-1-18,item224,10224,2019-1-18,SC224,C224
PO225,BI225,2019-1-18,item225,10225,2019-1-18,SC225,C225
PO226,BI226,2019-1-18,item226,10226,2019-1-18,SC226,C226
PO227,BI227,2019-1-18,item227,10227,2019-1-18,SC227,C227
PO228,BI228,2019-1-18,item228,10228,2019-1-18,SC228,C228
PO229,BI229,2019-1-18,item229,10229,2019-1-18,SC229,C229
PO230,BI230,2019-1-18,item230,10230,2019-1-18,SC230,C230
PO231,BI231,2019-1-18,item231,10231,2019-1-18,SC231,C231
PO232,BI232,2019-1-18,item232,10232,2019-1-18,SC232,C232
PO233,BI233,2019-1-18,item233,10233,2019-1-18,SC233,C233
PO234,BI234,2019-1-18,item234,10234,2019-1-18,SC234,C234
PO235,BI235,2019-1-18,item235,10235,2019-1-18,SC235,C235
PO236,BI236,2019-1-18,item236,10236,2019-1-18,SC236,C236
PO237,BI237,2019-1-18,item237,10237,2019-1-18,SC237,C237
PO238,BI238,2019-1-18,item238,10238,2019-1-18,SC238,C238
PO239,BI239,2019-1-18,item239,10239,2019-1-18,SC239,C239
PO240,BI240,2019-1-18,item240,10240,2019-1-18,SC240,C240
PO241,BI241,2019-1-18,item241,10241,2019-1-18,SC241,C241
PO242,BI242,2019-1-18,item242,10242,2019-1-18,SC242,C242
PO243,BI243,2019-1-18,item243,10243,2019-1-18,SC243,C243
PO244,BI244,2019-1-18,item244,10244,2019-1-18,SC244,C244
PO245,BI245,2019-1-18,item245,10245,2019-1-18,SC245,C245
PO246,BI246,2019-1-18,item246,10246,2019-1-18,SC246,C246
PO247,BI247,2019-1-18,item247,10247,2019-1-18,SC247,C247
PO248,BI248,2019-1-18,item248,10248,2019-1-18,SC248,C248
PO249,BI249,2019-1-18,item249,10249,2019-1-18,SC249,C249
PO250,BI250,2019-1-18,item250,10250,2019-1-18,SC250,C250
PO251,BI251,2019-1-18,item251,10251,2019-1-18,SC251,C251
PO252,BI252,2019-1-18,item252,10252,2019-1-18,SC252,C252
PO253,BI253,2019-1-18,item253,10253,2019-1-18,SC253,C253
PO254,BI254,2019-1-18,item254,10254,2019-1-18,SC254,C254
PO255,BI255,2019-1-18,item255,10255,2019-1-18,SC255,C255
PO256,BI256,2019-1-18,item256,10256,2019-1-18,SC256,C256
PO257,BI257,2019-1-18,item257,10257,2019-1-18,SC257,C257
PO258,BI258,2019-1-18,item258,10258,2019-1-18,SC258,C258
PO259,BI259,2019-1-18,item259,10259,2019-1-18,SC259,C259
PO260,BI260,2019-1-18,item260,10260,2019-1-18,SC260,C260
PO261,BI261,2019-1-18,item261,10261,2019-1-18,SC261,C261
PO262,BI262,2019-1-18,item262,10262,2019-1-18,SC262,C262
PO263,BI263,2019-1-18,item263,10263,2019-1-18,SC263,C263
PO264,BI264,2019-1-18,item264,10264,2019-1-18,SC264,C264
PO265,BI265,2019-1-18,item265,10265,2019-1-18,SC265,C265
PO266,BI266,2019-1-18,item266,10266,2019-1-18,SC266,C266
PO267,BI267,2019-1-18,item267,10267,2019-1-18,SC267,C267
PO268,BI268,2019-1-18,item268,10268,2019-1-18,SC268,C268
PO269,BI269,2019-1-18,item269,10269,2019-1-18,SC269,C269
PO270,BI270,2019-1-18,item270,10270,2019-1-18,SC270,C270
PO271,BI271,2019-1-18,item271,10271,2019-1-18,SC271,C271
PO272,BI272,2019-1-18,item272,10272,2019-1-18,SC272,C272
PO273,BI273,2019-1-18,item273,10273,2019-1-18,SC273,C273
PO274,BI274,2019-1-18,item274,10274,2019-1-18,SC274,C274
PO275,BI275,2019-1-18,item275,10275,2019-1-18,SC275,C275
PO276,BI276,2019-1-18,item276,10276,2019-1-18,SC276,C276
PO277,BI277,2019-1-18,item277,10277,2019-1-18,SC277,C277
PO278,BI278,2019-1-18,item278,10278,2019-1-18,SC278,C278
PO279,BI279,2019-1-18,item279,10279,2019-1-18,SC279,C279
PO280,BI280,2019-1-18,item280,10280,2019-1-18,SC280,C280
PO281,BI281,2019-1-18,item281,10281,2019-1-18,SC281,C281
PO282,BI282,2019-1-18,item282,10282,2019-1-18,SC282,C282
PO283,BI283,2019-1-18,item283,10283,2019-1-18,SC283,C283
PO284,BI284,2019-1-18,item284,10284,2019-1-18,SC284,C284
PO285,BI285,2019-1-18,item285,10285,2019-1-18,SC285,C285
PO286,BI286,2019-1-18,item286,10286,2019-1-18,SC286,C286
PO287,BI287,2019-1-18,item287,10287,2019-1-18,SC287,C287
PO288,BI288,2019-1-18,item288,10288,2019-1-18,SC288,C288
PO289,BI289,2019-1-18,item289,10289,2019-1-18,SC289,C289
PO290,BI290,2019-1-18,item290,10290,2019-1-18,SC290,C290
PO291,BI291,2019-1-18,item291,10291,2019-1-18,SC291,C291
PO292,BI292,2019-1-18,item292,10292,2019-1-18,SC292,C292
PO293,BI293,2019-1-18,item293,10293,2019-1-18,SC293,C293
PO294,BI294,2019-1-18,item294,10294,2019-1-18,SC294,C294
PO295,BI295,2019-1-18,item295,10295,2019-1-18,SC295,C295
PO296,BI296,2019-1-18,item296,10296,2019-1-18,SC296,C296
PO297,BI297,2019-1-18,item297,10297,2019-1-18,SC297,C297
PO298,BI298,2019-1-18,item298,10298,2019-1-18,SC298,C298
PO299,BI299,2019-1-18,item299,10299,2019-1-18,SC299,C299
PO300,BI300,2019-1-18,item300,10300,2019-1-18,SC300,C300
PO301,BI301,2019-1-18,item301,10301,2019-1-18,SC301,C301
PO302,BI302,2019-1-18,item302,10302,2019-1-18,SC302,C302
PO303,BI303,2019-1-18,item303,10303,2019-1-18,SC303,C303
PO304,BI304,2019-1-18,item304,10304,2019-1-18,SC304,C304
PO305,BI305,2019-1-18,item305,10305,2019-1-18,SC305,C305
PO306,BI306,2019-1-18,item306,10306,2019-1-18,SC306,C306
PO307,BI307,2019-1-18,item307,10307,2019-1-18,SC307,C307
PO308,BI308,2019-1-18,item308,10308,2019-1-18,SC308,C308
PO309,BI309,2019-1-18,item309,10309,2019-1-18,SC309,C309
PO310,BI310,2019-1-18,item310,10310,2019-1-18,SC310,C310
PO311,BI311,2019-1-18,item311,10311,2019-1-18,SC311,C311
PO312,BI312,2019-1-18,item312,10312,2019-1-18,SC312,C312
PO313,BI313,2019-1-18,item313,10313,2019-1-18,SC313,C313
PO314,BI314,2019-1-18,item314,10314,2019-1-18,SC314,C314
PO315,BI315,2019-1-18,item315,10315,2019-1-18,SC315,C315
PO316,BI316,2019-1-18,item316,10316,2019-1-18,SC316,C316
PO317,BI317,2019-1-18,item317,10317,2019-1-18,SC317,C317
PO318,BI318,2019-1-18,item318,10318,2019-1-18,SC318,C318
PO319,BI319,2019-1-18,item319,10319,2019-1-18,SC319,C319
PO320,BI320,2019-1-18,item320,10320,2019-1-18,SC320,C320
PO321,BI321,2019-1-18,item321,10321,2019-1-18,SC321,C321
PO322,BI322,2019-1-18,item322,10322,2019-1-18,SC322,C322
PO323,BI323,2019-1-18,item323,10323,2019-1-18,SC323,C323
PO324,BI324,2019-1-18,item324,10324,2019-1-18,SC324,C324
PO325,BI325,2019-1-18,item325,10325,2019-1-18,SC325,C325
PO326,BI326,2019-1-18,item326,10326,2019-1-18,SC326,C326
PO327,BI327,2019-1-18,item327,10327,2019-1-18,SC327,C327
PO328,BI328,2019-1-18,item328,10328,2019-1-18,SC328,C328
PO329,BI329,2019-1-18,item329,10329,2019-1-18,SC329,C329
PO330,BI330,2019-1-18,item330,10330,2019-1-18,SC330,C330
PO331,BI331,2019-1-18,item331,10331,2019-1-18,SC331,C331
PO332,BI332,2019-1-18,item332,10332,2019-1-18,SC332,C332
PO333,BI333,2019-1-18,item333,10333,2019-1-18,SC333,C333
PO334,BI334,2019-1-18,item334,10334,2019-1-18,SC334,C334
PO335,BI335,2019-1-18,item335,10335,2019-1-18,SC335,C335
PO336,BI336,2019-1-18,item336,10336,2019-1-18,SC336,C336
PO337,BI337,2019-1-18,item337,10337,2019-1-18,SC337,C337
PO338,BI338,2019-1-18,item338,10338,2019-1-18,SC338,C338
PO339,BI339,2019-1-18,item339,10339,2019-1-18,SC339,C339
PO340,BI340,2019-1-18,item340,10340,2019-1-18,SC340,C340
PO341,BI341,2019-1-18,item341,10341,2019-1-18,SC341,C341
PO342,BI342,2019-1-18,item342,10342,2019-1-18,SC342,C342
PO343,BI343,2019-1-18,item343,10343,2019-1-18,SC343,C343
PO344,BI344,2019-1-18,item344,10344,2019-1-18,SC344,C344
PO345,BI345,2019-1-18,item345,10345,2019-1-18,SC345,C345
PO346,BI346,2019-1-18,item346,10346,2019-1-18,SC346,C346
PO347,BI347,2019-1-18,item347,10347,2019-1-18,SC347,C347
PO348,BI348,2019-1-18,item348,10348,2019-1-18,SC348,C348
PO349,BI349,2019-1-18,item349,10349,2019-1-18,SC349,C349
PO350,BI350,2019-1-18,item350,10350,2019-1-18,SC350,C350
PO351,BI351,2019-1-18,item351,10351,2019-1-18,SC351,C351
PO352,BI352,2019-1-18,item352,10352,2019-1-18,SC352,C352
PO353,BI353,2019-1-18,item353,10353,2019-1-18,SC353,C353
PO354,BI354,2019-1-18,item354,10354,2019-1-18,SC354,C354
PO355,BI355,2019-1-18,item355,10355,2019-1-18,SC355,C355
PO356,BI356,2019-1-18,item356,10356,2019-1-18,SC356,C356
PO357,BI357,2019-1-18,item357,10357,2019-1-18,SC357,C357
PO358,BI358,2019-1-18,item358,10358,2019-1-18,SC358,C358
PO359,BI359,2019-1-18,item359,10359,2019-1-18,SC359,C359
PO360,BI360,2019-1-18,item360,10360,2019-1-18,SC360,C360
PO361,BI361,2019-1-18,item361,10361,2019-1-18,SC361,C361
PO362,BI362,2019-1-18,item362,10362,2019-1-18,SC362,C362
PO363,BI363,2019-1-18,item363,10363,2019-1-18,SC363,C363
PO364,BI364,2019-1-18,item364,10364,2019-1-18,SC364,C364
PO365,BI365,2019-1-18,item365,10365,2019-1-18,SC365,C365
PO366,BI366,2019-1-18,item366,10366,2019-1-18,SC366,C366
PO367,BI367,2019-1-18,item367,10367,2019-1-18,SC367,C367
PO368,BI368,2019-1-18,item368,10368,2019-1-18,SC368,C368
PO369,BI369,2019-1-18,item369,10369,2019-1-18,SC369,C369
PO370,BI370,2019-1-18,item370,10370,2019-1-18,SC370,C370
PO371,BI371,2019-1-18,item371,10371,2019-1-18,SC371,C371
PO372,BI372,2019-1-18,item372,10372,2019-1-18,SC372,C372
PO373,BI373,2019-1-18,item373,10373,2019-1-18,SC373,C373
PO374,BI374,2019-1-18,item374,10374,2019-1-18,SC374,C374
PO375,BI375,2019-1-18,item375,10375,2019-1-18,SC375,C375
PO376,BI376,2019-1-18,item376,10376,2019-1-18,SC376,C376
PO377,BI377,2019-1-18,item377,10377,2019-1-18,SC377,C377
PO378,BI378,2019-1-18,item378,10378,2019-1-18,SC378,C378
PO379,BI379,2019-1-18,item379,10379,2019-1-18,SC379,C379
PO380,BI380,2019-1-18,item380,10380,2019-1-18,SC380,C380
PO381,BI381,2019-1-18,item381,10381,2019-1-18,SC381,C381
PO382,BI382,2019-1-18,item382,10382,2019-1-18,SC382,C382
PO383,BI383,2019-1-18,item383,10383,2019-1-18,SC383,C383
PO384,BI384,2019-1-18,item384,10384,2019-1-18,SC384,C384
PO385,BI385,2019-1-18,item385,10385,2019-1-18,SC385,C385
PO386,BI386,2019-1-18,item386,10386,2019-1-18,SC386,C386
PO387,BI387,2019-1-18,item387,10387,2019-1-18,SC387,C387
PO388,BI388,2019-1-18,item388,10388,2019-1-18,SC388,C388
PO389,BI389,2019-1-18,item389,10389,2019-1-18,SC389,C389
PO390,BI390,2019-1-18,item390,10390,2019-1-18,SC390,C390
PO391,BI391,2019-1-18,item391,10391,2019-1-18,SC391,C391
PO392,BI392,2019-1-18,item392,10392,2019-1-18,SC392,C392
PO393,BI393,2019-1-18,item393,10393,2019-1-18,SC393,C393
PO394,BI394,2019-1-18,item394,10394,2019-1-18,SC394,C394
PO395,BI395,2019-1-18,item395,10395,2019-1-18,SC395,C395
PO396,BI396,2019-1-18,item396,10396,2019-1-18,SC396,C396
PO397,BI397,2019-1-18,item397,10397,2019-1-18,SC397,C397
PO398,BI398,2019-1-18,item398,10398,2019-1-18,SC398,C398
PO399,BI399,2019-1-18,item399,10399,2019-1-18,SC399,C399
PO400,BI400,2019-1-18,item400,10400,2019-1-18,SC400,C400
PO401,BI401,2019-1-18,item401,10401,2019-1-18,SC401,C401
PO402,BI402,2019-1-18,item402,10402,2019-1-18,SC402,C402
PO403,BI403,2019-1-18,item403,10403,2019-1-18,SC403,C403
PO404,BI404,2019-1-18,item404,10404,2019-1-18,SC404,C404
PO405,BI405,2019-1-18,item405,10405,2019-1-18,SC405,C405
PO406,BI406,2019-1-18,item406,10406,2019-1-18,SC406,C406
PO407,BI407,2019-1-18,item407,10407,2019-1-18,SC407,C407
PO408,BI408,2019-1-18,item408,10408,2019-1-18,SC408,C408
PO409,BI409,2019-1-18,item409,10409,2019-1-18,SC409,C409
PO410,BI410,2019-1-18,item410,10410,2019-1-18,SC410,C410
PO411,BI411,2019-1-18,item411,10411,2019-1-18,SC411,C411
PO412,BI412,2019-1-18,item412,10412,2019-1-18,SC412,C412
PO413,BI413,2019-1-18,item413,10413,2019-1-18,SC413,C413
PO414,BI414,2019-1-18,item414,10414,2019-1-18,SC414,C414
PO415,BI415,2019-1-18,item415,10415,2019-1-18,SC415,C415
PO416,BI416,2019-1-18,item416,10416,2019-1-18,SC416,C416
PO417,BI417,2019-1-18,item417,10417,2019-1-18,SC417,C417
PO418,BI418,2019-1-18,item418,10418,2019-1-18,SC418,C418
PO419,BI419,2019-1-18,item419,10419,2019-1-18,SC419,C419
PO420,BI420,2019-1-18,item420,10420,2019-1-18,SC420,C420
PO421,BI421,2019-1-18,item421,10421,2019-1-18,SC421,C421
PO422,BI422,2019-1-18,item422,10422,2019-1-18,SC422,C422
PO423,BI423,2019-1-18,item423,10423,2019-1-18,SC423,C423
PO424,BI424,2019-1-18,item424,10424,2019-1-18,SC424,C424
PO425,BI425,2019-1-18,item425,10425,2019-1-18,SC425,C425
PO426,BI426,2019-1-18,item426,10426,2019-1-18,SC426,C426
PO427,BI427,2019-1-18,item427,10427,2019-1-18,SC427,C427
PO428,BI428,2019-1-18,item428,10428,2019-1-18,SC428,C428
PO429,BI429,2019-1-18,item429,10429,2019-1-18,SC429,C429
PO430,BI430,2019-1-18,item430,10430,2019-1-18,SC430,C430
PO431,BI431,2019-1-18,item431,10431,2019-1-18,SC431,C431
PO432,BI432,2019-1-18,item432,10432,2019-1-18,SC432,C432
PO433,BI433,2019-1-18,item433,10433,2019-1-18,SC433,C433
PO434,BI434,2019-1-18,item434,10434,2019-1-18,SC434,C434
PO435,BI435,2019-1-18,item435,10435,2019-1-18,SC435,C435
PO436,BI436,2019-1-18,item436,10436,2019-1-18,SC436,C436
PO437,BI437,2019-1-18,item437,10437,2019-1-18,SC437,C437
PO438,BI438,2019-1-18,item438,10438,2019-1-18,SC438,C438
PO439,BI439,2019-1-18,item439,10439,2019-1-18,SC439,C439
PO440,BI440,2019-1-18,item440,10440,2019-1-18,SC440,C440
PO441,BI441,2019-1-18,item441,10441,2019-1-18,SC441,C441
PO442,BI442,2019-1-18,item442,10442,2019-1-18,SC442,C442
PO443,BI443,2019-1-18,item443,10443,2019-1-18,SC443,C443
PO444,BI444,2019-1-18,item444,10444,2019-1-18,SC444,C444
PO445,BI445,2019-1-18,item445,10445,2019-1-18,SC445,C445
PO446,BI446,2019-1-18,item446,10446,2019-1-18,SC446,C446
PO447,BI447,2019-1-18,item447,10447,2019-1-18,SC447,C447
PO448,BI448,2019-1-18,item448,10448,2019-1-18,SC448,C448
PO449,BI449,2019-1-18,item449,10449,2019-1-18,SC449,C449
PO450,BI450,2019-1-18,item450,10450,2019-1-18,SC450,C450
PO451,BI451,2019-1-18,item451,10451,2019-1-18,SC451,C451
PO452,BI452,2019-1-18,item452,10452,2019-1-18,SC452,C452
PO453,BI453,2019-1-18,item453,10453,2019-1-18,SC453,C453
PO454,BI454,2019-1-18,item454,10454,2019-1-18,SC454,C454
PO455,BI455,2019-1-18,item455,10455,2019-1-18,SC455,C455
PO456,BI456,2019-1-18,item456,10456,2019-1-18,SC456,C456
PO457,BI457,2019-1-18,item457,10457,2019-1-18,SC457,C457
PO458,BI458,2019-1-18,item458,10458,2019-1-18,SC458,C458
PO459,BI459,2019-1-18,item459,10459,2019-1-18,SC459,C459
PO460,BI460,2019-1-18,item460,10460,2019-1-18,SC460,C460
PO461,BI461,2019-1-18,item461,10461,2019-1-18,SC461,C461
PO462,BI462,2019-1-18,item462,10462,2019-1-18,SC462,C462
PO463,BI463,2019-1-18,item463,10463,2019-1-18,SC463,C463
PO464,BI464,2019-1-18,item464,10464,2019-1-18,SC464,C464
PO465,BI465,2019-1-18,item465,10465,2019-1-18,SC465,C465
PO466,BI466,2019-1-18,item466,10466,2019-1-18,SC466,C466
PO467,BI467,2019-1-18,item467,10467,2019-1-18,SC467,C467
PO468,BI468,2019-1-18,item468,10468,2019-1-18,SC468,C468
PO469,BI469,2019-1-18,item469,10469,2019-1-18,SC469,C469
PO470,BI470,2019-1-18,item470,10470,2019-1-18,SC470,C470
PO471,BI471,2019-1-18,item471,10471,2019-1-18,SC471,C471
PO472,BI472,2019-1-18,item472,10472,2019-1-18,SC472,C472
PO473,BI473,2019-1-18,item473,10473,2019-1-18,SC473,C473
PO474,BI474,2019-1-18,item474,10474,2019-1-18,SC474,C474
PO475,BI475,2019-1-18,item475,10475,2019-1-18,SC475,C475
PO476,BI476,2019-1-18,item476,10476,2019-1-18,SC476,C476
PO477,BI477,2019-1-18,item477,10477,2019-1-18,SC477,C477
PO478,BI478,2019-1-18,item478,10478,2019-1-18,SC478,C478
PO479,BI479,2019-1-18,item479,10479,2019-1-18,SC479,C479
PO480,BI480,2019-1-18,item480,10480,2019-1-18,SC480,C480
PO481,BI481,2019-1-18,item481,10481,2019-1-18,SC481,C481
PO482,BI482,2019-1-18,item482,10482,2019-1-18,SC482,C482
PO483,BI483,2019-1-18,item483,10483,2019-1-18,SC483,C483
PO484,BI484,2019-1-18,item484,10484,2019-1-18,SC484,C484
PO485,BI485,2019-1-18,item485,10485,2019-1-18,SC485,C485
PO486,BI486,2019-1-18,item486,10486,2019-1-18,SC486,C486
PO487,BI487,2019-1-18,item487,10487,2019-1-18,SC487,C487
PO488,BI488,2019-1-18,item488,10488,2019-1-18,SC488,C488
PO489,BI489,2019-1-18,item489,10489,2019-1-18,SC489,C489
PO490,BI490,2019-1-18,item490,10490,2019-1-18,SC490,C490
PO491,BI491,2019-1-18,item491,10491,2019-1-18,SC491,C491
PO492,BI492,2019-1-18,item492,10492,2019-1-18,SC492,C492
PO493,BI493,2019-1-18,item493,10493,2019-1-18,SC493,C493
PO494,BI494,2019-1-18,item494,10494,2019-1-18,SC494,C494
PO495,BI495,2019-1-18,item495,10495,2019-1-18,SC495,C495
PO496,BI496,2019-1-18,item496,10496,2019-1-18,SC496,C496
PO497,BI497,2019-1-18,item497,10497,2019-1-18,SC497,C497
PO498,BI498,2019-1-18,item498,10498,2019-1-18,SC498,C498
PO499,BI499,2019-1-18,item499,10499,2019-1-18,SC499,C499
PO500,BI500,2019-1-18,item500,10500,2019-1-18,SC500,C500
PO501,BI501,2019-1-18,item501,10501,2019-1-18,SC501,C501
PO502,BI502,2019-1-18,item502,10502,2019-1-18,SC502,C502
PO503,BI503,2019-1-18,item503,10503,2019-1-18,SC503,C503
PO504,BI504,2019-1-18,item504,10504,2019-1-18,SC504,C504
PO505,BI505,2019-1-18,item505,10505,2019-1-18,SC505,C505
PO506,BI506,2019-1-18,item506,10506,2019-1-18,SC506,C506
PO507,BI507,2019-1-18,item507,10507,2019-1-18,SC507,C507
PO508,BI508,2019-1-18,item508,10508,2019-1-18,SC508,C508
PO509,BI509,2019-1-18,item509,10509,2019-1-18,SC509,C509
PO510,BI510,2019-1-18,item510,10510,2019-1-18,SC510,C510
PO511,BI511,2019-1-18,item511,10511,2019-1-18,SC511,C511
PO512,BI512,2019-1-18,item512,10512,2019-1-18,SC512,C512
PO513,BI513,2019-1-18,item513,10513,2019-1-18,SC513,C513
PO514,BI514,2019-1-18,item514,10514,2019-1-18,SC514,C514
PO515,BI515,2019-1-18,item515,10515,2019-1-18,SC515,C515
PO516,BI516,2019-1-18,item516,10516,2019-1-18,SC516,C516
PO517,BI517,2019-1-18,item517,10517,2019-1-18,SC517,C517
PO518,BI518,2019-1-18,item518,10518,2019-1-18,SC518,C518
PO519,BI519,2019-1-18,item519,10519,2019-1-18,SC519,C519
PO520,BI520,2019-1-18,item520,10520,2019-1-18,SC520,C520
PO521,BI521,2019-1-18,item521,10521,2019-1-18,SC521,C521
PO522,BI522,2019-1-18,item522,10522,2019-1-18,SC522,C522
PO523,BI523,2019-1-18,item523,10523,2019-1-18,SC523,C523
PO524,BI524,2019-1-18,item524,10524,2019-1-18,SC524,C524
PO525,BI525,2019-1-18,item525,10525,2019-1-18,SC525,C525
PO526,BI526,2019-1-18,item526,10526,2019-1-18,SC526,C526
PO527,BI527,2019-1-18,item527,10527,2019-1-18,SC527,C527
PO528,BI528,2019-1-18,item528,10528,2019-1-18,SC528,C528
PO529,BI529,2019-1-18,item529,10529,2019-1-18,SC529,C529
PO530,BI530,2019-1-18,item530,10530,2019-1-18,SC530,C530
PO531,BI531,2019-1-18,item531,10531,2019-1-18,SC531,C531
PO532,BI532,2019-1-18,item532,10532,2019-1-18,SC532,C532
PO533,BI533,2019-1-18,item533,10533,2019-1-18,SC533,C533
PO534,BI534,2019-1-18,item534,10534,2019-1-18,SC534,C534
PO535,BI535,2019-1-18,item535,10535,2019-1-18,SC535,C535
PO536,BI536,2019-1-18,item536,10536,2019-1-18,SC536,C536
PO537,BI537,2019-1-18,item537,10537,2019-1-18,SC537,C537
PO538,BI538,2019-1-18,item538,10538,2019-1-18,SC538,C538
PO539,BI539,2019-1-18,item539,10539,2019-1-18,SC539,C539
PO540,BI540,2019-1-18,item540,10540,2019-1-18,SC540,C540
PO541,BI541,2019-1-18,item541,10541,2019-1-18,SC541,C541
PO542,BI542,2019-1-18,item542,10542,2019-1-18,SC542,C542
PO543,BI543,2019-1-18,item543,10543,2019-1-18,SC543,C543
PO544,BI544,2019-1-18,item544,10544,2019-1-18,SC544,C544
PO545,BI545,2019-1-18,item545,10545,2019-1-18,SC545,C545
PO546,BI546,2019-1-18,item546,10546,2019-1-18,SC546,C546
PO547,BI547,2019-1-18,item547,10547,2019-1-18,SC547,C547
PO548,BI548,2019-1-18,item548,10548,2019-1-18,SC548,C548
PO549,BI549,2019-1-18,item549,10549,2019-1-18,SC549,C549
PO550,BI550,2019-1-18,item550,10550,2019-1-18,SC550,C550
PO551,BI551,2019-1-18,item551,10551,2019-1-18,SC551,C551
PO552,BI552,2019-1-18,item552,10552,2019-1-18,SC552,C552
PO553,BI553,2019-1-18,item553,10553,2019-1-18,SC553,C553
PO554,BI554,2019-1-18,item554,10554,2019-1-18,SC554,C554
PO555,BI555,2019-1-18,item555,10555,2019-1-18,SC555,C555
PO556,BI556,2019-1-18,item556,10556,2019-1-18,SC556,C556
PO557,BI557,2019-1-18,item557,10557,2019-1-18,SC557,C557
PO558,BI558,2019-1-18,item558,10558,2019-1-18,SC558,C558
PO559,BI559,2019-1-18,item559,10559,2019-1-18,SC559,C559
PO560,BI560,2019-1-18,item560,10560,2019-1-18,SC560,C560
PO561,BI561,2019-1-18,item561,10561,2019-1-18,SC561,C561
PO562,BI562,2019-1-18,item562,10562,2019-1-18,SC562,C562
PO563,BI563,2019-1-18,item563,10563,2019-1-18,SC563,C563
PO564,BI564,2019-1-18,item564,10564,2019-1-18,SC564,C564
PO565,BI565,2019-1-18,item565,10565,2019-1-18,SC565,C565
PO566,BI566,2019-1-18,item566,10566,2019-1-18,SC566,C566
PO567,BI567,2019-1-18,item567,10567,2019-1-18,SC567,C567
PO568,BI568,2019-1-18,item568,10568,2019-1-18,SC568,C568
PO569,BI569,2019-1-18,item569,10569,2019-1-18,SC569,C569
PO570,BI570,2019-1-18,item570,10570,2019-1-18,SC570,C570
PO571,BI571,2019-1-18,item571,10571,2019-1-18,SC571,C571
PO572,BI572,2019-1-18,item572,10572,2019-1-18,SC572,C572
PO573,BI573,2019-1-18,item573,10573,2019-1-18,SC573,C573
PO574,BI574,2019-1-18,item574,10574,2019-1-18,SC574,C574
PO575,BI575,2019-1-18,item575,10575,2019-1-18,SC575,C575
PO576,BI576,2019-1-18,item576,10576,2019-1-18,SC576,C576
PO577,BI577,2019-1-18,item577,10577,2019-1-18,SC577,C577
PO578,BI578,2019-1-18,item578,10578,2019-1-18,SC578,C578
PO579,BI579,2019-1-18,item579,10579,2019-1-18,SC579,C579
PO580,BI580,2019-1-18,item580,10580,2019-1-18,SC580,C580
PO581,BI581,2019-1-18,item581,10581,2019-1-18,SC581,C581
PO582,BI582,2019-1-18,item582,10582,2019-1-18,SC582,C582
PO583,BI583,2019-1-18,item583,10583,2019-1-18,SC583,C583
PO584,BI584,2019-1-18,item584,10584,2019-1-18,SC584,C584
PO585,BI585,2019-1-18,item585,10585,2019-1-18,SC585,C585
PO586,BI586,2019-1-18,item586,10586,2019-1-18,SC586,C586
PO587,BI587,2019-1-18,item587,10587,2019-1-18,SC587,C587
PO588,BI588,2019-1-18,item588,10588,2019-1-18,SC588,C588
PO589,BI589,2019-1-18,item589,10589,2019-1-18,SC589,C589
PO590,BI590,2019-1-18,item590,10590,2019-1-18,SC590,C590
PO591,BI591,2019-1-18,item591,10591,2019-1-18,SC591,C591
PO592,BI592,2019-1-18,item592,10592,2019-1-18,SC592,C592
PO593,BI593,2019-1-18,item593,10593,2019-1-18,SC593,C593
PO594,BI594,2019-1-18,item594,10594,2019-1-18,SC594,C594
PO595,BI595,2019-1-18,item595,10595,2019-1-18,SC595,C595
PO596,BI596,2019-1-18,item596,10596,2019-1-18,SC596,C596
PO597,BI597,2019-1-18,item597,10597,2019-1-18,SC597,C597
PO598,BI598,2019-1-18,item598,10598,2019-1-18,SC598,C598
PO599,BI599,2019-1-18,item599,10599,2019-1-18,SC599,C599
PO600,BI600,2019-1-18,item600,10600,2019-1-18,SC600,C600
PO601,BI601,2019-1-18,item601,10601,2019-1-18,SC601,C601
PO602,BI602,2019-1-18,item602,10602,2019-1-18,SC602,C602
PO603,BI603,2019-1-18,item603,10603,2019-1-18,SC603,C603
PO604,BI604,2019-1-18,item604,10604,2019-1-18,SC604,C604
PO605,BI605,2019-1-18,item605,10605,2019-1-18,SC605,C605
PO606,BI606,2019-1-18,item606,10606,2019-1-18,SC606,C606
PO607,BI607,2019-1-18,item607,10607,2019-1-18,SC607,C607
PO608,BI608,2019-1-18,item608,10608,2019-1-18,SC608,C608
PO609,BI609,2019-1-18,item609,10609,2019-1-18,SC609,C609
PO610,BI610,2019-1-18,item610,10610,2019-1-18,SC610,C610
PO611,BI611,2019-1-18,item611,10611,2019-1-18,SC611,C611
PO612,BI612,2019-1-18,item612,10612,2019-1-18,SC612,C612
PO613,BI613,2019-1-18,item613,10613,2019-1-18,SC613,C613
PO614,BI614,2019-1-18,item614,10614,2019-1-18,SC614,C614
PO615,BI615,2019-1-18,item615,10615,2019-1-18,SC615,C615
PO616,BI616,2019-1-18,item616,10616,2019-1-18,SC616,C616
PO617,BI617,2019-1-18,item617,10617,2019-1-18,SC617,C617
PO618,BI618,2019-1-18,item618,10618,2019-1-18,SC618,C618
PO619,BI619,2019-1-18,item619,10619,2019-1-18,SC619,C619
PO620,BI620,2019-1-18,item620,10620,2019-1-18,SC620,C620
PO621,BI621,2019-1-18,item621,10621,2019-1-18,SC621,C621
PO622,BI622,2019-1-18,item622,10622,2019-1-18,SC622,C622
PO623,BI623,2019-1-18,item623,10623,2019-1-18,SC623,C623
PO624,BI624,2019-1-18,item624,10624,2019-1-18,SC624,C624
PO625,BI625,2019-1-18,item625,10625,2019-1-18,SC625,C625
PO626,BI626,2019-1-18,item626,10626,2019-1-18,SC626,C626
PO627,BI627,2019-1-18,item627,10627,2019-1-18,SC627,C627
PO628,BI628,2019-1-18,item628,10628,2019-1-18,SC628,C628
PO629,BI629,2019-1-18,item629,10629,2019-1-18,SC629,C629
PO630,BI630,2019-1-18,item630,10630,2019-1-18,SC630,C630
PO631,BI631,2019-1-18,item631,10631,2019-1-18,SC631,C631
PO632,BI632,2019-1-18,item632,10632,2019-1-18,SC632,C632
PO633,BI633,2019-1-18,item633,10633,2019-1-18,SC633,C633
PO634,BI634,2019-1-18,item634,10634,2019-1-18,SC634,C634
PO635,BI635,2019-1-18,item635,10635,2019-1-18,SC635,C635
PO636,BI636,2019-1-18,item636,10636,2019-1-18,SC636,C636
PO637,BI637,2019-1-18,item637,10637,2019-1-18,SC637,C637
PO638,BI638,2019-1-18,item638,10638,2019-1-18,SC638,C638
PO639,BI639,2019-1-18,item639,10639,2019-1-18,SC639,C639
PO640,BI640,2019-1-18,item640,10640,2019-1-18,SC640,C640
PO641,BI641,2019-1-18,item641,10641,2019-1-18,SC641,C641
PO642,BI642,2019-1-18,item642,10642,2019-1-18,SC642,C642
PO643,BI643,2019-1-18,item643,10643,2019-1-18,SC643,C643
PO644,BI644,2019-1-18,item644,10644,2019-1-18,SC644,C644
PO645,BI645,2019-1-18,item645,10645,2019-1-18,SC645,C645
PO646,BI646,2019-1-18,item646,10646,2019-1-18,SC646,C646
PO647,BI647,2019-1-18,item647,10647,2019-1-18,SC647,C647
PO648,BI648,2019-1-18,item648,10648,2019-1-18,SC648,C648
PO649,BI649,2019-1-18,item649,10649,2019-1-18,SC649,C649
PO650,BI650,2019-1-18,item650,10650,2019-1-18,SC650,C650
PO651,BI651,2019-1-18,item651,10651,2019-1-18,SC651,C651
PO652,BI652,2019-1-18,item652,10652,2019-1-18,SC652,C652
PO653,BI653,2019-1-18,item653,10653,2019-1-18,SC653,C653
PO654,BI654,2019-1-18,item654,10654,2019-1-18,SC654,C654
PO655,BI655,2019-1-18,item655,10655,2019-1-18,SC655,C655
PO656,BI656,2019-1-18,item656,10656,2019-1-18,SC656,C656
PO657,BI657,2019-1-18,item657,10657,2019-1-18,SC657,C657
PO658,BI658,2019-1-18,item658,10658,2019-1-18,SC658,C658
PO659,BI659,2019-1-18,item659,10659,2019-1-18,SC659,C659
PO660,BI660,2019-1-18,item660,10660,2019-1-18,SC660,C660
PO661,BI661,2019-1-18,item661,10661,2019-1-18,SC661,C661
PO662,BI662,2019-1-18,item662,10662,2019-1-18,SC662,C662
PO663,BI663,2019-1-18,item663,10663,2019-1-18,SC663,C663
PO664,BI664,2019-1-18,item664,10664,2019-1-18,SC664,C664
PO665,BI665,2019-1-18,item665,10665,2019-1-18,SC665,C665
PO666,BI666,2019-1-18,item666,10666,2019-1-18,SC666,C666
PO667,BI667,2019-1-18,item667,10667,2019-1-18,SC667,C667
PO668,BI668,2019-1-18,item668,10668,2019-1-18,SC668,C668
PO669,BI669,2019-1-18,item669,10669,2019-1-18,SC669,C669
PO670,BI670,2019-1-18,item670,10670,2019-1-18,SC670,C670
PO671,BI671,2019-1-18,item671,10671,2019-1-18,SC671,C671
PO672,BI672,2019-1-18,item672,10672,2019-1-18,SC672,C672
PO673,BI673,2019-1-18,item673,10673,2019-1-18,SC673,C673
PO674,BI674,2019-1-18,item674,10674,2019-1-18,SC674,C674
PO675,BI675,2019-1-18,item675,10675,2019-1-18,SC675,C675
PO676,BI676,2019-1-18,item676,10676,2019-1-18,SC676,C676
PO677,BI677,2019-1-18,item677,10677,2019-1-18,SC677,C677
PO678,BI678,2019-1-18,item678,10678,2019-1-18,SC678,C678
PO679,BI679,2019-1-18,item679,10679,2019-1-18,SC679,C679
PO680,BI680,2019-1-18,item680,10680,2019-1-18,SC680,C680
PO681,BI681,2019-1-18,item681,10681,2019-1-18,SC681,C681
PO682,BI682,2019-1-18,item682,10682,2019-1-18,SC682,C682
PO683,BI683,2019-1-18,item683,10683,2019-1-18,SC683,C683
PO684,BI684,2019-1-18,item684,10684,2019-1-18,SC684,C684
PO685,BI685,2019-1-18,item685,10685,2019-1-18,SC685,C685
PO686,BI686,2019-1-18,item686,10686,2019-1-18,SC686,C686
PO687,BI687,2019-1-18,item687,10687,2019-1-18,SC687,C687
PO688,BI688,2019-1-18,item688,10688,2019-1-18,SC688,C688
PO689,BI689,2019-1-18,item689,10689,2019-1-18,SC689,C689
PO690,BI690,2019-1-18,item690,10690,2019-1-18,SC690,C690
PO691,BI691,2019-1-18,item691,10691,2019-1-18,SC691,C691
PO692,BI692,2019-1-18,item692,10692,2019-1-18,SC692,C692
PO693,BI693,2019-1-18,item693,10693,2019-1-18,SC693,C693
PO694,BI694,2019-1-18,item694,10694,2019-1-18,SC694,C694
PO695,BI695,2019-1-18,item695,10695,2019-1-18,SC695,C695
PO696,BI696,2019-1-18,item696,10696,2019-1-18,SC696,C696
PO697,BI697,2019-1-18,item697,10697,2019-1-18,SC697,C697
PO698,BI698,2019-1-18,item698,10698,2019-1-18,SC698,C698
PO699,BI699,2019-1-18,item699,10699,2019-1-18,SC699,C699
PO700,BI700,2019-1-18,item700,10700,2019-1-18,SC700,C700
PO701,BI701,2019-1-18,item701,10701,2019-1-18,SC701,C701
PO702,BI702,2019-1-18,item702,10702,2019-1-18,SC702,C702
PO703,BI703,2019-1-18,item703,10703,2019-1-18,SC703,C703
PO704,BI704,2019-1-18,item704,10704,2019-1-18,SC704,C704
PO705,BI705,2019-1-18,item705,10705,2019-1-18,SC705,C705
PO706,BI706,2019-1-18,item706,10706,2019-1-18,SC706,C706
PO707,BI707,2019-1-18,item707,10707,2019-1-18,SC707,C707
PO708,BI708,2019-1-18,item708,10708,2019-1-18,SC708,C708
PO709,BI709,2019-1-18,item709,10709,2019-1-18,SC709,C709
PO710,BI710,2019-1-18,item710,10710,2019-1-18,SC710,C710
PO711,BI711,2019-1-18,item711,10711,2019-1-18,SC711,C711
PO712,BI712,2019-1-18,item712,10712,2019-1-18,SC712,C712
PO713,BI713,2019-1-18,item713,10713,2019-1-18,SC713,C713
PO714,BI714,2019-1-18,item714,10714,2019-1-18,SC714,C714
PO715,BI715,2019-1-18,item715,10715,2019-1-18,SC715,C715
PO716,BI716,2019-1-18,item716,10716,2019-1-18,SC716,C716
PO717,BI717,2019-1-18,item717,10717,2019-1-18,SC717,C717
PO718,BI718,2019-1-18,item718,10718,2019-1-18,SC718,C718
PO719,BI719,2019-1-18,item719,10719,2019-1-18,SC719,C719
PO720,BI720,2019-1-18,item720,10720,2019-1-18,SC720,C720
PO721,BI721,2019-1-18,item721,10721,2019-1-18,SC721,C721
PO722,BI722,2019-1-18,item722,10722,2019-1-18,SC722,C722
PO723,BI723,2019-1-18,item723,10723,2019-1-18,SC723,C723
PO724,BI724,2019-1-18,item724,10724,2019-1-18,SC724,C724
PO725,BI725,2019-1-18,item725,10725,2019-1-18,SC725,C725
PO726,BI726,2019-1-18,item726,10726,2019-1-18,SC726,C726
PO727,BI727,2019-1-18,item727,10727,2019-1-18,SC727,C727
PO728,BI728,2019-1-18,item728,10728,2019-1-18,SC728,C728
PO729,BI729,2019-1-18,item729,10729,2019-1-18,SC729,C729
PO730,BI730,2019-1-18,item730,10730,2019-1-18,SC730,C730
PO731,BI731,2019-1-18,item731,10731,2019-1-18,SC731,C731
PO732,BI732,2019-1-18,item732,10732,2019-1-18,SC732,C732
PO733,BI733,2019-1-18,item733,10733,2019-1-18,SC733,C733
PO734,BI734,2019-1-18,item734,10734,2019-1-18,SC734,C734
PO735,BI735,2019-1-18,item735,10735,2019-1-18,SC735,C735
PO736,BI736,2019-1-18,item736,10736,2019-1-18,SC736,C736
PO737,BI737,2019-1-18,item737,10737,2019-1-18,SC737,C737
PO738,BI738,2019-1-18,item738,10738,2019-1-18,SC738,C738
PO739,BI739,2019-1-18,item739,10739,2019-1-18,SC739,C739
PO740,BI740,2019-1-18,item740,10740,2019-1-18,SC740,C740
PO741,BI741,2019-1-18,item741,10741,2019-1-18,SC741,C741
PO742,BI742,2019-1-18,item742,10742,2019-1-18,SC742,C742
PO743,BI743,2019-1-18,item743,10743,2019-1-18,SC743,C743
PO744,BI744,2019-1-18,item744,10744,2019-1-18,SC744,C744
PO745,BI745,2019-1-18,item745,10745,2019-1-18,SC745,C745
PO746,BI746,2019-1-18,item746,10746,2019-1-18,SC746,C746
PO747,BI747,2019-1-18,item747,10747,2019-1-18,SC747,C747
PO748,BI748,2019-1-18,item748,10748,2019-1-18,SC748,C748
PO749,BI749,2019-1-18,item749,10749,2019-1-18,SC749,C749
PO750,BI750,2019-1-18,item750,10750,2019-1-18,SC750,C750
PO751,BI751,2019-1-18,item751,10751,2019-1-18,SC751,C751
PO752,BI752,2019-1-18,item752,10752,2019-1-18,SC752,C752
PO753,BI753,2019-1-18,item753,10753,2019-1-18,SC753,C753
PO754,BI754,2019-1-18,item754,10754,2019-1-18,SC754,C754
PO755,BI755,2019-1-18,item755,10755,2019-1-18,SC755,C755
PO756,BI756,2019-1-18,item756,10756,2019-1-18,SC756,C756
PO757,BI757,2019-1-18,item757,10757,2019-1-18,SC757,C757
PO758,BI758,2019-1-18,item758,10758,2019-1-18,SC758,C758
PO759,BI759,2019-1-18,item759,10759,2019-1-18,SC759,C759
PO760,BI760,2019-1-18,item760,10760,2019-1-18,SC760,C760
PO761,BI761,2019-1-18,item761,10761,2019-1-18,SC761,C761
PO762,BI762,2019-1-18,item762,10762,2019-1-18,SC762,C762
PO763,BI763,2019-1-18,item763,10763,2019-1-18,SC763,C763
PO764,BI764,2019-1-18,item764,10764,2019-1-18,SC764,C764
PO765,BI765,2019-1-18,item765,10765,2019-1-18,SC765,C765
PO766,BI766,2019-1-18,item766,10766,2019-1-18,SC766,C766
PO767,BI767,2019-1-18,item767,10767,2019-1-18,SC767,C767
PO768,BI768,2019-1-18,item768,10768,2019-1-18,SC768,C768
PO769,BI769,2019-1-18,item769,10769,2019-1-18,SC769,C769
PO770,BI770,2019-1-18,item770,10770,2019-1-18,SC770,C770
PO771,BI771,2019-1-18,item771,10771,2019-1-18,SC771,C771
PO772,BI772,2019-1-18,item772,10772,2019-1-18,SC772,C772
PO773,BI773,2019-1-18,item773,10773,2019-1-18,SC773,C773
PO774,BI774,2019-1-18,item774,10774,2019-1-18,SC774,C774
PO775,BI775,2019-1-18,item775,10775,2019-1-18,SC775,C775
PO776,BI776,2019-1-18,item776,10776,2019-1-18,SC776,C776
PO777,BI777,2019-1-18,item777,10777,2019-1-18,SC777,C777
PO778,BI778,2019-1-18,item778,10778,2019-1-18,SC778,C778
PO779,BI779,2019-1-18,item779,10779,2019-1-18,SC779,C779
PO780,BI780,2019-1-18,item780,10780,2019-1-18,SC780,C780
PO781,BI781,2019-1-18,item781,10781,2019-1-18,SC781,C781
PO782,BI782,2019-1-18,item782,10782,2019-1-18,SC782,C782
PO783,BI783,2019-1-18,item783,10783,2019-1-18,SC783,C783
PO784,BI784,2019-1-18,item784,10784,2019-1-18,SC784,C784
PO785,BI785,2019-1-18,item785,10785,2019-1-18,SC785,C785
PO786,BI786,2019-1-18,item786,10786,2019-1-18,SC786,C786
PO787,BI787,2019-1-18,item787,10787,2019-1-18,SC787,C787
PO788,BI788,2019-1-18,item788,10788,2019-1-18,SC788,C788
PO789,BI789,2019-1-18,item789,10789,2019-1-18,SC789,C789
PO790,BI790,2019-1-18,item790,10790,2019-1-18,SC790,C790
PO791,BI791,2019-1-18,item791,10791,2019-1-18,SC791,C791
PO792,BI792,2019-1-18,item792,10792,2019-1-18,SC792,C792
PO793,BI793,2019-1-18,item793,10793,2019-1-18,SC793,C793
PO794,BI794,2019-1-18,item794,10794,2019-1-18,SC794,C794
PO795,BI795,2019-1-18,item795,10795,2019-1-18,SC795,C795
PO796,BI796,2019-1-18,item796,10796,2019-1-18,SC796,C796
PO797,BI797,2019-1-18,item797,10797,2019-1-18,SC797,C797
PO798,BI798,2019-1-18,item798,10798,2019-1-18,SC798,C798
PO799,BI799,2019-1-18,item799,10799,2019-1-18,SC799,C799
PO800,BI800,2019-1-18,item800,10800,2019-1-18,SC800,C800
PO801,BI801,2019-1-18,item801,10801,2019-1-18,SC801,C801
PO802,BI802,2019-1-18,item802,10802,2019-1-18,SC802,C802
PO803,BI803,2019-1-18,item803,10803,2019-1-18,SC803,C803
PO804,BI804,2019-1-18,item804,10804,2019-1-18,SC804,C804
PO805,BI805,2019-1-18,item805,10805,2019-1-18,SC805,C805
PO806,BI806,2019-1-18,item806,10806,2019-1-18,SC806,C806
PO807,BI807,2019-1-18,item807,10807,2019-1-18,SC807,C807
PO808,BI808,2019-1-18,item808,10808,2019-1-18,SC808,C808
PO809,BI809,2019-1-18,item809,10809,2019-1-18,SC809,C809
PO810,BI810,2019-1-18,item810,10810,2019-1-18,SC810,C810
PO811,BI811,2019-1-18,item811,10811,2019-1-18,SC811,C811
PO812,BI812,2019-1-18,item812,10812,2019-1-18,SC812,C812
PO813,BI813,2019-1-18,item813,10813,2019-1-18,SC813,C813
PO814,BI814,2019-1-18,item814,10814,2019-1-18,SC814,C814
PO815,BI815,2019-1-18,item815,10815,2019-1-18,SC815,C815
PO816,BI816,2019-1-18,item816,10816,2019-1-18,SC816,C816
PO817,BI817,2019-1-18,item817,10817,2019-1-18,SC817,C817
PO818,BI818,2019-1-18,item818,10818,2019-1-18,SC818,C818
PO819,BI819,2019-1-18,item819,10819,2019-1-18,SC819,C819
PO820,BI820,2019-1-18,item820,10820,2019-1-18,SC820,C820
PO821,BI821,2019-1-18,item821,10821,2019-1-18,SC821,C821
PO822,BI822,2019-1-18,item822,10822,2019-1-18,SC822,C822
PO823,BI823,2019-1-18,item823,10823,2019-1-18,SC823,C823
PO824,BI824,2019-1-18,item824,10824,2019-1-18,SC824,C824
PO825,BI825,2019-1-18,item825,10825,2019-1-18,SC825,C825
PO826,BI826,2019-1-18,item826,10826,2019-1-18,SC826,C826
PO827,BI827,2019-1-18,item827,10827,2019-1-18,SC827,C827
PO828,BI828,2019-1-18,item828,10828,2019-1-18,SC828,C828
PO829,BI829,2019-1-18,item829,10829,2019-1-18,SC829,C829
PO830,BI830,2019-1-18,item830,10830,2019-1-18,SC830,C830
PO831,BI831,2019-1-18,item831,10831,2019-1-18,SC831,C831
PO832,BI832,2019-1-18,item832,10832,2019-1-18,SC832,C832
PO833,BI833,2019-1-18,item833,10833,2019-1-18,SC833,C833
PO834,BI834,2019-1-18,item834,10834,2019-1-18,SC834,C834
PO835,BI835,2019-1-18,item835,10835,2019-1-18,SC835,C835
PO836,BI836,2019-1-18,item836,10836,2019-1-18,SC836,C836
PO837,BI837,2019-1-18,item837,10837,2019-1-18,SC837,C837
PO838,BI838,2019-1-18,item838,10838,2019-1-18,SC838,C838
PO839,BI839,2019-1-18,item839,10839,2019-1-18,SC839,C839
PO840,BI840,2019-1-18,item840,10840,2019-1-18,SC840,C840
PO841,BI841,2019-1-18,item841,10841,2019-1-18,SC841,C841
PO842,BI842,2019-1-18,item842,10842,2019-1-18,SC842,C842
PO843,BI843,2019-1-18,item843,10843,2019-1-18,SC843,C843
PO844,BI844,2019-1-18,item844,10844,2019-1-18,SC844,C844
PO845,BI845,2019-1-18,item845,10845,2019-1-18,SC845,C845
PO846,BI846,2019-1-18,item846,10846,2019-1-18,SC846,C846
PO847,BI847,2019-1-18,item847,10847,2019-1-18,SC847,C847
PO848,BI848,2019-1-18,item848,10848,2019-1-18,SC848,C848
PO849,BI849,2019-1-18,item849,10849,2019-1-18,SC849,C849
PO850,BI850,2019-1-18,item850,10850,2019-1-18,SC850,C850
PO851,BI851,2019-1-18,item851,10851,2019-1-18,SC851,C851
PO852,BI852,2019-1-18,item852,10852,2019-1-18,SC852,C852
PO853,BI853,2019-1-18,item853,10853,2019-1-18,SC853,C853
PO854,BI854,2019-1-18,item854,10854,2019-1-18,SC854,C854
PO855,BI855,2019-1-18,item855,10855,2019-1-18,SC855,C855
PO856,BI856,2019-1-18,item856,10856,2019-1-18,SC856,C856
PO857,BI857,2019-1-18,item857,10857,2019-1-18,SC857,C857
PO858,BI858,2019-1-18,item858,10858,2019-1-18,SC858,C858
PO859,BI859,2019-1-18,item859,10859,2019-1-18,SC859,C859
PO860,BI860,2019-1-18,item860,10860,2019-1-18,SC860,C860
PO861,BI861,2019-1-18,item861,10861,2019-1-18,SC861,C861
PO862,BI862,2019-1-18,item862,10862,2019-1-18,SC862,C862
PO863,BI863,2019-1-18,item863,10863,2019-1-18,SC863,C863
PO864,BI864,2019-1-18,item864,10864,2019-1-18,SC864,C864
PO865,BI865,2019-1-18,item865,10865,2019-1-18,SC865,C865
PO866,BI866,2019-1-18,item866,10866,2019-1-18,SC866,C866
PO867,BI867,2019-1-18,item867,10867,2019-1-18,SC867,C867
PO868,BI868,2019-1-18,item868,10868,2019-1-18,SC868,C868
PO869,BI869,2019-1-18,item869,10869,2019-1-18,SC869,C869
PO870,BI870,2019-1-18,item870,10870,2019-1-18,SC870,C870
PO871,BI871,2019-1-18,item871,10871,2019-1-18,SC871,C871
PO872,BI872,2019-1-18,item872,10872,2019-1-18,SC872,C872
PO873,BI873,2019-1-18,item873,10873,2019-1-18,SC873,C873
PO874,BI874,2019-1-18,item874,10874,2019-1-18,SC874,C874
PO875,BI875,2019-1-18,item875,10875,2019-1-18,SC875,C875
PO876,BI876,2019-1-18,item876,10876,2019-1-18,SC876,C876
PO877,BI877,2019-1-18,item877,10877,2019-1-18,SC877,C877
PO878,BI878,2019-1-18,item878,10878,2019-1-18,SC878,C878
PO879,BI879,2019-1-18,item879,10879,2019-1-18,SC879,C879
PO880,BI880,2019-1-18,item880,10880,2019-1-18,SC880,C880
PO881,BI881,2019-1-18,item881,10881,2019-1-18,SC881,C881
PO882,BI882,2019-1-18,item882,10882,2019-1-18,SC882,C882
PO883,BI883,2019-1-18,item883,10883,2019-1-18,SC883,C883
PO884,BI884,2019-1-18,item884,10884,2019-1-18,SC884,C884
PO885,BI885,2019-1-18,item885,10885,2019-1-18,SC885,C885
PO886,BI886,2019-1-18,item886,10886,2019-1-18,SC886,C886
PO887,BI887,2019-1-18,item887,10887,2019-1-18,SC887,C887
PO888,BI888,2019-1-18,item888,10888,2019-1-18,SC888,C888
PO889,BI889,2019-1-18,item889,10889,2019-1-18,SC889,C889
PO890,BI890,2019-1-18,item890,10890,2019-1-18,SC890,C890
PO891,BI891,2019-1-18,item891,10891,2019-1-18,SC891,C891
PO892,BI892,2019-1-18,item892,10892,2019-1-18,SC892,C892
PO893,BI893,2019-1-18,item893,10893,2019-1-18,SC893,C893
PO894,BI894,2019-1-18,item894,10894,2019-1-18,SC894,C894
PO895,BI895,2019-1-18,item895,10895,2019-1-18,SC895,C895
PO896,BI896,2019-1-18,item896,10896,2019-1-18,SC896,C896
PO897,BI897,2019-1-18,item897,10897,2019-1-18,SC897,C897
PO898,BI898,2019-1-18,item898,10898,2019-1-18,SC898,C898
PO899,BI899,2019-1-18,item899,10899,2019-1-18,SC899,C899
PO900,BI900,2019-1-18,item900,10900,2019-1-18,SC900,C900
PO901,BI901,2019-1-18,item901,10901,2019-1-18,SC901,C901
PO902,BI902,2019-1-18,item902,10902,2019-1-18,SC902,C902
PO903,BI903,2019-1-18,item903,10903,2019-1-18,SC903,C903
PO904,BI904,2019-1-18,item904,10904,2019-1-18,SC904,C904
PO905,BI905,2019-1-18,item905,10905,2019-1-18,SC905,C905
PO906,BI906,2019-1-18,item906,10906,2019-1-18,SC906,C906
PO907,BI907,2019-1-18,item907,10907,2019-1-18,SC907,C907
PO908,BI908,2019-1-18,item908,10908,2019-1-18,SC908,C908
PO909,BI909,2019-1-18,item909,10909,2019-1-18,SC909,C909
PO910,BI910,2019-1-18,item910,10910,2019-1-18,SC910,C910
PO911,BI911,2019-1-18,item911,10911,2019-1-18,SC911,C911
PO912,BI912,2019-1-18,item912,10912,2019-1-18,SC912,C912
PO913,BI913,2019-1-18,item913,10913,2019-1-18,SC913,C913
PO914,BI914,2019-1-18,item914,10914,2019-1-18,SC914,C914
PO915,BI915,2019-1-18,item915,10915,2019-1-18,SC915,C915
PO916,BI916,2019-1-18,item916,10916,2019-1-18,SC916,C916
PO917,BI917,2019-1-18,item917,10917,2019-1-18,SC917,C917
PO918,BI918,2019-1-18,item918,10918,2019-1-18,SC918,C918
PO919,BI919,2019-1-18,item919,10919,2019-1-18,SC919,C919
PO920,BI920,2019-1-18,item920,10920,2019-1-18,SC920,C920
PO921,BI921,2019-1-18,item921,10921,2019-1-18,SC921,C921
PO922,BI922,2019-1-18,item922,10922,2019-1-18,SC922,C922
PO923,BI923,2019-1-18,item923,10923,2019-1-18,SC923,C923
PO924,BI924,2019-1-18,item924,10924,2019-1-18,SC924,C924
PO925,BI925,2019-1-18,item925,10925,2019-1-18,SC925,C925
PO926,BI926,2019-1-18,item926,10926,2019-1-18,SC926,C926
PO927,BI927,2019-1-18,item927,10927,2019-1-18,SC927,C927
PO928,BI928,2019-1-18,item928,10928,2019-1-18,SC928,C928
PO929,BI929,2019-1-18,item929,10929,2019-1-18,SC929,C929
PO930,BI930,2019-1-18,item930,10930,2019-1-18,SC930,C930
PO931,BI931,2019-1-18,item931,10931,2019-1-18,SC931,C931
PO932,BI932,2019-1-18,item932,10932,2019-1-18,SC932,C932
PO933,BI933,2019-1-18,item933,10933,2019-1-18,SC933,C933
PO934,BI934,2019-1-18,item934,10934,2019-1-18,SC934,C934
PO935,BI935,2019-1-18,item935,10935,2019-1-18,SC935,C935
PO936,BI936,2019-1-18,item936,10936,2019-1-18,SC936,C936
PO937,BI937,2019-1-18,item937,10937,2019-1-18,SC937,C937
PO938,BI938,2019-1-18,item938,10938,2019-1-18,SC938,C938
PO939,BI939,2019-1-18,item939,10939,2019-1-18,SC939,C939
PO940,BI940,2019-1-18,item940,10940,2019-1-18,SC940,C940
PO941,BI941,2019-1-18,item941,10941,2019-1-18,SC941,C941
PO942,BI942,2019-1-18,item942,10942,2019-1-18,SC942,C942
PO943,BI943,2019-1-18,item943,10943,2019-1-18,SC943,C943
PO944,BI944,2019-1-18,item944,10944,2019-1-18,SC944,C944
PO945,BI945,2019-1-18,item945,10945,2019-1-18,SC945,C945
PO946,BI946,2019-1-18,item946,10946,2019-1-18,SC946,C946
PO947,BI947,2019-1-18,item947,10947,2019-1-18,SC947,C947
PO948,BI948,2019-1-18,item948,10948,2019-1-18,SC948,C948
PO949,BI949,2019-1-18,item949,10949,2019-1-18,SC949,C949
PO950,BI950,2019-1-18,item950,10950,2019-1-18,SC950,C950
PO951,BI951,2019-1-18,item951,10951,2019-1-18,SC951,C951
PO952,BI952,2019-1-18,item952,10952,2019-1-18,SC952,C952
PO953,BI953,2019-1-18,item953,10953,2019-1-18,SC953,C953
PO954,BI954,2019-1-18,item954,10954,2019-1-18,SC954,C954
PO955,BI955,2019-1-18,item955,10955,2019-1-18,SC955,C955
PO956,BI956,2019-1-18,item956,10956,2019-1-18,SC956,C956
PO957,BI957,2019-1-18,item957,10957,2019-1-18,SC957,C957
PO958,BI958,2019-1-18,item958,10958,2019-1-18,SC958,C958
PO959,BI959,2019-1-18,item959,10959,2019-1-18,SC959,C959
PO960,BI960,2019-1-18,item960,10960,2019-1-18,SC960,C960
PO961,BI961,2019-1-18,item961,10961,2019-1-18,SC961,C961
PO962,BI962,2019-1-18,item962,10962,2019-1-18,SC962,C962
PO963,BI963,2019-1-18,item963,10963,2019-1-18,SC963,C963
PO964,BI964,2019-1-18,item964,10964,2019-1-18,SC964,C964
PO965,BI965,2019-1-18,item965,10965,2019-1-18,SC965,C965
PO966,BI966,2019-1-18,item966,10966,2019-1-18,SC966,C966
PO967,BI967,2019-1-18,item967,10967,2019-1-18,SC967,C967
PO968,BI968,2019-1-18,item968,10968,2019-1-18,SC968,C968
PO969,BI969,2019-1-18,item969,10969,2019-1-18,SC969,C969
PO970,BI970,2019-1-18,item970,10970,2019-1-18,SC970,C970
PO971,BI971,2019-1-18,item971,10971,2019-1-18,SC971,C971
PO972,BI972,2019-1-18,item972,10972,2019-1-18,SC972,C972
PO973,BI973,2019-1-18,item973,10973,2019-1-18,SC973,C973
PO974,BI974,2019-1-18,item974,10974,2019-1-18,SC974,C974
PO975,BI975,2019-1-18,item975,10975,2019-1-18,SC975,C975
PO976,BI976,2019-1-18,item976,10976,2019-1-18,SC976,C976
PO977,BI977,2019-1-18,item977,10977,2019-1-18,SC977,C977
PO978,BI978,2019-1-18,item978,10978,2019-1-18,SC978,C978
PO979,BI979,2019-1-18,item979,10979,2019-1-18,SC979,C979
PO980,BI980,2019-1-18,item980,10980,2019-1-18,SC980,C980
PO981,BI981,2019-1-18,item981,10981,2019-1-18,SC981,C981
PO982,BI982,2019-1-18,item982,10982,2019-1-18,SC982,C982
PO983,BI983,2019-1-18,item983,10983,2019-1-18,SC983,C983
PO984,BI984,2019-1-18,item984,10984,2019-1-18,SC984,C984
PO985,BI985,2019-1-18,item985,10985,2019-1-18,SC985,C985
PO986,BI986,2019-1-18,item986,10986,2019-1-18,SC986,C986
PO987,BI987,2019-1-18,item987,10987,2019-1-18,SC987,C987
PO988,BI988,2019-1-18,item988,10988,2019-1-18,SC988,C988
PO989,BI989,2019-1-18,item989,10989,2019-1-18,SC989,C989
PO990,BI990,2019-1-18,item990,10990,2019-1-18,SC990,C990
PO991,BI991,2019-1-18,item991,10991,2019-1-18,SC991,C991
PO992,BI992,2019-1-18,item992,10992,2019-1-18,SC992,C992
PO993,BI993,2019-1-18,item993,10993,2019-1-18,SC993,C993
PO994,BI994,2019-1-18,item994,10994,2019-1-18,SC994,C994
PO995,BI995,2019-1-18,item995,10995,2019-1-18,SC995,C995
PO996,BI996,2019-1-18,item996,10996,2019-1-18,SC996,C996
PO997,BI997,2019-1-18,item997,10997,2019-1-18,SC997,C997
PO998,BI998,2019-1-18,item998,10998,2019-1-18,SC998,C998
PO999,BI999,2019-1-18,item999,10999,2019-1-18,SC999,C999
PO1000,BI1000,2019-1-18,item1000,101000,2019-1-18,SC1000,C1000